pair_id,band,gc_km,arm,pref,weights,km,minutes,mean_score,beautiful_km,sc_water,sc_coast,sc_forest_park,sc_hills,sc_farmland,sc_town
10-25:0000,10-25,23.425,fastest,0.0,shipped,31.9658,29.9989,3.7438,7.2178,9.8371,0.0,20.0191,18.6509,0.0,14.2158
10-25:0000,10-25,23.425,scenic,0.5,shipped,27.5134,30.6335,6.0441,11.1548,16.3448,0.0,20.5472,16.3153,0.0,11.8066
10-25:0000,10-25,23.425,fastest,0.0,town_off,31.9658,29.9989,3.7097,6.7253,9.8371,0.0,20.0191,18.6509,0.0,14.2158
10-25:0000,10-25,23.425,scenic,0.5,town_off,27.5134,30.6335,6.1202,10.3943,16.3448,0.0,20.5472,16.3153,0.0,11.8066
10-25:0000,10-25,23.425,sweep,0.0,shipped,31.9658,29.9989,3.7438,7.2178,9.8371,0.0,20.0191,18.6509,0.0,14.2158
10-25:0000,10-25,23.425,sweep,0.25,shipped,27.5134,30.6335,6.0441,11.1548,16.3448,0.0,20.5472,16.3153,0.0,11.8066
10-25:0000,10-25,23.425,sweep,0.5,shipped,27.5134,30.6335,6.0441,11.1548,16.3448,0.0,20.5472,16.3153,0.0,11.8066
10-25:0000,10-25,23.425,sweep,0.75,shipped,27.6319,31.6142,6.197,11.7156,16.0013,0.0,22.254,17.545,0.0,11.925
10-25:0000,10-25,23.425,sweep,1.0,shipped,27.818,31.845,6.2378,11.7156,16.1874,0.0,22.0257,17.2083,0.0,11.925
10-25:0001,10-25,22.294,fastest,0.0,shipped,36.8502,40.3367,5.9354,8.4158,15.044,0.0,32.1398,32.3591,0.0,20.2217
10-25:0001,10-25,22.294,scenic,0.5,shipped,37.1283,42.184,6.2832,11.9773,13.3067,0.0,35.0713,35.7368,2.3671,20.721
10-25:0001,10-25,22.294,fastest,0.0,town_off,36.8502,40.3367,5.906,9.5289,15.044,0.0,32.1398,32.3591,0.0,20.2217
10-25:0001,10-25,22.294,scenic,0.5,town_off,37.1283,42.184,6.312,13.0255,13.3067,0.0,35.0713,35.7368,2.3671,20.721
10-25:0001,10-25,22.294,sweep,0.0,shipped,36.8502,40.3367,5.9354,8.4158,15.044,0.0,32.1398,32.3591,0.0,20.2217
10-25:0001,10-25,22.294,sweep,0.25,shipped,36.8502,40.3367,5.9354,8.4158,15.044,0.0,32.1398,32.3591,0.0,20.2217
10-25:0001,10-25,22.294,sweep,0.5,shipped,37.1283,42.184,6.2832,11.9773,13.3067,0.0,35.0713,35.7368,2.3671,20.721
10-25:0001,10-25,22.294,sweep,0.75,shipped,37.1677,42.4067,6.3018,12.2853,13.346,0.0,35.1106,35.7761,2.3671,20.7603
10-25:0001,10-25,22.294,sweep,1.0,shipped,37.3032,44.4006,6.4092,12.9716,13.4485,0.0,35.2626,35.9089,2.3671,21.5869
10-25:0002,10-25,10.108,fastest,0.0,shipped,15.712,18.0688,4.1154,0.4941,5.7189,0.0,7.1768,6.2438,0.0,6.5803
10-25:0002,10-25,10.108,scenic,0.5,shipped,13.3143,18.5838,5.0997,1.4816,2.8485,0.0,12.1441,7.2481,0.0,2.8183
10-25:0002,10-25,10.108,fastest,0.0,town_off,15.712,18.0688,3.899,1.5853,5.7189,0.0,7.1768,6.2438,0.0,6.5803
10-25:0002,10-25,10.108,scenic,0.5,town_off,13.3143,18.5838,5.2549,1.6646,2.8485,0.0,12.1441,7.2481,0.0,2.8183
10-25:0002,10-25,10.108,sweep,0.0,shipped,15.712,18.0688,4.1154,0.4941,5.7189,0.0,7.1768,6.2438,0.0,6.5803
10-25:0002,10-25,10.108,sweep,0.25,shipped,13.3604,18.5501,5.0943,1.4816,2.8485,0.0,12.1441,7.2942,0.0,2.8645
10-25:0002,10-25,10.108,sweep,0.5,shipped,13.3143,18.5838,5.0997,1.4816,2.8485,0.0,12.1441,7.2481,0.0,2.8183
10-25:0002,10-25,10.108,sweep,0.75,shipped,13.3143,18.5838,5.0997,1.4816,2.8485,0.0,12.1441,7.2481,0.0,2.8183
10-25:0002,10-25,10.108,sweep,1.0,shipped,13.3143,18.5838,5.0997,1.4816,2.8485,0.0,12.1441,7.2481,0.0,2.8183
10-25:0003,10-25,12.588,fastest,0.0,shipped,16.074,21.2244,5.4387,0.9646,4.0775,16.074,4.9476,0.0,0.0,14.9614
10-25:0003,10-25,12.588,scenic,0.5,shipped,16.074,21.2244,5.4387,0.9646,4.0775,16.074,4.9476,0.0,0.0,14.9614
10-25:0003,10-25,12.588,fastest,0.0,town_off,16.074,21.2244,4.8463,0.0,4.0775,16.074,4.9476,0.0,0.0,14.9614
10-25:0003,10-25,12.588,scenic,0.5,town_off,16.074,21.2244,4.8463,0.0,4.0775,16.074,4.9476,0.0,0.0,14.9614
10-25:0003,10-25,12.588,sweep,0.0,shipped,16.074,21.2244,5.4387,0.9646,4.0775,16.074,4.9476,0.0,0.0,14.9614
10-25:0003,10-25,12.588,sweep,0.25,shipped,16.074,21.2244,5.4387,0.9646,4.0775,16.074,4.9476,0.0,0.0,14.9614
10-25:0003,10-25,12.588,sweep,0.5,shipped,16.074,21.2244,5.4387,0.9646,4.0775,16.074,4.9476,0.0,0.0,14.9614
10-25:0003,10-25,12.588,sweep,0.75,shipped,16.0009,21.3872,5.4572,0.9646,4.0775,16.0009,4.8259,0.0,0.0,14.8884
10-25:0003,10-25,12.588,sweep,1.0,shipped,16.0289,25.146,5.8297,1.4049,5.1339,16.0289,5.0758,0.0,0.0,14.6127
10-25:0004,10-25,13.07,fastest,0.0,shipped,26.4629,20.1276,1.8407,0.877,12.6029,5.823,8.9207,0.0,0.0,18.6266
10-25:0004,10-25,13.07,scenic,0.5,shipped,15.3823,20.9122,5.3037,1.4626,9.5753,2.3219,8.3769,0.0,0.6703,10.1518
10-25:0004,10-25,13.07,fastest,0.0,town_off,26.4629,20.1276,1.2867,0.5232,12.6029,5.823,8.9207,0.0,0.0,18.6266
10-25:0004,10-25,13.07,scenic,0.5,town_off,15.4539,21.1841,4.944,1.2114,9.5569,2.3219,8.6688,0.0,0.6703,10.1518
10-25:0004,10-25,13.07,sweep,0.0,shipped,26.4629,20.1276,1.8407,0.877,12.6029,5.823,8.9207,0.0,0.0,18.6266
10-25:0004,10-25,13.07,sweep,0.25,shipped,15.2681,20.3893,4.8997,1.1317,8.9173,0.4855,9.7881,0.0,1.3036,9.4524
10-25:0004,10-25,13.07,sweep,0.5,shipped,15.3823,20.9122,5.3037,1.4626,9.5753,2.3219,8.3769,0.0,0.6703,10.1518
10-25:0004,10-25,13.07,sweep,0.75,shipped,15.5432,21.3215,5.4587,1.8888,10.1639,2.4112,8.6688,0.0,0.6703,10.2411
10-25:0004,10-25,13.07,sweep,1.0,shipped,16.0284,21.769,5.6483,3.2949,10.6491,2.753,9.4017,0.0,0.6703,10.7263
10-25:0005,10-25,22.465,fastest,0.0,shipped,33.2726,25.0421,2.2754,1.4108,9.3022,0.0,27.4199,3.8606,0.0,6.5086
10-25:0005,10-25,22.465,scenic,0.5,shipped,26.3029,33.0055,6.1321,6.4107,14.3592,0.0,25.3235,6.8309,0.0,13.8742
10-25:0005,10-25,22.465,fastest,0.0,town_off,33.2726,25.0421,2.4354,1.4108,9.3022,0.0,27.4199,3.8606,0.0,6.5086
10-25:0005,10-25,22.465,scenic,0.5,town_off,26.3029,33.0055,6.1007,6.5184,14.3592,0.0,25.3235,6.8309,0.0,13.8742
10-25:0005,10-25,22.465,sweep,0.0,shipped,33.2726,25.0421,2.2754,1.4108,9.3022,0.0,27.4199,3.8606,0.0,6.5086
10-25:0005,10-25,22.465,sweep,0.25,shipped,27.4894,29.1556,5.0433,3.814,15.7004,0.0,26.2372,10.4894,0.0,10.7374
10-25:0005,10-25,22.465,sweep,0.5,shipped,26.3029,33.0055,6.1321,6.4107,14.3592,0.0,25.3235,6.8309,0.0,13.8742
10-25:0005,10-25,22.465,sweep,0.75,shipped,26.3029,33.0055,6.1321,6.4107,14.3592,0.0,25.3235,6.8309,0.0,13.8742
10-25:0005,10-25,22.465,sweep,1.0,shipped,26.3029,33.0055,6.1321,6.4107,14.3592,0.0,25.3235,6.8309,0.0,13.8742
10-25:0006,10-25,13.673,fastest,0.0,shipped,24.0164,20.9949,2.9512,1.4926,3.3211,0.0,22.1761,13.1502,0.0,9.7513
10-25:0006,10-25,13.673,scenic,0.5,shipped,17.7966,24.538,5.6928,6.244,7.0269,0.0,14.577,5.0015,2.1809,10.9709
10-25:0006,10-25,13.673,fastest,0.0,town_off,24.0164,20.9949,2.911,1.0108,3.3211,0.0,22.1761,13.1502,0.0,9.7513
10-25:0006,10-25,13.673,scenic,0.5,town_off,17.7966,24.538,5.2639,5.565,7.0269,0.0,14.577,5.0015,2.1809,10.9709
10-25:0006,10-25,13.673,sweep,0.0,shipped,24.0164,20.9949,2.9512,1.4926,3.3211,0.0,22.1761,13.1502,0.0,9.7513
10-25:0006,10-25,13.673,sweep,0.25,shipped,17.2153,23.666,5.144,3.3409,5.331,0.0,13.2291,4.2785,2.1809,11.0741
10-25:0006,10-25,13.673,sweep,0.5,shipped,17.7966,24.538,5.6928,6.244,7.0269,0.0,14.577,5.0015,2.1809,10.9709
10-25:0006,10-25,13.673,sweep,0.75,shipped,17.8016,24.6043,5.7024,6.244,7.0269,0.0,14.577,5.0015,2.1809,10.9759
10-25:0006,10-25,13.673,sweep,1.0,shipped,17.8016,24.6043,5.7024,6.244,7.0269,0.0,14.577,5.0015,2.1809,10.9759
10-25:0007,10-25,15.79,fastest,0.0,shipped,18.3101,20.2591,5.7727,4.5029,10.9014,0.0,15.5753,11.755,0.5339,9.8649
10-25:0007,10-25,15.79,scenic,0.5,shipped,17.7626,20.3334,5.9898,5.6383,12.7058,0.0,15.4468,11.1514,0.5339,9.3174
10-25:0007,10-25,15.79,fastest,0.0,town_off,18.3101,20.2591,5.6278,3.7556,10.9014,0.0,15.5753,11.755,0.5339,9.8649
10-25:0007,10-25,15.79,scenic,0.5,town_off,17.7626,20.3334,5.8412,4.7292,12.7058,0.0,15.4468,11.1514,0.5339,9.3174
10-25:0007,10-25,15.79,sweep,0.0,shipped,18.3101,20.2591,5.7727,4.5029,10.9014,0.0,15.5753,11.755,0.5339,9.8649
10-25:0007,10-25,15.79,sweep,0.25,shipped,17.7626,20.3334,5.9898,5.6383,12.7058,0.0,15.4468,11.1514,0.5339,9.3174
10-25:0007,10-25,15.79,sweep,0.5,shipped,17.7626,20.3334,5.9898,5.6383,12.7058,0.0,15.4468,11.1514,0.5339,9.3174
10-25:0007,10-25,15.79,sweep,0.75,shipped,17.7734,20.3831,6.0018,5.7696,12.7166,0.0,15.4468,11.1622,0.5339,9.3282
10-25:0007,10-25,15.79,sweep,1.0,shipped,17.7734,20.3831,6.0018,5.7696,12.7166,0.0,15.4468,11.1622,0.5339,9.3282
10-25:0008,10-25,18.336,fastest,0.0,shipped,25.6524,25.9908,3.2538,2.028,10.7791,0.0,14.0185,15.6719,0.0,20.1318
10-25:0008,10-25,18.336,scenic,0.5,shipped,23.9258,32.1101,5.4512,6.0694,11.8227,0.0,16.3847,16.8427,1.5358,15.9125
10-25:0008,10-25,18.336,fastest,0.0,town_off,25.6524,25.9908,2.6997,1.1102,10.7791,0.0,14.0185,15.6719,0.0,20.1318
10-25:0008,10-25,18.336,scenic,0.5,town_off,24.973,33.981,5.8631,8.6842,13.5464,0.0,19.3958,17.9346,1.5358,15.0073
10-25:0008,10-25,18.336,sweep,0.0,shipped,25.6524,25.9908,3.2538,2.028,10.7791,0.0,14.0185,15.6719,0.0,20.1318
10-25:0008,10-25,18.336,sweep,0.25,shipped,26.4537,26.0318,3.6713,2.7146,10.7574,0.0,16.8275,18.3783,0.0,18.2313
10-25:0008,10-25,18.336,sweep,0.5,shipped,23.9258,32.1101,5.4512,6.0694,11.8227,0.0,16.3847,16.8427,1.5358,15.9125
10-25:0008,10-25,18.336,sweep,0.75,shipped,24.973,33.981,6.0041,9.2481,13.5464,0.0,19.3958,17.9346,1.5358,15.0073
10-25:0008,10-25,18.336,sweep,1.0,shipped,29.861,42.1756,7.1712,15.8841,20.8932,0.0,26.2286,24.8009,2.2811,20.2694
10-25:0009,10-25,18.948,fastest,0.0,shipped,21.7427,29.8512,4.859,1.6084,7.2124,0.0,13.1015,2.2295,2.3654,8.786
10-25:0009,10-25,18.948,scenic,0.5,shipped,21.6903,30.0508,4.9114,1.9251,7.16,0.0,13.1015,2.2295,2.3654,8.7336
10-25:0009,10-25,18.948,fastest,0.0,town_off,21.7427,29.8512,4.7645,2.0088,7.2124,0.0,13.1015,2.2295,2.3654,8.786
10-25:0009,10-25,18.948,scenic,0.5,town_off,21.6903,30.0508,4.8227,2.0088,7.16,0.0,13.1015,2.2295,2.3654,8.7336
10-25:0009,10-25,18.948,sweep,0.0,shipped,21.7427,29.8512,4.859,1.6084,7.2124,0.0,13.1015,2.2295,2.3654,8.786
10-25:0009,10-25,18.948,sweep,0.25,shipped,21.7427,29.8512,4.859,1.6084,7.2124,0.0,13.1015,2.2295,2.3654,8.786
10-25:0009,10-25,18.948,sweep,0.5,shipped,21.6903,30.0508,4.9114,1.9251,7.16,0.0,13.1015,2.2295,2.3654,8.7336
10-25:0009,10-25,18.948,sweep,0.75,shipped,22.3211,30.4513,5.1074,2.3743,8.2452,0.0,13.8989,2.2295,2.3654,10.1718
10-25:0009,10-25,18.948,sweep,1.0,shipped,22.3211,30.4513,5.1074,2.3743,8.2452,0.0,13.8989,2.2295,2.3654,10.1718
10-25:0010,10-25,15.778,fastest,0.0,shipped,18.5429,23.8898,4.5796,0.5292,5.4032,0.0,13.9181,0.0,0.0,11.1375
10-25:0010,10-25,15.778,scenic,0.5,shipped,18.5429,23.8898,4.5796,0.5292,5.4032,0.0,13.9181,0.0,0.0,11.1375
10-25:0010,10-25,15.778,fastest,0.0,town_off,18.5429,23.8898,4.0956,0.213,5.4032,0.0,13.9181,0.0,0.0,11.1375
10-25:0010,10-25,15.778,scenic,0.5,town_off,18.4934,23.9032,4.0923,0.213,5.4032,0.0,13.6122,0.0,0.0,11.0881
10-25:0010,10-25,15.778,sweep,0.0,shipped,18.5429,23.8898,4.5796,0.5292,5.4032,0.0,13.9181,0.0,0.0,11.1375
10-25:0010,10-25,15.778,sweep,0.25,shipped,18.5429,23.8898,4.5796,0.5292,5.4032,0.0,13.9181,0.0,0.0,11.1375
10-25:0010,10-25,15.778,sweep,0.5,shipped,18.5429,23.8898,4.5796,0.5292,5.4032,0.0,13.9181,0.0,0.0,11.1375
10-25:0010,10-25,15.778,sweep,0.75,shipped,18.5429,23.8898,4.5796,0.5292,5.4032,0.0,13.9181,0.0,0.0,11.1375
10-25:0010,10-25,15.778,sweep,1.0,shipped,18.5429,23.8898,4.5796,0.5292,5.4032,0.0,13.9181,0.0,0.0,11.1375
10-25:0011,10-25,23.96,fastest,0.0,shipped,49.0193,35.0025,1.4518,0.0,14.5807,14.8784,25.5345,9.3157,1.2061,28.5054
10-25:0011,10-25,23.96,scenic,0.5,shipped,30.927,47.7182,5.1522,6.7987,14.3523,1.3686,19.7628,4.4292,1.1738,19.0387
10-25:0011,10-25,23.96,fastest,0.0,town_off,49.0193,35.0025,1.2185,0.0,14.5807,14.8784,25.5345,9.3157,1.2061,28.5054
10-25:0011,10-25,23.96,scenic,0.5,town_off,30.927,47.7182,4.8856,6.5032,14.3523,1.3686,19.7628,4.4292,1.1738,19.0387
10-25:0011,10-25,23.96,sweep,0.0,shipped,49.0193,35.0025,1.4518,0.0,14.5807,14.8784,25.5345,9.3157,1.2061,28.5054
10-25:0011,10-25,23.96,sweep,0.25,shipped,38.5733,38.5373,2.8605,1.1728,16.3031,15.1378,15.6523,4.8336,0.0,23.4947
10-25:0011,10-25,23.96,sweep,0.5,shipped,30.927,47.7182,5.1522,6.7987,14.3523,1.3686,19.7628,4.4292,1.1738,19.0387
10-25:0011,10-25,23.96,sweep,0.75,shipped,29.3889,52.0585,5.5123,7.8067,14.6058,0.6896,17.9871,5.4501,0.0,17.9094
10-25:0011,10-25,23.96,sweep,1.0,shipped,29.3889,52.0585,5.5123,7.8067,14.6058,0.6896,17.9871,5.4501,0.0,17.9094
10-25:0012,10-25,15.033,fastest,0.0,shipped,18.4969,19.1414,6.473,3.5411,1.5083,0.0,18.0225,16.3528,0.0,8.6989
10-25:0012,10-25,15.033,scenic,0.5,shipped,18.5293,19.1672,6.5174,3.8895,1.5083,0.0,18.0548,16.5572,0.0,8.7313
10-25:0012,10-25,15.033,fastest,0.0,town_off,18.4969,19.1414,6.4892,9.2923,1.5083,0.0,18.0225,16.3528,0.0,8.6989
10-25:0012,10-25,15.033,scenic,0.5,town_off,18.5293,19.1672,6.5468,10.0851,1.5083,0.0,18.0548,16.5572,0.0,8.7313
10-25:0012,10-25,15.033,sweep,0.0,shipped,18.4969,19.1414,6.473,3.5411,1.5083,0.0,18.0225,16.3528,0.0,8.6989
10-25:0012,10-25,15.033,sweep,0.25,shipped,18.5293,19.1672,6.5174,3.8895,1.5083,0.0,18.0548,16.5572,0.0,8.7313
10-25:0012,10-25,15.033,sweep,0.5,shipped,18.5293,19.1672,6.5174,3.8895,1.5083,0.0,18.0548,16.5572,0.0,8.7313
10-25:0012,10-25,15.033,sweep,0.75,shipped,18.5293,19.1672,6.5174,3.8895,1.5083,0.0,18.0548,16.5572,0.0,8.7313
10-25:0012,10-25,15.033,sweep,1.0,shipped,18.5293,19.1672,6.5174,3.8895,1.5083,0.0,18.0548,16.5572,0.0,8.7313
10-25:0013,10-25,11.0,fastest,0.0,shipped,22.1809,29.1467,5.8027,7.8542,17.8145,8.341,19.1358,0.0,4.319,5.703
10-25:0013,10-25,11.0,scenic,0.5,shipped,21.9127,30.397,6.3907,8.2734,15.6309,8.341,19.8819,0.0,4.319,5.6033
10-25:0013,10-25,11.0,fastest,0.0,town_off,22.1809,29.1467,6.1567,9.0229,17.8145,8.341,19.1358,0.0,4.319,5.703
10-25:0013,10-25,11.0,scenic,0.5,town_off,21.9696,31.2415,7.0449,10.5564,16.8482,8.341,20.9705,0.0,6.3263,4.2275
10-25:0013,10-25,11.0,sweep,0.0,shipped,22.1809,29.1467,5.8027,7.8542,17.8145,8.341,19.1358,0.0,4.319,5.703
10-25:0013,10-25,11.0,sweep,0.25,shipped,22.1809,29.1467,5.8027,7.8542,17.8145,8.341,19.1358,0.0,4.319,5.703
10-25:0013,10-25,11.0,sweep,0.5,shipped,21.9127,30.397,6.3907,8.2734,15.6309,8.341,19.8819,0.0,4.319,5.6033
10-25:0013,10-25,11.0,sweep,0.75,shipped,21.9696,31.2415,6.5562,9.3121,16.8482,8.341,20.9705,0.0,6.3263,4.2275
10-25:0013,10-25,11.0,sweep,1.0,shipped,21.9696,31.2415,6.5562,9.3121,16.8482,8.341,20.9705,0.0,6.3263,4.2275
10-25:0014,10-25,17.446,fastest,0.0,shipped,39.7777,37.8164,5.1316,3.1929,12.4443,0.0,36.1753,25.9496,0.0,14.096
10-25:0014,10-25,17.446,scenic,0.5,shipped,39.7777,37.8164,5.1316,3.1929,12.4443,0.0,36.1753,25.9496,0.0,14.096
10-25:0014,10-25,17.446,fastest,0.0,town_off,39.7777,37.8164,5.2048,3.0402,12.4443,0.0,36.1753,25.9496,0.0,14.096
10-25:0014,10-25,17.446,scenic,0.5,town_off,39.7777,37.8164,5.2048,3.0402,12.4443,0.0,36.1753,25.9496,0.0,14.096
10-25:0014,10-25,17.446,sweep,0.0,shipped,39.7777,37.8164,5.1316,3.1929,12.4443,0.0,36.1753,25.9496,0.0,14.096
10-25:0014,10-25,17.446,sweep,0.25,shipped,39.7777,37.8164,5.1316,3.1929,12.4443,0.0,36.1753,25.9496,0.0,14.096
10-25:0014,10-25,17.446,sweep,0.5,shipped,39.7777,37.8164,5.1316,3.1929,12.4443,0.0,36.1753,25.9496,0.0,14.096
10-25:0014,10-25,17.446,sweep,0.75,shipped,39.7777,37.8164,5.1316,3.1929,12.4443,0.0,36.1753,25.9496,0.0,14.096
10-25:0014,10-25,17.446,sweep,1.0,shipped,39.7777,37.8164,5.1316,3.1929,12.4443,0.0,36.1753,25.9496,0.0,14.096
10-25:0015,10-25,22.663,fastest,0.0,shipped,30.1223,33.7557,4.3574,2.0971,13.2477,0.0,21.9586,6.4753,0.0,7.9213
10-25:0015,10-25,22.663,scenic,0.5,shipped,28.1817,34.9312,5.2004,3.7463,12.4925,0.0,17.7865,7.9498,0.0,11.2302
10-25:0015,10-25,22.663,fastest,0.0,town_off,30.1223,33.7557,4.4795,3.4763,13.2477,0.0,21.9586,6.4753,0.0,7.9213
10-25:0015,10-25,22.663,scenic,0.5,town_off,28.1817,34.9312,5.1181,1.9941,12.4925,0.0,17.7865,7.9498,0.0,11.2302
10-25:0016,10-25,18.535,fastest,0.0,shipped,24.4187,29.0386,4.9835,2.7573,4.3429,0.0,20.7178,14.1297,7.1776,9.0364
10-25:0016,10-25,18.535,scenic,0.5,shipped,24.4223,31.1842,5.7725,6.6606,5.0883,0.0,21.1684,17.1454,5.5055,12.5825
10-25:0016,10-25,18.535,fastest,0.0,town_off,24.4187,29.0386,5.0335,2.4575,4.3429,0.0,20.7178,14.1297,7.1776,9.0364
10-25:0016,10-25,18.535,scenic,0.5,town_off,23.5737,29.8821,5.3004,5.3286,7.316,0.0,19.9212,13.7446,3.9845,8.4224
10-25:0017,10-25,24.795,fastest,0.0,shipped,33.918,34.707,5.8073,8.1307,15.529,0.0,31.9967,26.1975,2.9665,18.2204
10-25:0017,10-25,24.795,scenic,0.5,shipped,33.918,34.707,5.8073,8.1307,15.529,0.0,31.9967,26.1975,2.9665,18.2204
10-25:0017,10-25,24.795,fastest,0.0,town_off,33.918,34.707,5.7138,7.9,15.529,0.0,31.9967,26.1975,2.9665,18.2204
10-25:0017,10-25,24.795,scenic,0.5,town_off,33.5587,35.3533,5.8087,8.4069,15.2787,0.0,31.7103,26.7113,2.9665,16.93
10-25:0018,10-25,17.779,fastest,0.0,shipped,23.3879,28.2166,6.7959,12.5568,13.2334,0.0,21.7206,16.8657,1.8134,12.8544
10-25:0018,10-25,17.779,scenic,0.5,shipped,23.3879,28.2166,6.7959,12.5568,13.2334,0.0,21.7206,16.8657,1.8134,12.8544
10-25:0018,10-25,17.779,fastest,0.0,town_off,23.3879,28.2166,6.8137,11.2933,13.2334,0.0,21.7206,16.8657,1.8134,12.8544
10-25:0018,10-25,17.779,scenic,0.5,town_off,23.3879,28.2166,6.8137,11.2933,13.2334,0.0,21.7206,16.8657,1.8134,12.8544
10-25:0019,10-25,21.223,fastest,0.0,shipped,24.7312,16.9847,1.1819,1.0268,10.832,1.7759,12.808,1.2437,0.0,7.2778
10-25:0019,10-25,21.223,scenic,0.5,shipped,24.7312,16.9847,1.1819,1.0268,10.832,1.7759,12.808,1.2437,0.0,7.2778
10-25:0019,10-25,21.223,fastest,0.0,town_off,24.7312,16.9847,1.1415,0.8622,10.832,1.7759,12.808,1.2437,0.0,7.2778
10-25:0019,10-25,21.223,scenic,0.5,town_off,24.7312,16.9847,1.1415,0.8622,10.832,1.7759,12.808,1.2437,0.0,7.2778
10-25:0020,10-25,11.805,fastest,0.0,shipped,15.6918,13.4741,2.5692,0.6876,9.674,6.373,6.7955,2.7847,0.0,9.1939
10-25:0020,10-25,11.805,scenic,0.5,shipped,15.6918,13.4741,2.5692,0.6876,9.674,6.373,6.7955,2.7847,0.0,9.1939
10-25:0020,10-25,11.805,fastest,0.0,town_off,15.6918,13.4741,2.3331,0.0,9.674,6.373,6.7955,2.7847,0.0,9.1939
10-25:0020,10-25,11.805,scenic,0.5,town_off,15.6918,13.4741,2.3331,0.0,9.674,6.373,6.7955,2.7847,0.0,9.1939
10-25:0021,10-25,19.857,fastest,0.0,shipped,29.3603,36.2622,3.868,1.1259,8.1365,0.0,24.8696,8.469,0.8052,4.3477
10-25:0021,10-25,19.857,scenic,0.5,shipped,29.3603,36.2622,3.868,1.1259,8.1365,0.0,24.8696,8.469,0.8052,4.3477
10-25:0021,10-25,19.857,fastest,0.0,town_off,29.3603,36.2622,4.0172,0.4451,8.1365,0.0,24.8696,8.469,0.8052,4.3477
10-25:0021,10-25,19.857,scenic,0.5,town_off,29.3603,36.2622,4.0172,0.4451,8.1365,0.0,24.8696,8.469,0.8052,4.3477
10-25:0022,10-25,13.429,fastest,0.0,shipped,21.7096,21.6537,4.957,2.733,7.9684,0.0,16.3297,13.0626,0.0,8.4007
10-25:0022,10-25,13.429,scenic,0.5,shipped,21.7096,21.6537,4.957,2.733,7.9684,0.0,16.3297,13.0626,0.0,8.4007
10-25:0022,10-25,13.429,fastest,0.0,town_off,21.7096,21.6537,4.8248,2.983,7.9684,0.0,16.3297,13.0626,0.0,8.4007
10-25:0022,10-25,13.429,scenic,0.5,town_off,21.7096,21.6537,4.8248,2.983,7.9684,0.0,16.3297,13.0626,0.0,8.4007
10-25:0023,10-25,21.204,fastest,0.0,shipped,27.8885,29.8519,4.8753,3.2523,24.3708,0.0,14.1912,16.5694,0.0,18.2273
10-25:0023,10-25,21.204,scenic,0.5,shipped,26.2178,31.0281,5.6868,6.3519,23.5513,0.0,12.8995,13.8684,0.0,17.7572
10-25:0023,10-25,21.204,fastest,0.0,town_off,27.8885,29.8519,4.6067,1.7996,24.3708,0.0,14.1912,16.5694,0.0,18.2273
10-25:0023,10-25,21.204,scenic,0.5,town_off,26.2178,31.0281,5.37,3.695,23.5513,0.0,12.8995,13.8684,0.0,17.7572
10-25:0024,10-25,11.856,fastest,0.0,shipped,20.8364,18.5048,2.4241,1.0849,4.7855,0.0,11.7996,10.3445,1.2454,10.6563
10-25:0024,10-25,11.856,scenic,0.5,shipped,16.5113,21.6247,5.3168,2.4623,4.0554,0.0,14.8565,8.605,0.0,9.7867
10-25:0024,10-25,11.856,fastest,0.0,town_off,20.8364,18.5048,2.2332,0.8124,4.7855,0.0,11.7996,10.3445,1.2454,10.6563
10-25:0024,10-25,11.856,scenic,0.5,town_off,16.1258,20.8814,4.7602,2.7323,4.4317,0.0,12.9755,10.3084,0.0,4.1697
10-25:0025,10-25,20.194,fastest,0.0,shipped,22.9665,28.9007,4.5227,1.2513,6.7116,0.0,17.146,0.0,0.6844,13.1575
10-25:0025,10-25,20.194,scenic,0.5,shipped,22.6916,29.2943,4.671,1.2513,6.7116,0.0,18.4406,0.0,0.6844,13.6724
10-25:0025,10-25,20.194,fastest,0.0,town_off,22.9665,28.9007,4.0952,0.6091,6.7116,0.0,17.146,0.0,0.6844,13.1575
10-25:0025,10-25,20.194,scenic,0.5,town_off,22.6916,29.2943,4.2544,0.6091,6.7116,0.0,18.4406,0.0,0.6844,13.6724
10-25:0026,10-25,24.104,fastest,0.0,shipped,31.4806,31.5036,7.0749,14.6153,15.8021,0.0,24.701,31.4806,5.0921,7.8345
10-25:0026,10-25,24.104,scenic,0.5,shipped,29.0815,31.9458,7.1209,14.4537,17.0355,0.0,22.3019,28.8822,5.0921,7.5697
10-25:0026,10-25,24.104,fastest,0.0,town_off,31.4806,31.5036,7.4101,15.5109,15.8021,0.0,24.701,31.4806,5.0921,7.8345
10-25:0026,10-25,24.104,scenic,0.5,town_off,29.0815,31.9458,7.4762,15.5109,17.0355,0.0,22.3019,28.8822,5.0921,7.5697
10-25:0027,10-25,21.45,fastest,0.0,shipped,35.2629,40.7286,6.4838,15.172,28.5267,0.0,27.0609,33.3837,0.0,10.8429
10-25:0027,10-25,21.45,scenic,0.5,shipped,35.2629,40.7286,6.4838,15.172,28.5267,0.0,27.0609,33.3837,0.0,10.8429
10-25:0027,10-25,21.45,fastest,0.0,town_off,35.2629,40.7286,6.7603,16.9366,28.5267,0.0,27.0609,33.3837,0.0,10.8429
10-25:0027,10-25,21.45,scenic,0.5,town_off,35.2629,40.7286,6.7603,16.9366,28.5267,0.0,27.0609,33.3837,0.0,10.8429
10-25:0028,10-25,15.104,fastest,0.0,shipped,17.7023,21.8755,5.3211,1.7121,2.9735,1.9313,15.2051,2.36,0.6844,12.2836
10-25:0028,10-25,15.104,scenic,0.5,shipped,17.7023,21.8755,5.3211,1.7121,2.9735,1.9313,15.2051,2.36,0.6844,12.2836
10-25:0028,10-25,15.104,fastest,0.0,town_off,17.7023,21.8755,4.8954,0.8975,2.9735,1.9313,15.2051,2.36,0.6844,12.2836
10-25:0028,10-25,15.104,scenic,0.5,town_off,17.7023,21.8755,4.8954,0.8975,2.9735,1.9313,15.2051,2.36,0.6844,12.2836
10-25:0029,10-25,11.028,fastest,0.0,shipped,13.4816,10.4186,1.5771,0.0,2.147,0.0,10.4646,0.0,0.0,4.5898
10-25:0029,10-25,11.028,scenic,0.5,shipped,13.2195,13.1097,3.7318,0.0,2.0347,0.0,8.5326,0.0,0.4232,5.6107
10-25:0029,10-25,11.028,fastest,0.0,town_off,13.4816,10.4186,1.383,0.0,2.147,0.0,10.4646,0.0,0.0,4.5898
10-25:0029,10-25,11.028,scenic,0.5,town_off,13.2195,13.1097,3.3417,0.0,2.0347,0.0,8.5326,0.0,0.4232,5.6107
10-25:0030,10-25,14.621,fastest,0.0,shipped,16.2804,19.4684,5.303,2.1579,2.8666,9.7073,12.8711,2.7862,0.0,5.3553
10-25:0030,10-25,14.621,scenic,0.5,shipped,16.2804,19.4684,5.303,2.1579,2.8666,9.7073,12.8711,2.7862,0.0,5.3553
10-25:0030,10-25,14.621,fastest,0.0,town_off,16.2804,19.4684,5.3708,1.9082,2.8666,9.7073,12.8711,2.7862,0.0,5.3553
10-25:0030,10-25,14.621,scenic,0.5,town_off,16.2804,19.4684,5.3708,1.9082,2.8666,9.7073,12.8711,2.7862,0.0,5.3553
10-25:0031,10-25,22.671,fastest,0.0,shipped,34.2829,30.699,6.7536,16.8448,27.7498,0.0,26.8094,32.3296,0.0,14.4799
10-25:0031,10-25,22.671,scenic,0.5,shipped,34.2829,30.699,6.7536,16.8448,27.7498,0.0,26.8094,32.3296,0.0,14.4799
10-25:0031,10-25,22.671,fastest,0.0,town_off,34.2829,30.699,6.9535,18.3025,27.7498,0.0,26.8094,32.3296,0.0,14.4799
10-25:0031,10-25,22.671,scenic,0.5,town_off,34.2616,30.7636,6.9614,18.3025,27.8223,0.0,26.8587,32.3083,0.0,14.4586
10-25:0032,10-25,10.097,fastest,0.0,shipped,16.593,19.3065,4.6224,3.914,11.4878,0.4042,11.5846,9.5643,0.0,8.9933
10-25:0032,10-25,10.097,scenic,0.5,shipped,15.7599,21.6222,5.3523,4.1741,9.4011,0.4042,10.087,9.1712,0.0,9.4005
10-25:0032,10-25,10.097,fastest,0.0,town_off,16.593,19.3065,4.4952,3.1102,11.4878,0.4042,11.5846,9.5643,0.0,8.9933
10-25:0032,10-25,10.097,scenic,0.5,town_off,15.7599,21.6222,5.1349,3.188,9.4011,0.4042,10.087,9.1712,0.0,9.4005
10-25:0033,10-25,23.404,fastest,0.0,shipped,28.3525,20.3941,1.4262,0.6538,10.4115,7.3448,8.9338,0.0,0.0,4.4608
10-25:0033,10-25,23.404,scenic,0.5,shipped,26.8198,35.979,4.2433,1.7165,12.9126,6.2577,15.0187,2.1568,1.5101,6.9045
10-25:0033,10-25,23.404,fastest,0.0,town_off,28.3525,20.3941,1.5369,0.3085,10.4115,7.3448,8.9338,0.0,0.0,4.4608
10-25:0033,10-25,23.404,scenic,0.5,town_off,28.0376,22.4088,2.1932,2.4377,12.0899,7.1812,9.4382,1.6066,0.0,3.5323
10-25:0034,10-25,22.787,fastest,0.0,shipped,33.0276,21.0818,0.9509,0.3011,6.3063,0.0,18.3301,17.6681,0.0,18.1972
10-25:0034,10-25,22.787,scenic,0.5,shipped,27.1359,35.5629,5.219,6.0947,9.3771,0.0,14.2792,9.7587,0.0,17.879
10-25:0034,10-25,22.787,fastest,0.0,town_off,33.0276,21.0818,0.7729,0.1274,6.3063,0.0,18.3301,17.6681,0.0,18.1972
10-25:0034,10-25,22.787,scenic,0.5,town_off,27.1359,35.5629,4.7108,5.0409,9.3771,0.0,14.2792,9.7587,0.0,17.879
10-25:0035,10-25,13.08,fastest,0.0,shipped,22.7041,20.2527,6.9565,12.7298,14.6882,0.0,19.6329,22.4466,0.0,6.9299
10-25:0035,10-25,13.08,scenic,0.5,shipped,22.7041,20.2527,6.9565,12.7298,14.6882,0.0,19.6329,22.4466,0.0,6.9299
10-25:0035,10-25,13.08,fastest,0.0,town_off,22.7041,20.2527,7.3884,13.5234,14.6882,0.0,19.6329,22.4466,0.0,6.9299
10-25:0035,10-25,13.08,scenic,0.5,town_off,22.7041,20.2527,7.3884,13.5234,14.6882,0.0,19.6329,22.4466,0.0,6.9299
10-25:0036,10-25,23.88,fastest,0.0,shipped,30.782,21.9329,1.9891,3.1361,12.7536,0.0,26.5224,20.8093,0.0,5.2487
10-25:0036,10-25,23.88,scenic,0.5,shipped,28.358,37.0455,6.7878,13.4668,24.0725,0.0,22.5273,12.4306,0.0,18.0326
10-25:0036,10-25,23.88,fastest,0.0,town_off,30.782,21.9329,2.2794,3.0131,12.7536,0.0,26.5224,20.8093,0.0,5.2487
10-25:0036,10-25,23.88,scenic,0.5,town_off,27.9842,33.6831,6.0045,7.6582,15.9571,0.0,23.8272,13.8784,0.0,8.2176
10-25:0037,10-25,20.766,fastest,0.0,shipped,26.7321,24.0157,4.3354,0.734,8.8566,0.0,22.7686,9.8497,2.0738,3.5081
10-25:0037,10-25,20.766,scenic,0.5,shipped,26.7321,24.0157,4.3354,0.734,8.8566,0.0,22.7686,9.8497,2.0738,3.5081
10-25:0037,10-25,20.766,fastest,0.0,town_off,26.7321,24.0157,4.6361,0.4213,8.8566,0.0,22.7686,9.8497,2.0738,3.5081
10-25:0037,10-25,20.766,scenic,0.5,town_off,26.7321,24.0157,4.6361,0.4213,8.8566,0.0,22.7686,9.8497,2.0738,3.5081
10-25:0038,10-25,14.693,fastest,0.0,shipped,30.0436,19.3725,2.0171,1.1507,11.064,0.0,27.8878,16.2994,1.9325,13.7821
10-25:0038,10-25,14.693,scenic,0.5,shipped,18.6745,24.3161,6.3979,7.5689,13.4096,0.0,13.5165,10.3236,1.0877,14.1608
10-25:0038,10-25,14.693,fastest,0.0,town_off,30.0436,19.3725,2.0613,1.3338,11.064,0.0,27.8878,16.2994,1.9325,13.7821
10-25:0038,10-25,14.693,scenic,0.5,town_off,18.6745,24.3161,6.1409,6.9961,13.4096,0.0,13.5165,10.3236,1.0877,14.1608
10-25:0039,10-25,13.874,fastest,0.0,shipped,16.9459,17.6785,5.6506,4.7333,7.688,11.2464,14.6869,4.0779,0.0,4.7105
10-25:0039,10-25,13.874,scenic,0.5,shipped,17.4599,22.3601,7.5603,10.9866,7.4536,12.6478,13.2434,4.1597,0.0,7.5565
10-25:0039,10-25,13.874,fastest,0.0,town_off,16.9459,17.6785,5.953,5.8844,7.688,11.2464,14.6869,4.0779,0.0,4.7105
10-25:0039,10-25,13.874,scenic,0.5,town_off,17.4599,22.3601,7.6604,11.5239,7.4536,12.6478,13.2434,4.1597,0.0,7.5565
10-25:0040,10-25,10.474,fastest,0.0,shipped,13.9254,17.4656,4.7609,1.1362,6.2772,0.0,10.4777,0.0,1.8271,8.4743
10-25:0040,10-25,10.474,scenic,0.5,shipped,13.9254,17.4656,4.7609,1.1362,6.2772,0.0,10.4777,0.0,1.8271,8.4743
10-25:0040,10-25,10.474,fastest,0.0,town_off,13.9254,17.4656,4.298,1.0307,6.2772,0.0,10.4777,0.0,1.8271,8.4743
10-25:0040,10-25,10.474,scenic,0.5,town_off,15.2636,19.1601,5.379,3.1538,10.3707,0.0,12.9803,0.0,0.4174,5.7025
10-25:0041,10-25,23.411,fastest,0.0,shipped,26.2207,25.8756,6.335,7.0026,20.9499,0.0,24.1928,24.7358,0.0,8.2198
10-25:0041,10-25,23.411,scenic,0.5,shipped,26.2207,25.8756,6.335,7.0026,20.9499,0.0,24.1928,24.7358,0.0,8.2198
10-25:0041,10-25,23.411,fastest,0.0,town_off,26.2207,25.8756,6.7707,10.6983,20.9499,0.0,24.1928,24.7358,0.0,8.2198
10-25:0041,10-25,23.411,scenic,0.5,town_off,26.2207,25.8756,6.7707,10.6983,20.9499,0.0,24.1928,24.7358,0.0,8.2198
10-25:0042,10-25,20.711,fastest,0.0,shipped,25.4861,29.2446,4.4577,1.4836,9.8436,0.0,17.8132,7.2669,0.0,5.5191
10-25:0042,10-25,20.711,scenic,0.5,shipped,24.4518,29.7756,4.9604,2.1958,9.5457,0.0,16.0879,7.2669,0.0,7.49
10-25:0042,10-25,20.711,fastest,0.0,town_off,25.4861,29.2446,4.6483,0.929,9.8436,0.0,17.8132,7.2669,0.0,5.5191
10-25:0042,10-25,20.711,scenic,0.5,town_off,24.4518,29.7756,4.9874,0.7396,9.5457,0.0,16.0879,7.2669,0.0,7.49
10-25:0043,10-25,13.604,fastest,0.0,shipped,17.2379,21.9544,5.3201,4.285,3.5739,0.0,17.096,15.0761,0.53,4.9913
10-25:0043,10-25,13.604,scenic,0.5,shipped,16.2738,22.7625,5.735,4.285,4.4172,0.0,16.1842,14.0802,0.53,5.9029
10-25:0043,10-25,13.604,fastest,0.0,town_off,17.2379,21.9544,5.4739,3.6373,3.5739,0.0,17.096,15.0761,0.53,4.9913
10-25:0043,10-25,13.604,scenic,0.5,town_off,16.2738,22.7625,5.8112,3.6373,4.4172,0.0,16.1842,14.0802,0.53,5.9029
10-25:0044,10-25,11.109,fastest,0.0,shipped,17.3459,18.1328,2.8636,0.0,6.1374,0.0,11.6311,0.0,0.0,8.116
10-25:0044,10-25,11.109,scenic,0.5,shipped,14.2825,20.6062,7.2103,7.7056,8.6076,8.0064,9.7623,0.4408,1.1252,12.4924
10-25:0044,10-25,11.109,fastest,0.0,town_off,17.3459,18.1328,2.57,0.3327,6.1374,0.0,11.6311,0.0,0.0,8.116
10-25:0044,10-25,11.109,scenic,0.5,town_off,14.091,20.6282,6.6909,5.7196,8.5167,7.8149,9.5708,0.4408,1.1252,12.3009
10-25:0045,10-25,10.726,fastest,0.0,shipped,15.3977,17.2995,6.1619,5.3998,3.8603,0.0,8.9707,13.0375,2.7652,9.1088
10-25:0045,10-25,10.726,scenic,0.5,shipped,15.3977,17.2995,6.1619,5.3998,3.8603,0.0,8.9707,13.0375,2.7652,9.1088
10-25:0045,10-25,10.726,fastest,0.0,town_off,15.3977,17.2995,5.8792,3.9099,3.8603,0.0,8.9707,13.0375,2.7652,9.1088
10-25:0045,10-25,10.726,scenic,0.5,town_off,15.3977,17.2995,5.8792,3.9099,3.8603,0.0,8.9707,13.0375,2.7652,9.1088
10-25:0046,10-25,19.668,fastest,0.0,shipped,39.6722,41.0247,3.8961,7.106,11.9852,16.7611,20.4282,3.2275,1.2061,25.9674
10-25:0046,10-25,19.668,scenic,0.5,shipped,37.0184,50.6716,6.3896,15.0341,10.1692,22.3024,19.2561,11.8453,1.3,23.4914
10-25:0046,10-25,19.668,fastest,0.0,town_off,39.6722,41.0247,3.4182,4.96,11.9852,16.7611,20.4282,3.2275,1.2061,25.9674
10-25:0046,10-25,19.668,scenic,0.5,town_off,37.0184,50.6716,6.1282,14.2987,10.1692,22.3024,19.2561,11.8453,1.3,23.4914
10-25:0047,10-25,12.18,fastest,0.0,shipped,14.9255,19.9949,6.1892,3.9667,3.1617,0.0,14.9255,12.2294,0.0,3.8901
10-25:0047,10-25,12.18,scenic,0.5,shipped,15.0398,20.8824,6.9252,6.8237,5.942,0.0,15.0398,9.9831,0.0,3.4104
10-25:0047,10-25,12.18,fastest,0.0,town_off,14.9255,19.9949,6.4773,4.8623,3.1617,0.0,14.9255,12.2294,0.0,3.8901
10-25:0047,10-25,12.18,scenic,0.5,town_off,15.0398,20.8824,7.2625,8.0131,5.942,0.0,15.0398,9.9831,0.0,3.4104
10-25:0048,10-25,18.579,fastest,0.0,shipped,25.6869,28.4152,3.7314,1.9626,4.1162,8.8707,17.976,1.5767,0.0,10.035
10-25:0048,10-25,18.579,scenic,0.5,shipped,25.708,33.942,6.6622,10.933,7.7268,18.8349,17.8193,0.0,0.0,16.62
10-25:0048,10-25,18.579,fastest,0.0,town_off,25.6869,28.4152,3.6234,1.64,4.1162,8.8707,17.976,1.5767,0.0,10.035
10-25:0048,10-25,18.579,scenic,0.5,town_off,25.708,33.942,6.3782,8.5717,7.7268,18.8349,17.8193,0.0,0.0,16.62
10-25:0049,10-25,24.562,fastest,0.0,shipped,34.6653,34.5482,3.5338,2.2558,9.8576,4.4201,27.9424,1.0348,0.0,16.0357
10-25:0049,10-25,24.562,scenic,0.5,shipped,31.8125,40.3026,5.4898,4.4818,7.8594,2.5776,27.6824,2.7269,2.1555,20.2693
10-25:0049,10-25,24.562,fastest,0.0,town_off,34.6653,34.5482,3.2624,0.7209,9.8576,4.4201,27.9424,1.0348,0.0,16.0357
10-25:0049,10-25,24.562,scenic,0.5,town_off,30.6634,39.8421,4.8803,1.1355,6.4697,2.5776,26.8021,2.7269,2.1555,16.2392
10-25:0050,10-25,24.019,fastest,0.0,shipped,25.8418,28.6085,5.1136,1.6414,8.8489,0.0,24.1571,6.5757,3.8153,7.3384
10-25:0050,10-25,24.019,scenic,0.5,shipped,25.7615,28.7172,5.2422,2.8241,7.2996,0.0,24.0769,5.6389,4.7528,10.1672
10-25:0050,10-25,24.019,fastest,0.0,town_off,25.8418,28.6085,5.186,1.5309,8.8489,0.0,24.1571,6.5757,3.8153,7.3384
10-25:0050,10-25,24.019,scenic,0.5,town_off,25.4588,28.9116,5.2769,3.71,8.4659,0.0,23.7741,6.5757,3.8153,7.8745
10-25:0051,10-25,12.431,fastest,0.0,shipped,28.6666,24.259,2.5771,0.0,18.1285,12.0624,11.5315,4.753,0.0,18.7577
10-25:0051,10-25,12.431,scenic,0.5,shipped,18.1337,25.1051,5.3285,4.1011,9.9788,2.572,10.665,2.8717,0.0,13.9527
10-25:0051,10-25,12.431,fastest,0.0,town_off,28.6666,24.259,2.3324,0.6898,18.1285,12.0624,11.5315,4.753,0.0,18.7577
10-25:0051,10-25,12.431,scenic,0.5,town_off,19.0658,25.9522,5.4661,5.8554,11.4162,2.572,11.8436,5.4879,0.0,12.4068
10-25:0052,10-25,10.836,fastest,0.0,shipped,16.0985,15.8945,3.6297,2.8431,8.2162,4.5607,9.797,2.6189,0.0,13.3785
10-25:0052,10-25,10.836,scenic,0.5,shipped,12.8546,19.8886,5.2316,2.5824,4.0614,9.5429,2.9556,0.7983,0.0,7.8943
10-25:0052,10-25,10.836,fastest,0.0,town_off,16.0985,15.8945,3.2209,1.9241,8.2162,4.5607,9.797,2.6189,0.0,13.3785
10-25:0052,10-25,10.836,scenic,0.5,town_off,12.8546,19.8886,4.8845,2.3506,4.0614,9.5429,2.9556,0.7983,0.0,7.8943
10-25:0053,10-25,24.747,fastest,0.0,shipped,34.0157,38.8129,8.1236,28.7319,32.4218,0.0,31.8526,31.9932,0.5375,17.1256
10-25:0053,10-25,24.747,scenic,0.5,shipped,34.0157,38.8129,8.1236,28.7319,32.4218,0.0,31.8526,31.9932,0.5375,17.1256
10-25:0053,10-25,24.747,fastest,0.0,town_off,34.0157,38.8129,8.4192,29.6462,32.4218,0.0,31.8526,31.9932,0.5375,17.1256
10-25:0053,10-25,24.747,scenic,0.5,town_off,34.0157,38.8129,8.4192,29.6462,32.4218,0.0,31.8526,31.9932,0.5375,17.1256
10-25:0054,10-25,18.019,fastest,0.0,shipped,27.9623,25.9016,2.6355,1.29,6.5804,0.0,25.441,2.8269,0.0,10.8039
10-25:0054,10-25,18.019,scenic,0.5,shipped,21.5323,30.3262,5.6096,4.1482,7.1258,0.0,16.5288,0.6972,0.0,18.6663
10-25:0054,10-25,18.019,fastest,0.0,town_off,27.9623,25.9016,2.3975,0.2685,6.5804,0.0,25.441,2.8269,0.0,10.8039
10-25:0054,10-25,18.019,scenic,0.5,town_off,21.9901,31.3453,5.102,2.8781,8.3076,0.0,17.8896,0.6972,0.0,15.0177
10-25:0055,10-25,16.622,fastest,0.0,shipped,31.5252,26.2442,4.9135,4.0057,13.3378,0.0,30.4826,12.1295,0.9126,6.6882
10-25:0055,10-25,16.622,scenic,0.5,shipped,19.7721,26.3065,6.3458,4.5124,7.1636,0.0,19.7721,6.8239,3.7135,6.3147
10-25:0055,10-25,16.622,fastest,0.0,town_off,31.5252,26.2442,5.2583,5.4785,13.3378,0.0,30.4826,12.1295,0.9126,6.6882
10-25:0055,10-25,16.622,scenic,0.5,town_off,19.7721,26.3065,6.5068,6.8636,7.1636,0.0,19.7721,6.8239,3.7135,6.3147
10-25:0056,10-25,16.711,fastest,0.0,shipped,19.3522,23.0711,5.0584,1.3493,6.8508,0.0,17.2047,0.0,0.6535,14.3075
10-25:0056,10-25,16.711,scenic,0.5,shipped,19.3522,23.0711,5.0584,1.3493,6.8508,0.0,17.2047,0.0,0.6535,14.3075
10-25:0056,10-25,16.711,fastest,0.0,town_off,19.3522,23.0711,4.4077,0.6232,6.8508,0.0,17.2047,0.0,0.6535,14.3075
10-25:0056,10-25,16.711,scenic,0.5,town_off,19.3522,23.0711,4.4077,0.6232,6.8508,0.0,17.2047,0.0,0.6535,14.3075
10-25:0057,10-25,17.165,fastest,0.0,shipped,39.2359,37.2737,3.1473,4.9532,14.9615,17.817,17.8383,3.8041,0.0,26.1927
10-25:0057,10-25,17.165,scenic,0.5,shipped,30.595,43.031,5.0417,6.245,9.7445,24.9775,10.2467,2.4657,0.0,19.2601
10-25:0057,10-25,17.165,fastest,0.0,town_off,39.2359,37.2737,2.7689,3.4945,14.9615,17.817,17.8383,3.8041,0.0,26.1927
10-25:0057,10-25,17.165,scenic,0.5,town_off,30.595,43.031,4.8056,6.4468,9.7445,24.9775,10.2467,2.4657,0.0,19.2601
10-25:0058,10-25,10.963,fastest,0.0,shipped,20.1616,17.9805,1.5945,0.1879,11.9505,4.2306,4.9619,1.0116,0.0,15.8879
10-25:0058,10-25,10.963,scenic,0.5,shipped,14.0595,25.4331,5.1314,3.0806,8.3976,0.0,7.1798,0.8102,0.0,10.585
10-25:0058,10-25,10.963,fastest,0.0,town_off,20.1616,17.9805,1.2756,0.1879,11.9505,4.2306,4.9619,1.0116,0.0,15.8879
10-25:0058,10-25,10.963,scenic,0.5,town_off,14.5256,26.3592,5.0081,5.1635,9.3028,0.0,8.6184,0.8762,0.0,10.1179
10-25:0059,10-25,10.488,fastest,0.0,shipped,14.5103,15.9569,4.8469,2.0321,4.3998,0.0,8.2292,1.9328,3.9543,9.58
10-25:0059,10-25,10.488,scenic,0.5,shipped,14.1658,17.5509,5.5166,2.8482,5.8252,0.0,9.7937,5.5751,5.8231,7.8879
10-25:0059,10-25,10.488,fastest,0.0,town_off,14.5103,15.9569,4.2287,0.6142,4.3998,0.0,8.2292,1.9328,3.9543,9.58
10-25:0059,10-25,10.488,scenic,0.5,town_off,14.5763,17.8925,5.7503,2.177,5.335,0.0,12.8537,9.741,5.4218,5.5378
10-25:0060,10-25,23.643,fastest,0.0,shipped,41.8689,26.1487,0.4997,0.0,10.7058,0.0,28.0696,0.0,1.7904,9.917
10-25:0060,10-25,23.643,scenic,0.5,shipped,29.2316,37.2928,3.9488,0.0,6.8667,0.0,17.9181,0.0,1.1302,10.2642
10-25:0060,10-25,23.643,fastest,0.0,town_off,41.8689,26.1487,0.481,0.0,10.7058,0.0,28.0696,0.0,1.7904,9.917
10-25:0060,10-25,23.643,scenic,0.5,town_off,29.8693,39.3362,4.3059,0.7077,12.1351,0.0,18.4896,0.0,1.1302,7.3591
10-25:0062,10-25,13.704,fastest,0.0,shipped,20.3782,18.3705,2.3067,0.7024,9.3277,2.6678,9.6268,4.4192,0.0,11.5852
10-25:0062,10-25,13.704,scenic,0.5,shipped,16.8844,23.0794,4.7421,3.0033,5.8515,2.6678,9.5252,5.8629,0.0,13.7563
10-25:0062,10-25,13.704,fastest,0.0,town_off,20.3782,18.3705,2.1412,0.2621,9.3277,2.6678,9.6268,4.4192,0.0,11.5852
10-25:0062,10-25,13.704,scenic,0.5,town_off,18.0498,20.0716,3.914,3.247,8.219,2.6678,11.6765,4.8961,0.0,10.6765
10-25:0063,10-25,18.811,fastest,0.0,shipped,23.1622,25.8366,5.427,6.1304,12.447,0.0,12.705,21.851,0.0,7.1475
10-25:0063,10-25,18.811,scenic,0.5,shipped,23.1622,25.8366,5.427,6.1304,12.447,0.0,12.705,21.851,0.0,7.1475
10-25:0063,10-25,18.811,fastest,0.0,town_off,23.1622,25.8366,5.5551,5.5635,12.447,0.0,12.705,21.851,0.0,7.1475
10-25:0063,10-25,18.811,scenic,0.5,town_off,23.1622,25.8366,5.5551,5.5635,12.447,0.0,12.705,21.851,0.0,7.1475
10-25:0064,10-25,18.576,fastest,0.0,shipped,22.1172,28.5828,5.5048,3.283,4.9086,3.9898,21.2131,11.9369,0.0,10.0688
10-25:0064,10-25,18.576,scenic,0.5,shipped,22.1172,28.5828,5.5048,3.283,4.9086,3.9898,21.2131,11.9369,0.0,10.0688
10-25:0064,10-25,18.576,fastest,0.0,town_off,22.1172,28.5828,5.515,3.0488,4.9086,3.9898,21.2131,11.9369,0.0,10.0688
10-25:0064,10-25,18.576,scenic,0.5,town_off,22.0005,28.7304,5.5333,3.3712,4.9086,4.0255,21.0963,11.9369,0.0,9.9521
10-25:0065,10-25,24.153,fastest,0.0,shipped,34.6591,22.3566,0.8194,0.0,12.8848,0.0,22.2876,0.4671,0.0,13.8812
10-25:0065,10-25,24.153,scenic,0.5,shipped,32.7687,33.8501,4.487,8.9191,15.6053,0.0,28.674,1.3592,1.1658,16.5413
10-25:0065,10-25,24.153,fastest,0.0,town_off,34.6591,22.3566,0.7342,0.0,12.8848,0.0,22.2876,0.4671,0.0,13.8812
10-25:0065,10-25,24.153,scenic,0.5,town_off,32.7687,33.8501,4.4344,6.9368,15.6053,0.0,28.674,1.3592,1.1658,16.5413
10-25:0066,10-25,23.0,fastest,0.0,shipped,32.1805,31.1501,4.381,1.9371,8.9351,4.8931,28.3285,0.7036,5.4857,20.4805
10-25:0066,10-25,23.0,scenic,0.5,shipped,30.2961,38.6011,6.1899,10.1117,8.648,14.9286,20.4468,11.0385,13.6338,17.3134
10-25:0066,10-25,23.0,fastest,0.0,town_off,32.1805,31.1501,4.052,3.1774,8.9351,4.8931,28.3285,0.7036,5.4857,20.4805
10-25:0066,10-25,23.0,scenic,0.5,town_off,30.2961,38.6011,6.0275,8.4189,8.648,14.9286,20.4468,11.0385,13.6338,17.3134
10-25:0067,10-25,20.041,fastest,0.0,shipped,25.1743,27.8187,7.6173,14.7588,15.5478,0.0,18.6646,24.149,5.0921,7.2456
10-25:0067,10-25,20.041,scenic,0.5,shipped,25.1743,27.8187,7.6173,14.7588,15.5478,0.0,18.6646,24.149,5.0921,7.2456
10-25:0067,10-25,20.041,fastest,0.0,town_off,25.1743,27.8187,7.9532,15.7643,15.5478,0.0,18.6646,24.149,5.0921,7.2456
10-25:0067,10-25,20.041,scenic,0.5,town_off,25.1743,27.8187,7.9532,15.7643,15.5478,0.0,18.6646,24.149,5.0921,7.2456
10-25:0068,10-25,24.429,fastest,0.0,shipped,29.841,19.6256,0.7463,0.5827,6.8578,7.7806,13.8441,10.3495,0.0,9.958
10-25:0068,10-25,24.429,scenic,0.5,shipped,27.6498,28.1931,2.0562,0.3828,5.8894,1.1832,17.8014,11.0193,0.0,9.0939
10-25:0068,10-25,24.429,fastest,0.0,town_off,29.841,19.6256,0.6966,0.0,6.8578,7.7806,13.8441,10.3495,0.0,9.958
10-25:0068,10-25,24.429,scenic,0.5,town_off,27.6498,28.1931,1.986,0.3202,5.8894,1.1832,17.8014,11.0193,0.0,9.0939
10-25:0069,10-25,17.595,fastest,0.0,shipped,25.9223,31.4053,5.967,10.0911,13.1116,0.0,19.6705,23.2882,0.0,6.899
10-25:0069,10-25,17.595,scenic,0.5,shipped,25.9223,31.4053,5.967,10.0911,13.1116,0.0,19.6705,23.2882,0.0,6.899
10-25:0069,10-25,17.595,fastest,0.0,town_off,25.9223,31.4053,6.0938,10.7212,13.1116,0.0,19.6705,23.2882,0.0,6.899
10-25:0069,10-25,17.595,scenic,0.5,town_off,25.9223,31.4053,6.0938,10.7212,13.1116,0.0,19.6705,23.2882,0.0,6.899
10-25:0070,10-25,22.613,fastest,0.0,shipped,36.8528,43.9776,6.003,13.1314,21.2857,0.0,27.4024,35.4752,0.0,13.5777
10-25:0070,10-25,22.613,scenic,0.5,shipped,36.8528,43.9776,6.003,13.1314,21.2857,0.0,27.4024,35.4752,0.0,13.5777
10-25:0070,10-25,22.613,fastest,0.0,town_off,36.8528,43.9776,6.1764,15.6713,21.2857,0.0,27.4024,35.4752,0.0,13.5777
10-25:0070,10-25,22.613,scenic,0.5,town_off,36.8528,43.9776,6.1764,15.6713,21.2857,0.0,27.4024,35.4752,0.0,13.5777
10-25:0071,10-25,22.312,fastest,0.0,shipped,35.6454,41.1643,5.0531,2.6836,7.4585,0.0,27.7167,23.3074,2.0614,15.1652
10-25:0071,10-25,22.312,scenic,0.5,shipped,35.8496,41.5668,5.1867,3.2755,8.2761,0.0,28.1096,23.3074,2.0614,14.4575
10-25:0071,10-25,22.312,fastest,0.0,town_off,35.6454,41.1643,4.9705,2.1092,7.4585,0.0,27.7167,23.3074,2.0614,15.1652
10-25:0071,10-25,22.312,scenic,0.5,town_off,35.8496,41.5668,5.1224,2.4902,8.2761,0.0,28.1096,23.3074,2.0614,14.4575
10-25:0072,10-25,10.923,fastest,0.0,shipped,16.9767,17.5179,3.585,3.849,6.6349,3.9565,13.6079,0.0,1.2774,8.6409
10-25:0072,10-25,10.923,scenic,0.5,shipped,14.0215,17.7192,5.696,3.849,6.1304,6.75,9.4073,0.0,0.0,8.2885
10-25:0072,10-25,10.923,fastest,0.0,town_off,16.9767,17.5179,3.4058,4.1327,6.6349,3.9565,13.6079,0.0,1.2774,8.6409
10-25:0072,10-25,10.923,scenic,0.5,town_off,14.0215,17.7192,5.3893,4.1327,6.1304,6.75,9.4073,0.0,0.0,8.2885
10-25:0073,10-25,16.548,fastest,0.0,shipped,19.8676,24.04,4.0984,0.0,0.0,0.0,15.5304,8.0469,1.2089,6.7448
10-25:0073,10-25,16.548,scenic,0.5,shipped,17.3598,24.4129,4.3037,0.0,1.1408,0.0,15.215,3.6522,0.0,0.9116
10-25:0073,10-25,16.548,fastest,0.0,town_off,19.8676,24.04,4.0019,0.0,0.0,0.0,15.5304,8.0469,1.2089,6.7448
10-25:0073,10-25,16.548,scenic,0.5,town_off,17.3598,24.4129,4.5113,0.0,1.1408,0.0,15.215,3.6522,0.0,0.9116
10-25:0074,10-25,18.919,fastest,0.0,shipped,31.7971,36.3927,4.4651,1.7985,8.0303,0.0,28.6275,16.7915,0.4411,10.0341
10-25:0074,10-25,18.919,scenic,0.5,shipped,31.7971,36.3927,4.4651,1.7985,8.0303,0.0,28.6275,16.7915,0.4411,10.0341
10-25:0074,10-25,18.919,fastest,0.0,town_off,31.7971,36.3927,4.4372,1.8192,8.0303,0.0,28.6275,16.7915,0.4411,10.0341
10-25:0074,10-25,18.919,scenic,0.5,town_off,31.7971,36.3927,4.4372,1.8192,8.0303,0.0,28.6275,16.7915,0.4411,10.0341
10-25:0075,10-25,17.409,fastest,0.0,shipped,25.4554,21.7578,2.0821,0.8819,5.2052,2.1883,19.5777,10.1528,0.0,11.6385
10-25:0075,10-25,17.409,scenic,0.5,shipped,20.4148,27.5594,6.3932,7.8717,7.4795,10.4018,15.8408,1.5389,0.0,15.8201
10-25:0075,10-25,17.409,fastest,0.0,town_off,25.4554,21.7578,1.8472,0.7389,5.2052,2.1883,19.5777,10.1528,0.0,11.6385
10-25:0075,10-25,17.409,scenic,0.5,town_off,20.4148,27.5594,5.8631,3.4148,7.4795,10.4018,15.8408,1.5389,0.0,15.8201
10-25:0076,10-25,21.275,fastest,0.0,shipped,25.5998,31.4693,5.3714,2.4943,6.9193,1.1838,22.1063,2.0427,0.6844,18.0383
10-25:0076,10-25,21.275,scenic,0.5,shipped,25.5998,31.4693,5.3714,2.4943,6.9193,1.1838,22.1063,2.0427,0.6844,18.0383
10-25:0076,10-25,21.275,fastest,0.0,town_off,25.5998,31.4693,4.9124,2.4156,6.9193,1.1838,22.1063,2.0427,0.6844,18.0383
10-25:0076,10-25,21.275,scenic,0.5,town_off,25.5998,31.4693,4.9124,2.4156,6.9193,1.1838,22.1063,2.0427,0.6844,18.0383
10-25:0077,10-25,11.71,fastest,0.0,shipped,15.3129,15.2971,4.8654,1.7517,10.4837,0.0,10.6263,5.3005,0.0,4.1898
10-25:0077,10-25,11.71,scenic,0.5,shipped,15.3129,15.2971,4.8654,1.7517,10.4837,0.0,10.6263,5.3005,0.0,4.1898
10-25:0077,10-25,11.71,fastest,0.0,town_off,15.3129,15.2971,4.8671,0.7556,10.4837,0.0,10.6263,5.3005,0.0,4.1898
10-25:0077,10-25,11.71,scenic,0.5,town_off,15.3129,15.2971,4.8671,0.7556,10.4837,0.0,10.6263,5.3005,0.0,4.1898
10-25:0078,10-25,20.622,fastest,0.0,shipped,31.1178,37.2957,5.2599,5.886,7.6123,0.0,21.8779,29.226,0.0,10.6718
10-25:0078,10-25,20.622,scenic,0.5,shipped,34.1648,39.4054,6.9631,17.4013,20.0334,0.0,30.8704,32.1959,5.3778,9.5678
10-25:0078,10-25,20.622,fastest,0.0,town_off,31.1178,37.2957,5.3861,4.9195,7.6123,0.0,21.8779,29.226,0.0,10.6718
10-25:0078,10-25,20.622,scenic,0.5,town_off,34.1648,39.4054,7.3455,22.6294,20.0334,0.0,30.8704,32.1959,5.3778,9.5678
10-25:0079,10-25,22.172,fastest,0.0,shipped,25.0069,30.6132,4.6816,1.4911,9.2963,0.0,16.1566,3.0755,0.0,15.3264
10-25:0079,10-25,22.172,scenic,0.5,shipped,24.4604,30.9292,4.692,1.7861,8.4783,0.0,15.811,3.0755,0.0,14.9981
10-25:0079,10-25,22.172,fastest,0.0,town_off,25.0069,30.6132,4.2386,0.7238,9.2963,0.0,16.1566,3.0755,0.0,15.3264
10-25:0079,10-25,22.172,scenic,0.5,town_off,24.4815,30.6778,4.1824,0.9699,8.4994,0.0,15.7652,3.0755,0.0,14.801
10-25:0080,10-25,23.762,fastest,0.0,shipped,28.0792,32.7936,5.129,0.2027,10.8072,0.0,26.7461,4.3065,0.0,9.055
10-25:0080,10-25,23.762,scenic,0.5,shipped,28.0792,32.7936,5.129,0.2027,10.8072,0.0,26.7461,4.3065,0.0,9.055
10-25:0080,10-25,23.762,fastest,0.0,town_off,28.0792,32.7936,5.2199,3.1697,10.8072,0.0,26.7461,4.3065,0.0,9.055
10-25:0080,10-25,23.762,scenic,0.5,town_off,28.0792,32.7936,5.2199,3.1697,10.8072,0.0,26.7461,4.3065,0.0,9.055
10-25:0081,10-25,22.33,fastest,0.0,shipped,35.9057,30.4896,3.6612,4.4665,3.6333,0.0,34.3528,18.0938,0.5816,16.9435
10-25:0081,10-25,22.33,scenic,0.5,shipped,29.2641,34.4349,6.587,11.0083,11.1109,0.0,29.2052,14.9962,0.5816,10.1949
10-25:0081,10-25,22.33,fastest,0.0,town_off,35.9057,30.4896,3.6604,5.3258,3.6333,0.0,34.3528,18.0938,0.5816,16.9435
10-25:0081,10-25,22.33,scenic,0.5,town_off,29.2641,34.4349,6.6975,9.5626,11.1109,0.0,29.2052,14.9962,0.5816,10.1949
10-25:0082,10-25,24.462,fastest,0.0,shipped,41.6445,41.6774,4.2494,1.7487,20.1357,0.0,40.5089,37.8248,0.4698,14.3281
10-25:0082,10-25,24.462,scenic,0.5,shipped,45.7691,50.9373,7.0285,26.2603,34.0383,0.0,41.7978,44.7005,0.0,19.0192
10-25:0082,10-25,24.462,fastest,0.0,town_off,41.6445,41.6774,4.5047,1.5844,20.1357,0.0,40.5089,37.8248,0.4698,14.3281
10-25:0082,10-25,24.462,scenic,0.5,town_off,45.7691,50.9373,7.1941,30.4812,34.0383,0.0,41.7978,44.7005,0.0,19.0192
10-25:0083,10-25,15.749,fastest,0.0,shipped,17.1345,16.7321,5.6579,0.0,16.788,0.0,10.1818,3.0067,0.0,2.5668
10-25:0083,10-25,15.749,scenic,0.5,shipped,17.1441,16.7489,5.6772,0.2489,16.7976,0.0,10.3643,3.0067,0.0,2.5765
10-25:0083,10-25,15.749,fastest,0.0,town_off,17.1345,16.7321,6.0931,0.6898,16.788,0.0,10.1818,3.0067,0.0,2.5668
10-25:0083,10-25,15.749,scenic,0.5,town_off,17.1441,16.7489,6.1104,0.6898,16.7976,0.0,10.3643,3.0067,0.0,2.5765
10-25:0084,10-25,10.55,fastest,0.0,shipped,18.6233,13.5977,2.3832,0.9114,3.1828,6.8125,11.9033,0.0,0.4443,9.0599
10-25:0084,10-25,10.55,scenic,0.5,shipped,15.702,21.7022,6.7562,4.8702,4.6472,15.3336,10.361,0.0,0.0,15.0016
10-25:0084,10-25,10.55,fastest,0.0,town_off,18.6233,13.5977,2.0137,0.5532,3.1828,6.8125,11.9033,0.0,0.4443,9.0599
10-25:0084,10-25,10.55,scenic,0.5,town_off,15.702,21.7022,6.1491,3.197,4.6472,15.3336,10.361,0.0,0.0,15.0016
10-25:0085,10-25,23.724,fastest,0.0,shipped,40.1989,36.293,5.4268,7.507,13.3979,0.0,37.7965,32.9509,0.0,8.4239
10-25:0085,10-25,23.724,scenic,0.5,shipped,35.1508,39.6035,6.3334,12.3605,23.1228,0.0,29.9168,29.727,0.0,9.7175
10-25:0085,10-25,23.724,fastest,0.0,town_off,40.1989,36.293,5.8493,9.1052,13.3979,0.0,37.7965,32.9509,0.0,8.4239
10-25:0085,10-25,23.724,scenic,0.5,town_off,36.6978,40.5708,6.9606,20.4683,24.7575,0.0,32.4394,29.5152,0.0,8.7783
10-25:0086,10-25,17.262,fastest,0.0,shipped,29.9699,29.635,3.2183,1.0198,9.2449,0.0,26.5077,0.0,1.7945,12.999
10-25:0086,10-25,17.262,scenic,0.5,shipped,26.7089,32.7304,5.2286,3.2012,14.8171,0.0,22.2723,0.0,0.0,12.4731
10-25:0086,10-25,17.262,fastest,0.0,town_off,29.9699,29.635,3.0151,0.2937,9.2449,0.0,26.5077,0.0,1.7945,12.999
10-25:0086,10-25,17.262,scenic,0.5,town_off,26.3683,31.3494,4.8419,1.5146,12.5459,0.0,21.9317,0.0,0.0,8.6993
10-25:0087,10-25,24.221,fastest,0.0,shipped,29.5584,25.3315,3.3395,1.9652,1.888,0.0,23.7998,20.9959,10.8395,6.8778
10-25:0087,10-25,24.221,scenic,0.5,shipped,32.9922,35.7566,5.7878,3.4453,15.3431,0.0,27.6616,28.3355,18.0921,12.7425
10-25:0087,10-25,24.221,fastest,0.0,town_off,29.5584,25.3315,3.3954,1.4383,1.888,0.0,23.7998,20.9959,10.8395,6.8778
10-25:0087,10-25,24.221,scenic,0.5,town_off,32.9922,35.7566,5.8802,6.4839,15.3431,0.0,27.6616,28.3355,18.0921,12.7425
10-25:0088,10-25,14.894,fastest,0.0,shipped,23.0723,21.0744,2.2404,0.0,13.0697,1.7409,13.8542,3.2023,0.0,14.0442
10-25:0088,10-25,14.894,scenic,0.5,shipped,19.1923,33.8758,6.8035,9.9144,14.8142,0.0,14.8676,2.0893,0.0,15.8777
10-25:0088,10-25,14.894,fastest,0.0,town_off,23.0723,21.0744,2.0884,0.0,13.0697,1.7409,13.8542,3.2023,0.0,14.0442
10-25:0088,10-25,14.894,scenic,0.5,town_off,19.985,34.165,6.5898,8.3929,17.9128,0.0,16.8705,2.0893,0.0,14.8618
10-25:0089,10-25,20.667,fastest,0.0,shipped,37.8364,31.6967,3.2593,1.2197,6.175,0.0,27.9187,13.1141,1.172,15.2082
10-25:0089,10-25,20.667,scenic,0.5,shipped,28.3541,33.5023,5.2338,4.8108,14.2277,0.0,17.1786,16.8556,0.3551,6.9788
10-25:0089,10-25,20.667,fastest,0.0,town_off,37.8364,31.6967,3.0336,0.5165,6.175,0.0,27.9187,13.1141,1.172,15.2082
10-25:0089,10-25,20.667,scenic,0.5,town_off,28.3541,33.5023,5.4924,5.8951,14.2277,0.0,17.1786,16.8556,0.3551,6.9788
10-25:0090,10-25,20.256,fastest,0.0,shipped,32.0523,25.4679,1.5335,0.3732,16.3815,0.0,16.3604,4.0266,0.0,13.6238
10-25:0090,10-25,20.256,scenic,0.5,shipped,24.8284,34.4784,5.6272,6.2709,13.2759,0.0,17.768,5.3931,0.0,18.0787
10-25:0090,10-25,20.256,fastest,0.0,town_off,32.0523,25.4679,1.4299,0.0259,16.3815,0.0,16.3604,4.0266,0.0,13.6238
10-25:0090,10-25,20.256,scenic,0.5,town_off,24.8284,34.4784,5.1353,5.5801,13.2759,0.0,17.768,5.3931,0.0,18.0787
10-25:0091,10-25,17.226,fastest,0.0,shipped,31.1998,34.4528,6.8958,14.3157,19.6435,0.0,26.2024,28.4668,0.0,10.8785
10-25:0091,10-25,17.226,scenic,0.5,shipped,31.1616,34.4662,6.8974,14.3157,19.6435,0.0,26.1642,28.4286,0.0,10.8785
10-25:0091,10-25,17.226,fastest,0.0,town_off,31.1998,34.4528,7.1812,16.3735,19.6435,0.0,26.2024,28.4668,0.0,10.8785
10-25:0091,10-25,17.226,scenic,0.5,town_off,31.102,34.9117,7.2515,16.324,19.6716,0.0,28.246,27.2674,0.0,9.9393
10-25:0092,10-25,11.752,fastest,0.0,shipped,22.5351,16.9582,1.1017,0.6038,4.3752,0.0,21.9083,0.7735,0.7454,4.5579
10-25:0092,10-25,11.752,scenic,0.5,shipped,15.5739,20.8117,5.564,2.4653,4.1095,0.0,13.987,1.4556,0.0,9.2546
10-25:0092,10-25,11.752,fastest,0.0,town_off,22.5351,16.9582,1.1782,0.4501,4.3752,0.0,21.9083,0.7735,0.7454,4.5579
10-25:0092,10-25,11.752,scenic,0.5,town_off,15.5739,20.8117,5.1422,1.9097,4.1095,0.0,13.987,1.4556,0.0,9.2546
10-25:0093,10-25,24.75,fastest,0.0,shipped,37.3412,26.4842,0.8677,0.2859,10.6527,0.0,16.4334,0.8053,1.1503,8.6588
10-25:0093,10-25,24.75,scenic,0.5,shipped,31.8383,41.7552,5.4599,8.5036,14.0612,0.0,26.3465,1.393,1.6746,16.0127
10-25:0093,10-25,24.75,fastest,0.0,town_off,37.3412,26.4842,0.7647,0.0,10.6527,0.0,16.4334,0.8053,1.1503,8.6588
10-25:0093,10-25,24.75,scenic,0.5,town_off,31.8383,41.7552,5.2531,6.716,14.0612,0.0,26.3465,1.393,1.6746,16.0127
10-25:0094,10-25,22.077,fastest,0.0,shipped,28.3575,33.0728,5.42,1.9464,6.4753,0.0,19.3989,8.2906,10.9106,13.2264
10-25:0094,10-25,22.077,scenic,0.5,shipped,28.3575,33.0728,5.42,1.9464,6.4753,0.0,19.3989,8.2906,10.9106,13.2264
10-25:0094,10-25,22.077,fastest,0.0,town_off,28.3575,33.0728,5.2797,2.3905,6.4753,0.0,19.3989,8.2906,10.9106,13.2264
10-25:0094,10-25,22.077,scenic,0.5,town_off,28.3575,33.0728,5.2797,2.3905,6.4753,0.0,19.3989,8.2906,10.9106,13.2264
10-25:0095,10-25,12.389,fastest,0.0,shipped,25.2266,30.1971,5.8906,5.5469,11.6187,0.0,21.5126,16.607,2.3344,9.9905
10-25:0095,10-25,12.389,scenic,0.5,shipped,25.3603,30.6537,6.2132,7.6599,14.5088,0.0,20.3049,16.2346,3.791,11.129
10-25:0095,10-25,12.389,fastest,0.0,town_off,25.2266,30.1971,5.9955,5.2863,11.6187,0.0,21.5126,16.607,2.3344,9.9905
10-25:0095,10-25,12.389,scenic,0.5,town_off,25.3603,30.6537,6.3216,8.1818,14.5088,0.0,20.3049,16.2346,3.791,11.129
10-25:0096,10-25,24.09,fastest,0.0,shipped,28.2268,19.4346,2.0408,1.08,12.4875,8.3118,15.9285,0.4979,1.0391,11.4576
10-25:0096,10-25,24.09,scenic,0.5,shipped,27.8245,25.6275,3.4896,1.08,11.2555,8.1378,14.9835,0.4979,0.2743,13.5877
10-25:0096,10-25,24.09,fastest,0.0,town_off,28.2268,19.4346,1.8921,1.08,12.4875,8.3118,15.9285,0.4979,1.0391,11.4576
10-25:0096,10-25,24.09,scenic,0.5,town_off,27.8245,25.6275,3.1961,1.08,11.2555,8.1378,14.9835,0.4979,0.2743,13.5877
10-25:0097,10-25,17.659,fastest,0.0,shipped,20.5562,27.1618,6.5669,7.7964,9.8354,0.0,18.9859,18.2189,0.4532,7.9161
10-25:0097,10-25,17.659,scenic,0.5,shipped,22.2513,29.0439,7.3271,11.8084,18.3976,0.0,20.122,20.523,1.5537,7.968
10-25:0097,10-25,17.659,fastest,0.0,town_off,20.5562,27.1618,6.6526,9.0896,9.8354,0.0,18.9859,18.2189,0.4532,7.9161
10-25:0097,10-25,17.659,scenic,0.5,town_off,22.2513,29.0439,7.6952,15.9117,18.3976,0.0,20.122,20.523,1.5537,7.968
10-25:0098,10-25,17.498,fastest,0.0,shipped,29.7951,22.0543,1.7788,1.9882,6.1046,0.0,22.9487,21.9636,1.2445,13.9935
10-25:0098,10-25,17.498,scenic,0.5,shipped,27.5066,38.0252,6.1665,8.4467,9.2704,0.0,22.2617,23.3314,2.0864,14.7113
10-25:0098,10-25,17.498,fastest,0.0,town_off,29.7951,22.0543,1.5509,1.871,6.1046,0.0,22.9487,21.9636,1.2445,13.9935
10-25:0098,10-25,17.498,scenic,0.5,town_off,27.7607,38.7548,6.1899,8.3946,10.2817,0.0,24.0377,23.7955,2.0864,12.6341
10-25:0099,10-25,19.509,fastest,0.0,shipped,43.1174,48.536,6.4424,16.8267,16.7835,0.0,37.2221,41.2971,0.733,15.0428
10-25:0099,10-25,19.509,scenic,0.5,shipped,42.7797,50.1231,6.6027,17.9886,16.8414,0.0,36.8844,41.5486,0.733,14.853
10-25:0099,10-25,19.509,fastest,0.0,town_off,43.1174,48.536,6.6974,17.9963,16.7835,0.0,37.2221,41.2971,0.733,15.0428
10-25:0099,10-25,19.509,scenic,0.5,town_off,42.7797,50.1231,6.8586,18.2559,16.8414,0.0,36.8844,41.5486,0.733,14.853
10-25:0100,10-25,20.518,fastest,0.0,shipped,27.4955,28.471,4.9582,5.9948,16.5241,0.0,23.1221,9.0908,0.0,8.1389
10-25:0100,10-25,20.518,scenic,0.5,shipped,25.5182,29.4016,4.9453,4.0354,7.6778,0.0,20.6506,13.8172,0.0,9.5876
10-25:0100,10-25,20.518,fastest,0.0,town_off,27.4955,28.471,5.0048,6.8859,16.5241,0.0,23.1221,9.0908,0.0,8.1389
10-25:0100,10-25,20.518,scenic,0.5,town_off,25.5182,29.4016,4.9012,4.466,7.6778,0.0,20.6506,13.8172,0.0,9.5876
10-25:0101,10-25,17.052,fastest,0.0,shipped,25.6917,19.5655,1.5786,1.126,5.5532,0.0,14.444,13.2718,0.0,8.7913
10-25:0101,10-25,17.052,scenic,0.5,shipped,18.4276,26.5561,4.7286,1.9377,4.1783,0.0,10.8114,1.3772,0.0,13.0247
10-25:0101,10-25,17.052,fastest,0.0,town_off,25.6917,19.5655,1.6035,1.1587,5.5532,0.0,14.444,13.2718,0.0,8.7913
10-25:0101,10-25,17.052,scenic,0.5,town_off,19.6347,26.8825,4.7902,2.0795,5.4941,0.0,16.4663,8.1116,0.0,10.5424
10-25:0102,10-25,24.953,fastest,0.0,shipped,41.0469,31.8425,1.9736,1.7074,17.5668,0.0,30.2064,11.2391,1.3554,16.5133
10-25:0102,10-25,24.953,scenic,0.5,shipped,32.1231,47.2027,6.1647,9.6538,15.0778,0.0,29.4203,12.54,3.9597,21.4213
10-25:0102,10-25,24.953,fastest,0.0,town_off,41.0469,31.8425,1.8217,0.9107,17.5668,0.0,30.2064,11.2391,1.3554,16.5133
10-25:0102,10-25,24.953,scenic,0.5,town_off,31.9981,47.7034,5.8869,8.6748,14.8657,0.0,29.2952,12.4149,4.1538,20.1788
10-25:0103,10-25,22.851,fastest,0.0,shipped,34.419,37.4965,4.2999,2.0761,8.8955,0.0,27.766,31.7799,0.0,8.4212
10-25:0103,10-25,22.851,scenic,0.5,shipped,34.419,37.4965,4.2999,2.0761,8.8955,0.0,27.766,31.7799,0.0,8.4212
10-25:0103,10-25,22.851,fastest,0.0,town_off,34.419,37.4965,4.3819,1.5569,8.8955,0.0,27.766,31.7799,0.0,8.4212
10-25:0103,10-25,22.851,scenic,0.5,town_off,34.419,37.4965,4.3819,1.5569,8.8955,0.0,27.766,31.7799,0.0,8.4212
10-25:0104,10-25,19.469,fastest,0.0,shipped,52.4302,52.5169,3.2713,5.1774,21.2704,24.0246,18.6437,3.1005,0.0,41.9647
10-25:0104,10-25,19.469,scenic,0.5,shipped,43.4731,57.3353,4.4557,6.9442,14.4974,30.9287,9.2824,2.2986,0.0,31.4887
10-25:0104,10-25,19.469,fastest,0.0,town_off,52.4302,52.5169,2.7582,3.6855,21.2704,24.0246,18.6437,3.1005,0.0,41.9647
10-25:0104,10-25,19.469,scenic,0.5,town_off,43.4731,57.3353,4.0226,6.6882,14.4974,30.9287,9.2824,2.2986,0.0,31.4887
10-25:0105,10-25,13.886,fastest,0.0,shipped,15.5881,16.2709,6.719,8.7757,9.0929,0.0,15.4588,5.3449,0.0,7.1691
10-25:0105,10-25,13.886,scenic,0.5,shipped,15.5881,16.2709,6.719,8.7757,9.0929,0.0,15.4588,5.3449,0.0,7.1691
10-25:0105,10-25,13.886,fastest,0.0,town_off,15.5881,16.2709,6.7804,8.5107,9.0929,0.0,15.4588,5.3449,0.0,7.1691
10-25:0105,10-25,13.886,scenic,0.5,town_off,15.5881,16.2709,6.7804,8.5107,9.0929,0.0,15.4588,5.3449,0.0,7.1691
10-25:0106,10-25,18.987,fastest,0.0,shipped,51.2635,45.1969,7.2135,31.0452,28.873,0.0,45.9715,48.3683,0.0,18.4951
10-25:0106,10-25,18.987,scenic,0.5,shipped,51.2635,45.1969,7.2135,31.0452,28.873,0.0,45.9715,48.3683,0.0,18.4951
10-25:0106,10-25,18.987,fastest,0.0,town_off,51.2635,45.1969,7.4766,31.7633,28.873,0.0,45.9715,48.3683,0.0,18.4951
10-25:0106,10-25,18.987,scenic,0.5,town_off,51.2635,45.1969,7.4766,31.7633,28.873,0.0,45.9715,48.3683,0.0,18.4951
10-25:0107,10-25,22.533,fastest,0.0,shipped,28.4965,24.4633,2.3587,1.2006,6.8934,0.0,20.5376,0.0,1.3144,12.4957
10-25:0107,10-25,22.533,scenic,0.5,shipped,26.2081,33.4271,5.0517,2.8075,10.3538,2.385,16.4832,0.0122,1.3144,17.8365
10-25:0107,10-25,22.533,fastest,0.0,town_off,28.4965,24.4633,2.1774,0.2957,6.8934,0.0,20.5376,0.0,1.3144,12.4957
10-25:0107,10-25,22.533,scenic,0.5,town_off,28.4618,37.9511,5.8767,5.4096,11.4188,6.673,24.7167,0.4408,1.3144,17.1412
10-25:0108,10-25,24.827,fastest,0.0,shipped,32.1009,32.1352,3.1406,1.6691,12.8869,0.0,21.0332,7.6464,0.0,13.6759
10-25:0108,10-25,24.827,scenic,0.5,shipped,31.4469,36.4987,4.7955,7.1785,15.3484,0.0,22.3831,4.3608,1.4677,12.2373
10-25:0108,10-25,24.827,fastest,0.0,town_off,32.1009,32.1352,3.0819,1.154,12.8869,0.0,21.0332,7.6464,0.0,13.6759
10-25:0108,10-25,24.827,scenic,0.5,town_off,31.4469,36.4987,4.834,7.0047,15.3484,0.0,22.3831,4.3608,1.4677,12.2373
10-25:0109,10-25,18.968,fastest,0.0,shipped,22.0304,25.9212,6.7296,11.3852,15.7011,0.0,20.4987,15.4769,0.6896,9.6067
10-25:0109,10-25,18.968,scenic,0.5,shipped,22.0304,25.9212,6.7296,11.3852,15.7011,0.0,20.4987,15.4769,0.6896,9.6067
10-25:0109,10-25,18.968,fastest,0.0,town_off,22.0304,25.9212,6.9434,12.3829,15.7011,0.0,20.4987,15.4769,0.6896,9.6067
10-25:0109,10-25,18.968,scenic,0.5,town_off,22.2872,26.7467,7.1986,13.2098,16.7651,0.0,21.2653,16.2693,0.6896,8.391
10-25:0110,10-25,23.75,fastest,0.0,shipped,38.7577,29.0226,2.2195,1.0223,21.6249,0.0,21.6611,12.2849,0.4992,22.0473
10-25:0110,10-25,23.75,scenic,0.5,shipped,28.4239,37.5201,4.8223,4.7641,14.441,0.0,22.011,6.0018,3.9231,12.9446
10-25:0110,10-25,23.75,fastest,0.0,town_off,38.7577,29.0226,2.2533,2.6577,21.6249,0.0,21.6611,12.2849,0.4992,22.0473
10-25:0110,10-25,23.75,scenic,0.5,town_off,28.4239,37.5201,4.8136,4.3283,14.441,0.0,22.011,6.0018,3.9231,12.9446
10-25:0111,10-25,17.494,fastest,0.0,shipped,23.8518,24.7352,3.559,1.3591,12.1924,0.0,16.4111,9.907,0.0,5.3094
10-25:0111,10-25,17.494,scenic,0.5,shipped,21.6035,28.4711,5.5861,2.505,13.3731,0.0,16.3432,7.7372,1.4535,9.1617
10-25:0111,10-25,17.494,fastest,0.0,town_off,23.8518,24.7352,3.6981,2.5474,12.1924,0.0,16.4111,9.907,0.0,5.3094
10-25:0111,10-25,17.494,scenic,0.5,town_off,21.9459,28.1216,5.6002,5.5979,13.1937,0.0,15.6889,7.5938,1.4535,7.2248
10-25:0113,10-25,23.186,fastest,0.0,shipped,45.691,62.2206,2.9675,1.317,11.4275,0.0,35.8974,0.0,0.6542,6.8296
10-25:0113,10-25,23.186,scenic,0.5,shipped,44.2373,63.2838,3.5258,1.317,13.5747,0.0,38.366,0.0,0.6542,2.978
10-25:0113,10-25,23.186,fastest,0.0,town_off,45.691,62.2206,3.1461,1.0289,11.4275,0.0,35.8974,0.0,0.6542,6.8296
10-25:0113,10-25,23.186,scenic,0.5,town_off,44.2373,63.2838,3.8416,2.6151,13.5747,0.0,38.366,0.0,0.6542,2.978
10-25:0114,10-25,17.81,fastest,0.0,shipped,21.8268,26.8625,4.6238,0.6121,4.8749,0.0,17.4873,5.0585,0.0,7.6736
10-25:0114,10-25,17.81,scenic,0.5,shipped,21.8711,27.8228,4.8689,0.9337,7.0386,0.0,16.3956,6.0474,0.0,6.1599
10-25:0114,10-25,17.81,fastest,0.0,town_off,21.8268,26.8625,4.5445,0.6193,4.8749,0.0,17.4873,5.0585,0.0,7.6736
10-25:0114,10-25,17.81,scenic,0.5,town_off,21.8158,27.8782,4.8919,1.8345,6.9832,0.0,15.5136,6.0474,0.0,6.1046
10-25:0115,10-25,16.99,fastest,0.0,shipped,29.0836,31.3289,5.2084,2.6881,5.9837,0.0,27.2975,19.7105,0.0,10.4424
10-25:0115,10-25,16.99,scenic,0.5,shipped,28.6229,31.6753,5.292,2.1614,5.9837,0.0,26.8367,19.2497,0.0,10.5325
10-25:0115,10-25,16.99,fastest,0.0,town_off,29.0836,31.3289,5.2634,2.3158,5.9837,0.0,27.2975,19.7105,0.0,10.4424
10-25:0115,10-25,16.99,scenic,0.5,town_off,28.6229,31.6753,5.3462,2.3158,5.9837,0.0,26.8367,19.2497,0.0,10.5325
10-25:0116,10-25,18.424,fastest,0.0,shipped,22.675,27.0822,5.2424,2.1896,9.1633,0.0,18.4394,13.4596,1.896,7.0748
10-25:0116,10-25,18.424,scenic,0.5,shipped,22.675,27.0822,5.2424,2.1896,9.1633,0.0,18.4394,13.4596,1.896,7.0748
10-25:0116,10-25,18.424,fastest,0.0,town_off,22.675,27.0822,5.2956,2.0469,9.1633,0.0,18.4394,13.4596,1.896,7.0748
10-25:0116,10-25,18.424,scenic,0.5,town_off,28.372,30.7453,6.9019,14.7189,22.9479,0.0,24.2036,18.5468,1.8134,11.7438
10-25:0117,10-25,16.813,fastest,0.0,shipped,29.6119,26.004,2.1929,0.0,6.5458,0.0,24.8077,0.0,2.6011,15.3599
10-25:0117,10-25,16.813,scenic,0.5,shipped,21.1672,26.3053,4.7173,1.1308,9.2725,0.0,18.4793,0.0,6.8619,10.7719
10-25:0117,10-25,16.813,fastest,0.0,town_off,29.6119,26.004,1.9124,0.0,6.5458,0.0,24.8077,0.0,2.6011,15.3599
10-25:0117,10-25,16.813,scenic,0.5,town_off,21.1672,26.3053,4.4429,0.565,9.2725,0.0,18.4793,0.0,6.8619,10.7719
10-25:0118,10-25,11.458,fastest,0.0,shipped,13.3963,16.9209,5.2954,0.6724,5.8888,0.0,11.9048,0.0,0.5986,4.8766
10-25:0118,10-25,11.458,scenic,0.5,shipped,13.3011,16.9406,5.3039,0.6724,5.7677,0.0,11.9048,0.0,0.5986,4.7815
10-25:0118,10-25,11.458,fastest,0.0,town_off,13.3963,16.9209,5.2715,1.989,5.8888,0.0,11.9048,0.0,0.5986,4.8766
10-25:0118,10-25,11.458,scenic,0.5,town_off,13.3011,16.9406,5.2832,1.989,5.7677,0.0,11.9048,0.0,0.5986,4.7815
10-25:0119,10-25,21.864,fastest,0.0,shipped,26.5637,34.5439,6.201,6.1171,7.225,0.0,24.5673,26.2503,0.0,6.8142
10-25:0119,10-25,21.864,scenic,0.5,shipped,26.5637,34.5439,6.201,6.1171,7.225,0.0,24.5673,26.2503,0.0,6.8142
10-25:0119,10-25,21.864,fastest,0.0,town_off,26.5637,34.5439,6.375,7.5155,7.225,0.0,24.5673,26.2503,0.0,6.8142
10-25:0119,10-25,21.864,scenic,0.5,town_off,26.5637,34.5439,6.375,7.5155,7.225,0.0,24.5673,26.2503,0.0,6.8142
10-25:0120,10-25,14.75,fastest,0.0,shipped,19.3743,23.3477,3.8242,1.5743,7.179,1.2237,8.0059,3.2185,0.0,8.3482
10-25:0120,10-25,14.75,scenic,0.5,shipped,17.3789,25.8488,4.2466,0.0,1.8533,0.6101,9.8518,1.3565,0.0,9.1277
10-25:0120,10-25,14.75,fastest,0.0,town_off,19.3743,23.3477,3.69,1.2739,7.179,1.2237,8.0059,3.2185,0.0,8.3482
10-25:0120,10-25,14.75,scenic,0.5,town_off,19.5083,23.5983,4.0081,1.2739,7.1066,1.2237,9.5578,3.3816,0.0,8.3482
10-25:0121,10-25,20.232,fastest,0.0,shipped,30.6325,34.2242,5.5359,5.2438,9.863,0.0,24.1656,30.2429,0.0,9.5703
10-25:0121,10-25,20.232,scenic,0.5,shipped,30.6325,34.2242,5.5359,5.2438,9.863,0.0,24.1656,30.2429,0.0,9.5703
10-25:0121,10-25,20.232,fastest,0.0,town_off,30.6325,34.2242,5.7014,5.4511,9.863,0.0,24.1656,30.2429,0.0,9.5703
10-25:0121,10-25,20.232,scenic,0.5,town_off,30.6325,34.2242,5.7014,5.4511,9.863,0.0,24.1656,30.2429,0.0,9.5703
10-25:0122,10-25,24.459,fastest,0.0,shipped,26.7181,18.3874,1.5633,0.4168,11.8533,0.0,17.3084,12.8295,0.0,12.628
10-25:0122,10-25,24.459,scenic,0.5,shipped,28.5688,38.0184,6.1677,10.1389,17.7515,0.0,19.2973,10.8216,0.0,17.6924
10-25:0122,10-25,24.459,fastest,0.0,town_off,26.7181,18.3874,1.6198,0.3231,11.8533,0.0,17.3084,12.8295,0.0,12.628
10-25:0122,10-25,24.459,scenic,0.5,town_off,27.6201,37.4953,5.6446,7.4155,14.2329,0.0,18.3091,10.1209,1.0602,15.6392
10-25:0123,10-25,13.902,fastest,0.0,shipped,19.3771,19.9883,2.2084,0.0,2.2701,0.0,10.9782,0.0,0.0,9.769
10-25:0123,10-25,13.902,scenic,0.5,shipped,16.3697,21.7758,4.7589,0.608,2.085,0.0,13.9148,0.0,0.0,9.094
10-25:0123,10-25,13.902,fastest,0.0,town_off,19.3771,19.9883,1.8777,0.0,2.2701,0.0,10.9782,0.0,0.0,9.769
10-25:0123,10-25,13.902,scenic,0.5,town_off,16.3697,21.7758,4.3599,0.2364,2.085,0.0,13.9148,0.0,0.0,9.094
10-25:0124,10-25,21.303,fastest,0.0,shipped,50.2,33.1898,1.2169,2.2042,13.0024,4.9328,28.7574,0.0,2.4235,7.0461
10-25:0124,10-25,21.303,scenic,0.5,shipped,46.4757,57.7746,6.2076,13.7764,23.1349,31.1016,28.4662,1.3281,0.0,29.6112
10-25:0124,10-25,21.303,fastest,0.0,town_off,50.2,33.1898,1.2887,2.739,13.0024,4.9328,28.7574,0.0,2.4235,7.0461
10-25:0124,10-25,21.303,scenic,0.5,town_off,46.2723,57.5592,5.9307,12.0164,23.656,28.9212,29.7049,1.3281,0.0,28.3892
10-25:0125,10-25,18.315,fastest,0.0,shipped,33.5356,31.0146,2.6232,1.2744,5.1597,0.0,30.6144,12.4234,2.5376,6.6438
10-25:0125,10-25,18.315,scenic,0.5,shipped,28.0882,35.7504,5.8335,5.3234,14.847,0.0,23.4719,10.3796,3.7894,5.6834
10-25:0125,10-25,18.315,fastest,0.0,town_off,33.5356,31.0146,2.6344,1.0413,5.1597,0.0,30.6144,12.4234,2.5376,6.6438
10-25:0125,10-25,18.315,scenic,0.5,town_off,28.0882,35.7504,6.1546,8.3229,14.847,0.0,23.4719,10.3796,3.7894,5.6834
10-25:0126,10-25,22.698,fastest,0.0,shipped,29.923,25.3763,3.1908,0.444,15.3825,0.0,26.672,15.1256,0.0,4.7122
10-25:0126,10-25,22.698,scenic,0.5,shipped,25.2361,32.9481,5.3342,2.9553,10.7964,0.0,21.3525,12.772,0.0,7.656
10-25:0126,10-25,22.698,fastest,0.0,town_off,29.923,25.3763,3.6493,3.6315,15.3825,0.0,26.672,15.1256,0.0,4.7122
10-25:0126,10-25,22.698,scenic,0.5,town_off,25.2361,32.9481,5.4568,4.6707,10.7964,0.0,21.3525,12.772,0.0,7.656
10-25:0127,10-25,12.542,fastest,0.0,shipped,14.4831,15.226,1.7244,0.8236,3.1979,0.0,8.3268,7.2471,0.0,6.0199
10-25:0127,10-25,12.542,scenic,0.5,shipped,14.4831,15.226,1.7244,0.8236,3.1979,0.0,8.3268,7.2471,0.0,6.0199
10-25:0127,10-25,12.542,fastest,0.0,town_off,14.4831,15.226,1.6243,0.8236,3.1979,0.0,8.3268,7.2471,0.0,6.0199
10-25:0127,10-25,12.542,scenic,0.5,town_off,14.4831,15.226,1.6243,0.8236,3.1979,0.0,8.3268,7.2471,0.0,6.0199
10-25:0128,10-25,19.645,fastest,0.0,shipped,22.6821,26.601,4.8079,1.0045,9.8188,0.0,17.4049,0.0,1.7889,15.4326
10-25:0128,10-25,19.645,scenic,0.5,shipped,22.6687,26.6101,4.8226,1.1086,9.8444,0.0,17.416,0.0,1.7889,15.4192
10-25:0128,10-25,19.645,fastest,0.0,town_off,22.6821,26.601,4.1457,0.7331,9.8188,0.0,17.4049,0.0,1.7889,15.4326
10-25:0128,10-25,19.645,scenic,0.5,town_off,22.612,26.7059,4.1725,0.7521,9.8444,0.0,17.416,0.0,1.856,15.3624
10-25:0129,10-25,21.579,fastest,0.0,shipped,25.583,23.8348,5.2006,2.9969,10.1334,0.0,24.3121,11.5333,2.5968,9.0054
10-25:0129,10-25,21.579,scenic,0.5,shipped,25.4578,26.8185,6.4754,11.9463,19.849,0.0,24.5278,11.4279,2.5968,12.8743
10-25:0129,10-25,21.579,fastest,0.0,town_off,25.583,23.8348,5.2886,3.8512,10.1334,0.0,24.3121,11.5333,2.5968,9.0054
10-25:0129,10-25,21.579,scenic,0.5,town_off,25.4578,26.8185,6.5196,11.7247,19.849,0.0,24.5278,11.4279,2.5968,12.8743
10-25:0130,10-25,11.438,fastest,0.0,shipped,17.73,13.7198,2.4772,1.9325,8.2189,2.4279,13.8946,5.217,0.9519,9.3589
10-25:0130,10-25,11.438,scenic,0.5,shipped,17.9914,19.8016,4.5683,3.0604,10.428,2.4279,11.4268,6.1221,0.9519,7.6349
10-25:0130,10-25,11.438,fastest,0.0,town_off,17.73,13.7198,2.3719,1.7393,8.2189,2.4279,13.8946,5.217,0.9519,9.3589
10-25:0130,10-25,11.438,scenic,0.5,town_off,17.9914,19.8016,4.5443,2.3499,10.428,2.4279,11.4268,6.1221,0.9519,7.6349
10-25:0131,10-25,22.077,fastest,0.0,shipped,37.8063,49.1591,5.4065,7.4924,12.3127,0.0,35.3997,33.4158,2.3479,8.7952
10-25:0131,10-25,22.077,scenic,0.5,shipped,47.7679,52.2682,7.8512,32.6505,37.1798,0.0,44.0912,43.1728,1.475,12.7619
10-25:0131,10-25,22.077,fastest,0.0,town_off,37.8063,49.1591,5.7103,10.2192,12.3127,0.0,35.3997,33.4158,2.3479,8.7952
10-25:0131,10-25,22.077,scenic,0.5,town_off,47.7679,52.2682,8.2096,34.2022,37.1798,0.0,44.0912,43.1728,1.475,12.7619
10-25:0132,10-25,12.422,fastest,0.0,shipped,14.5572,12.1233,1.6111,1.4046,2.7136,1.8319,12.8752,5.0692,0.0,4.8709
10-25:0132,10-25,12.422,scenic,0.5,shipped,14.4789,14.5068,2.6286,2.6734,2.7856,1.8319,13.529,5.587,0.0,4.5302
10-25:0132,10-25,12.422,fastest,0.0,town_off,14.5572,12.1233,1.4999,1.0374,2.7136,1.8319,12.8752,5.0692,0.0,4.8709
10-25:0132,10-25,12.422,scenic,0.5,town_off,15.9468,22.1271,5.8515,6.6798,7.1562,1.0608,14.7125,5.6839,0.0,2.1862
10-25:0133,10-25,23.853,fastest,0.0,shipped,36.0272,40.1993,3.483,2.7671,13.4073,28.4216,10.3205,1.5652,0.0,21.1614
10-25:0133,10-25,23.853,scenic,0.5,shipped,36.0272,40.1993,3.483,2.7671,13.4073,28.4216,10.3205,1.5652,0.0,21.1614
10-25:0133,10-25,23.853,fastest,0.0,town_off,36.0272,40.1993,3.2751,2.9047,13.4073,28.4216,10.3205,1.5652,0.0,21.1614
10-25:0133,10-25,23.853,scenic,0.5,town_off,35.9859,40.2161,3.2702,2.9047,13.4073,28.3804,10.521,1.5652,0.0,21.1201
10-25:0134,10-25,24.907,fastest,0.0,shipped,29.7596,33.525,5.8473,10.7306,14.3021,0.0,29.1128,15.6444,3.7761,12.3008
10-25:0134,10-25,24.907,scenic,0.5,shipped,29.29,33.7548,5.8638,10.7306,14.4587,0.0,28.6432,15.6444,3.7761,11.3838
10-25:0134,10-25,24.907,fastest,0.0,town_off,29.7596,33.525,5.9233,9.5296,14.3021,0.0,29.1128,15.6444,3.7761,12.3008
10-25:0134,10-25,24.907,scenic,0.5,town_off,28.4896,36.2826,6.3092,12.6672,15.0248,0.0,28.0345,17.0326,3.7761,9.4208
10-25:0135,10-25,18.725,fastest,0.0,shipped,21.1421,23.0864,4.3248,0.4805,6.6563,0.0,16.4631,2.1934,2.6006,6.5151
10-25:0135,10-25,18.725,scenic,0.5,shipped,21.1421,23.0864,4.3248,0.4805,6.6563,0.0,16.4631,2.1934,2.6006,6.5151
10-25:0135,10-25,18.725,fastest,0.0,town_off,21.1421,23.0864,4.3535,0.9117,6.6563,0.0,16.4631,2.1934,2.6006,6.5151
10-25:0135,10-25,18.725,scenic,0.5,town_off,21.1421,23.0864,4.3535,0.9117,6.6563,0.0,16.4631,2.1934,2.6006,6.5151
10-25:0136,10-25,20.747,fastest,0.0,shipped,34.6992,32.0231,1.7241,0.2401,13.4996,0.0,19.6434,5.8486,0.0,21.438
10-25:0136,10-25,20.747,scenic,0.5,shipped,24.43,41.7565,4.9274,3.4962,9.7888,0.0,18.833,4.5382,1.1738,11.4331
10-25:0136,10-25,20.747,fastest,0.0,town_off,34.6992,32.0231,1.599,0.0,13.4996,0.0,19.6434,5.8486,0.0,21.438
10-25:0136,10-25,20.747,scenic,0.5,town_off,24.43,41.7565,4.7841,3.1932,9.7888,0.0,18.833,4.5382,1.1738,11.4331
10-25:0137,10-25,11.419,fastest,0.0,shipped,16.0037,19.2553,5.1123,2.7488,4.4357,0.0,11.3599,9.5777,0.0,10.3195
10-25:0137,10-25,11.419,scenic,0.5,shipped,15.2149,19.9488,6.0572,6.0493,8.034,0.0,12.5979,6.2394,0.0,10.0911
10-25:0137,10-25,11.419,fastest,0.0,town_off,16.0037,19.2553,4.7525,1.6891,4.4357,0.0,11.3599,9.5777,0.0,10.3195
10-25:0137,10-25,11.419,scenic,0.5,town_off,15.2149,19.9488,5.7589,5.2922,8.034,0.0,12.5979,6.2394,0.0,10.0911
10-25:0138,10-25,14.538,fastest,0.0,shipped,22.7345,27.9424,5.1039,3.3317,6.0667,0.0,20.0016,20.4634,0.0,7.333
10-25:0138,10-25,14.538,scenic,0.5,shipped,28.4642,29.5405,6.673,14.306,20.5966,0.0,20.7867,26.5329,0.0,8.2262
10-25:0138,10-25,14.538,fastest,0.0,town_off,22.7345,27.9424,5.1908,3.1795,6.0667,0.0,20.0016,20.4634,0.0,7.333
10-25:0138,10-25,14.538,scenic,0.5,town_off,28.4642,29.5405,6.9619,14.6066,20.5966,0.0,20.7867,26.5329,0.0,8.2262
10-25:0139,10-25,24.864,fastest,0.0,shipped,36.1096,25.9082,1.2323,0.1093,7.7663,0.0,21.2622,0.0,1.004,9.3572
10-25:0139,10-25,24.864,scenic,0.5,shipped,28.9717,35.2535,4.3034,2.3054,14.798,0.0,24.7247,0.0,1.0401,4.4226
10-25:0139,10-25,24.864,fastest,0.0,town_off,36.1096,25.9082,1.1047,0.0,7.7663,0.0,21.2622,0.0,1.004,9.3572
10-25:0139,10-25,24.864,scenic,0.5,town_off,28.9717,35.2535,4.5087,2.7391,14.798,0.0,24.7247,0.0,1.0401,4.4226
10-25:0140,10-25,18.722,fastest,0.0,shipped,27.7236,20.9128,1.8882,2.3733,8.7665,0.0,15.4902,16.1876,0.0,10.8479
10-25:0140,10-25,18.722,scenic,0.5,shipped,20.4191,28.8035,4.5426,1.1553,4.074,0.0,9.4883,3.7589,0.0,15.2274
10-25:0140,10-25,18.722,fastest,0.0,town_off,27.7236,20.9128,1.9448,2.1034,8.7665,0.0,15.4902,16.1876,0.0,10.8479
10-25:0140,10-25,18.722,scenic,0.5,town_off,21.8522,30.2262,4.6658,2.1686,5.7412,0.0,16.7306,8.9973,0.0,12.7806
10-25:0141,10-25,20.931,fastest,0.0,shipped,22.5115,26.5766,5.9186,3.549,7.1505,0.0,22.1494,9.4326,0.0964,3.3404
10-25:0141,10-25,20.931,scenic,0.5,shipped,22.5115,26.5766,5.9186,3.549,7.1505,0.0,22.1494,9.4326,0.0964,3.3404
10-25:0141,10-25,20.931,fastest,0.0,town_off,22.5115,26.5766,6.3243,7.7608,7.1505,0.0,22.1494,9.4326,0.0964,3.3404
10-25:0141,10-25,20.931,scenic,0.5,town_off,22.5115,26.5766,6.3243,7.7608,7.1505,0.0,22.1494,9.4326,0.0964,3.3404
10-25:0142,10-25,11.151,fastest,0.0,shipped,16.8867,17.6913,4.4373,0.463,2.6294,0.2554,15.8742,0.0,0.0,8.0291
10-25:0142,10-25,11.151,scenic,0.5,shipped,17.0886,18.8033,4.9819,2.515,4.5587,1.977,16.1286,0.0,0.0,8.2311
10-25:0142,10-25,11.151,fastest,0.0,town_off,16.8867,17.6913,4.3049,0.0552,2.6294,0.2554,15.8742,0.0,0.0,8.0291
10-25:0142,10-25,11.151,scenic,0.5,town_off,17.0886,18.8033,4.8323,2.1645,4.5587,1.977,16.1286,0.0,0.0,8.2311
10-25:0143,10-25,17.045,fastest,0.0,shipped,21.3979,27.1199,5.9211,6.1538,11.5882,0.0,19.4529,6.0988,0.6299,9.9079
10-25:0143,10-25,17.045,scenic,0.5,shipped,21.3979,27.1199,5.9211,6.1538,11.5882,0.0,19.4529,6.0988,0.6299,9.9079
10-25:0143,10-25,17.045,fastest,0.0,town_off,21.3979,27.1199,5.891,5.4469,11.5882,0.0,19.4529,6.0988,0.6299,9.9079
10-25:0143,10-25,17.045,scenic,0.5,town_off,21.3979,27.1199,5.891,5.4469,11.5882,0.0,19.4529,6.0988,0.6299,9.9079
10-25:0144,10-25,15.385,fastest,0.0,shipped,26.5615,22.2759,7.2137,17.2135,14.1863,0.0,24.1914,26.5615,0.0,7.6163
10-25:0144,10-25,15.385,scenic,0.5,shipped,26.5615,22.2759,7.2137,17.2135,14.1863,0.0,24.1914,26.5615,0.0,7.6163
10-25:0144,10-25,15.385,fastest,0.0,town_off,26.5615,22.2759,7.5812,18.1137,14.1863,0.0,24.1914,26.5615,0.0,7.6163
10-25:0144,10-25,15.385,scenic,0.5,town_off,26.5615,22.2759,7.5812,18.1137,14.1863,0.0,24.1914,26.5615,0.0,7.6163
10-25:0145,10-25,24.513,fastest,0.0,shipped,66.0904,71.5397,6.0885,22.6304,36.1549,0.0,59.7064,60.7866,3.849,15.7797
10-25:0145,10-25,24.513,scenic,0.5,shipped,61.0718,74.7091,6.658,27.4839,45.0321,0.0,52.2948,57.8877,3.849,17.0285
10-25:0145,10-25,24.513,fastest,0.0,town_off,66.0904,71.5397,6.5294,26.2195,36.1549,0.0,59.7064,60.7866,3.849,15.7797
10-25:0145,10-25,24.513,scenic,0.5,town_off,61.0122,75.1546,7.0945,34.3932,45.0602,0.0,54.3766,56.7265,3.849,16.0893
10-25:0146,10-25,20.337,fastest,0.0,shipped,31.4611,31.2475,5.0513,2.0242,9.1434,0.0,24.3192,23.5027,2.2822,10.2381
10-25:0146,10-25,20.337,scenic,0.5,shipped,31.4611,31.2475,5.0513,2.0242,9.1434,0.0,24.3192,23.5027,2.2822,10.2381
10-25:0146,10-25,20.337,fastest,0.0,town_off,31.4611,31.2475,5.1507,6.7681,9.1434,0.0,24.3192,23.5027,2.2822,10.2381
10-25:0146,10-25,20.337,scenic,0.5,town_off,31.4611,31.2475,5.1507,6.7681,9.1434,0.0,24.3192,23.5027,2.2822,10.2381
10-25:0147,10-25,16.488,fastest,0.0,shipped,21.0132,24.0933,5.3326,4.2197,7.0654,0.0,17.9595,20.939,0.0,6.7929
10-25:0147,10-25,16.488,scenic,0.5,shipped,21.2648,27.6887,7.6638,15.6349,19.3205,0.0,20.9715,20.9133,0.0,8.7102
10-25:0147,10-25,16.488,fastest,0.0,town_off,21.0132,24.0933,5.5438,4.3711,7.0654,0.0,17.9595,20.939,0.0,6.7929
10-25:0147,10-25,16.488,scenic,0.5,town_off,21.2648,27.6887,8.033,16.0563,19.3205,0.0,20.9715,20.9133,0.0,8.7102
10-25:0148,10-25,23.607,fastest,0.0,shipped,36.1211,31.8529,3.5008,5.8988,13.6444,10.1716,31.3393,8.7796,0.0,10.1512
10-25:0148,10-25,23.607,scenic,0.5,shipped,35.748,40.3106,6.0926,11.8299,18.8425,10.1716,31.0298,6.5253,5.0644,11.726
10-25:0148,10-25,23.607,fastest,0.0,town_off,36.1211,31.8529,3.7383,6.7689,13.6444,10.1716,31.3393,8.7796,0.0,10.1512
10-25:0148,10-25,23.607,scenic,0.5,town_off,35.748,40.3106,6.3164,10.6293,18.8425,10.1716,31.0298,6.5253,5.0644,11.726
10-25:0150,10-25,11.524,fastest,0.0,shipped,11.9013,15.5053,6.0945,2.4753,6.6311,0.0,11.8004,8.3243,0.0,5.1329
10-25:0150,10-25,11.524,scenic,0.5,shipped,11.9013,15.5053,6.0945,2.4753,6.6311,0.0,11.8004,8.3243,0.0,5.1329
10-25:0150,10-25,11.524,fastest,0.0,town_off,11.9013,15.5053,6.1475,6.0902,6.6311,0.0,11.8004,8.3243,0.0,5.1329
10-25:0150,10-25,11.524,scenic,0.5,town_off,11.9013,15.5053,6.1475,6.0902,6.6311,0.0,11.8004,8.3243,0.0,5.1329
10-25:0151,10-25,13.616,fastest,0.0,shipped,18.726,21.9406,4.3619,0.0,4.528,0.0,15.0612,0.0,0.6535,5.8106
10-25:0151,10-25,13.616,scenic,0.5,shipped,16.9624,22.3629,4.3273,0.0,6.1793,0.0,15.1253,0.0,1.4443,4.4019
10-25:0151,10-25,13.616,fastest,0.0,town_off,18.726,21.9406,4.1974,0.8973,4.528,0.0,15.0612,0.0,0.6535,5.8106
10-25:0151,10-25,13.616,scenic,0.5,town_off,16.9624,22.3629,4.3427,0.8973,6.1793,0.0,15.1253,0.0,1.4443,4.4019
10-25:0152,10-25,24.83,fastest,0.0,shipped,46.9528,29.1389,0.9185,1.1078,12.6498,0.0,38.4868,3.7634,0.0,14.6448
10-25:0152,10-25,24.83,scenic,0.5,shipped,28.9725,35.6888,4.5513,0.5934,8.4435,0.0,24.6569,1.6109,0.0,16.8258
10-25:0152,10-25,24.83,fastest,0.0,town_off,46.9528,29.1389,0.8963,0.8396,12.6498,0.0,38.4868,3.7634,0.0,14.6448
10-25:0152,10-25,24.83,scenic,0.5,town_off,29.1643,37.9014,4.7008,2.6746,12.4299,0.0,24.8335,1.6109,0.0,14.0625
10-25:0153,10-25,10.132,fastest,0.0,shipped,12.6652,13.892,5.8997,3.6042,3.1277,6.9135,11.3463,3.0558,3.806,6.8577
10-25:0153,10-25,10.132,scenic,0.5,shipped,12.0487,14.5017,6.1902,4.1419,1.7789,8.1499,10.7878,3.215,3.3254,6.205
10-25:0153,10-25,10.132,fastest,0.0,town_off,12.6652,13.892,5.6715,2.1729,3.1277,6.9135,11.3463,3.0558,3.806,6.8577
10-25:0153,10-25,10.132,scenic,0.5,town_off,12.0487,14.5017,6.0737,3.407,1.7789,8.1499,10.7878,3.215,3.3254,6.205
10-25:0154,10-25,19.96,fastest,0.0,shipped,28.8191,26.5141,5.1923,5.7791,10.9265,14.0627,20.3201,16.5575,1.779,6.7727
10-25:0154,10-25,19.96,scenic,0.5,shipped,25.6878,32.7005,6.4871,8.218,7.197,22.0329,22.2433,17.7859,0.0,4.9752
10-25:0154,10-25,19.96,fastest,0.0,town_off,28.8191,26.5141,5.4556,5.8262,10.9265,14.0627,20.3201,16.5575,1.779,6.7727
10-25:0154,10-25,19.96,scenic,0.5,town_off,25.6878,32.7005,6.9708,11.6753,7.197,22.0329,22.2433,17.7859,0.0,4.9752
10-25:0155,10-25,24.788,fastest,0.0,shipped,37.3625,32.9767,2.2881,0.7683,11.6167,1.3902,28.5668,0.0,2.536,18.6788
10-25:0155,10-25,24.788,scenic,0.5,shipped,29.6873,37.4804,4.8182,1.4252,15.5305,1.3902,22.5591,0.0,3.6616,18.4617
10-25:0155,10-25,24.788,fastest,0.0,town_off,37.3625,32.9767,2.0342,0.7683,11.6167,1.3902,28.5668,0.0,2.536,18.6788
10-25:0155,10-25,24.788,scenic,0.5,town_off,29.6873,37.4804,4.3568,0.7683,15.5305,1.3902,22.5591,0.0,3.6616,18.4617
10-25:0156,10-25,15.214,fastest,0.0,shipped,22.5027,27.681,4.9392,5.0743,4.6778,0.0,22.008,8.0155,0.0,4.2819
10-25:0156,10-25,15.214,scenic,0.5,shipped,22.5027,27.681,4.9392,5.0743,4.6778,0.0,22.008,8.0155,0.0,4.2819
10-25:0156,10-25,15.214,fastest,0.0,town_off,22.5027,27.681,5.1724,3.7326,4.6778,0.0,22.008,8.0155,0.0,4.2819
10-25:0156,10-25,15.214,scenic,0.5,town_off,22.5027,27.681,5.1724,3.7326,4.6778,0.0,22.008,8.0155,0.0,4.2819
10-25:0157,10-25,17.18,fastest,0.0,shipped,20.6418,26.6975,5.5042,3.1201,11.3098,0.0,16.6073,12.9258,0.4112,7.0433
10-25:0157,10-25,17.18,scenic,0.5,shipped,20.6418,26.6975,5.5042,3.1201,11.3098,0.0,16.6073,12.9258,0.4112,7.0433
10-25:0157,10-25,17.18,fastest,0.0,town_off,20.6418,26.6975,5.4048,2.2304,11.3098,0.0,16.6073,12.9258,0.4112,7.0433
10-25:0157,10-25,17.18,scenic,0.5,town_off,20.6418,26.6975,5.4048,2.2304,11.3098,0.0,16.6073,12.9258,0.4112,7.0433
10-25:0158,10-25,10.805,fastest,0.0,shipped,12.6104,19.1134,4.423,1.3152,4.7909,0.0,5.1199,0.0,0.0,6.0459
10-25:0158,10-25,10.805,scenic,0.5,shipped,12.5027,19.1262,4.4438,1.3152,4.7909,0.0,4.913,0.3057,0.0,5.9383
10-25:0158,10-25,10.805,fastest,0.0,town_off,12.6104,19.1134,4.1572,1.4747,4.7909,0.0,5.1199,0.0,0.0,6.0459
10-25:0158,10-25,10.805,scenic,0.5,town_off,12.5027,19.1262,4.1686,1.4747,4.7909,0.0,4.913,0.3057,0.0,5.9383
10-25:0159,10-25,14.173,fastest,0.0,shipped,14.8172,21.3545,5.2411,0.4728,5.9643,0.0,11.7046,9.3346,0.0,3.91
10-25:0159,10-25,14.173,scenic,0.5,shipped,14.8172,21.3545,5.2411,0.4728,5.9643,0.0,11.7046,9.3346,0.0,3.91
10-25:0159,10-25,14.173,fastest,0.0,town_off,14.8172,21.3545,5.2188,0.0473,5.9643,0.0,11.7046,9.3346,0.0,3.91
10-25:0159,10-25,14.173,scenic,0.5,town_off,14.8172,21.3545,5.2188,0.0473,5.9643,0.0,11.7046,9.3346,0.0,3.91
10-25:0160,10-25,20.533,fastest,0.0,shipped,28.8948,26.2579,3.8887,9.0132,13.0847,0.0,28.027,20.7214,0.0,10.0393
10-25:0160,10-25,20.533,scenic,0.5,shipped,26.9268,34.9685,7.651,17.559,19.1281,0.0,26.7352,19.4884,1.627,13.466
10-25:0160,10-25,20.533,fastest,0.0,town_off,28.8948,26.2579,3.9865,8.6057,13.0847,0.0,28.027,20.7214,0.0,10.0393
10-25:0160,10-25,20.533,scenic,0.5,town_off,26.9268,34.9685,7.7361,18.1472,19.1281,0.0,26.7352,19.4884,1.627,13.466
10-25:0161,10-25,22.765,fastest,0.0,shipped,33.6825,24.9764,1.8308,2.2288,7.5676,0.0,23.3436,25.3838,0.0,16.6395
10-25:0161,10-25,22.765,scenic,0.5,shipped,33.3364,34.211,3.9198,7.7678,13.2185,0.0,24.0363,24.7009,1.3963,18.5762
10-25:0161,10-25,22.765,fastest,0.0,town_off,33.6825,24.9764,1.5535,2.102,7.5676,0.0,23.3436,25.3838,0.0,16.6395
10-25:0161,10-25,22.765,scenic,0.5,town_off,33.3364,34.211,3.6072,7.2183,13.2185,0.0,24.0363,24.7009,1.3963,18.5762
10-25:0162,10-25,16.116,fastest,0.0,shipped,18.9603,17.4974,3.1461,2.5595,4.6314,3.3885,18.1129,0.2927,0.0,7.5567
10-25:0162,10-25,16.116,scenic,0.5,shipped,19.3742,25.233,7.5278,12.5995,11.2105,12.8631,18.0908,1.2885,0.8447,14.1386
10-25:0162,10-25,16.116,fastest,0.0,town_off,18.9603,17.4974,3.0748,2.0425,4.6314,3.3885,18.1129,0.2927,0.0,7.5567
10-25:0162,10-25,16.116,scenic,0.5,town_off,18.6369,23.3449,6.7066,7.7586,8.6332,10.6217,17.3011,1.2885,0.8447,13.4013
10-25:0163,10-25,22.675,fastest,0.0,shipped,27.5477,31.2993,4.3468,2.322,10.673,0.0,21.7914,6.2875,0.0,13.7988
10-25:0163,10-25,22.675,scenic,0.5,shipped,25.8796,32.7511,5.7231,5.0845,13.515,0.0,21.2615,6.7079,0.0,15.6025
10-25:0163,10-25,22.675,fastest,0.0,town_off,27.5477,31.2993,4.1289,1.4881,10.673,0.0,21.7914,6.2875,0.0,13.7988
10-25:0163,10-25,22.675,scenic,0.5,town_off,25.8961,32.7561,5.5743,4.8321,13.6036,0.0,20.4857,7.2325,0.0,14.6336
10-25:0164,10-25,10.27,fastest,0.0,shipped,11.2364,12.9394,5.1513,1.5997,4.8666,1.502,9.9869,0.0,0.0,6.2943
10-25:0164,10-25,10.27,scenic,0.5,shipped,11.2364,12.9394,5.1513,1.5997,4.8666,1.502,9.9869,0.0,0.0,6.2943
10-25:0164,10-25,10.27,fastest,0.0,town_off,11.2364,12.9394,4.8095,1.7037,4.8666,1.502,9.9869,0.0,0.0,6.2943
10-25:0164,10-25,10.27,scenic,0.5,town_off,11.2364,12.9394,4.8095,1.7037,4.8666,1.502,9.9869,0.0,0.0,6.2943
10-25:0165,10-25,22.697,fastest,0.0,shipped,42.6885,39.1794,3.4455,4.7484,10.3381,0.0,32.4979,37.0021,0.0,17.3742
10-25:0165,10-25,22.697,scenic,0.5,shipped,33.5148,43.5376,6.0245,6.0029,11.5107,0.0,30.7655,33.214,2.6153,8.9013
10-25:0165,10-25,22.697,fastest,0.0,town_off,42.6885,39.1794,3.3145,4.2791,10.3381,0.0,32.4979,37.0021,0.0,17.3742
10-25:0165,10-25,22.697,scenic,0.5,town_off,33.5148,43.5376,6.249,9.8308,11.5107,0.0,30.7655,33.214,2.6153,8.9013
10-25:0166,10-25,21.99,fastest,0.0,shipped,27.313,27.2251,5.638,4.6621,13.225,0.0,22.8468,11.9932,0.0,15.8684
10-25:0166,10-25,21.99,scenic,0.5,shipped,27.313,27.2251,5.638,4.6621,13.225,0.0,22.8468,11.9932,0.0,15.8684
10-25:0166,10-25,21.99,fastest,0.0,town_off,27.313,27.2251,5.3725,3.5615,13.225,0.0,22.8468,11.9932,0.0,15.8684
10-25:0166,10-25,21.99,scenic,0.5,town_off,27.313,27.2251,5.3725,3.5615,13.225,0.0,22.8468,11.9932,0.0,15.8684
10-25:0167,10-25,20.58,fastest,0.0,shipped,34.1177,28.866,3.0043,5.1621,13.8669,4.1031,24.2146,3.476,1.5519,12.1399
10-25:0167,10-25,20.58,scenic,0.5,shipped,23.3832,29.4545,6.0162,6.7135,9.6308,4.1358,17.5104,3.7422,1.8285,15.0587
10-25:0167,10-25,20.58,fastest,0.0,town_off,34.1177,28.866,2.9231,4.9234,13.8669,4.1031,24.2146,3.476,1.5519,12.1399
10-25:0167,10-25,20.58,scenic,0.5,town_off,23.3204,29.4831,5.6049,6.6306,9.6308,4.1358,17.322,3.7422,1.8285,14.9959
10-25:0168,10-25,17.92,fastest,0.0,shipped,24.0892,27.6766,3.7521,0.2992,10.3196,0.0,17.1508,4.962,0.0,13.1498
10-25:0168,10-25,17.92,scenic,0.5,shipped,21.7143,32.4386,5.1555,1.2031,8.6539,0.0,16.0698,4.962,0.0,13.2709
10-25:0168,10-25,17.92,fastest,0.0,town_off,24.0892,27.6766,3.5039,2.9754,10.3196,0.0,17.1508,4.962,0.0,13.1498
10-25:0168,10-25,17.92,scenic,0.5,town_off,21.7143,32.4386,4.7284,3.7441,8.6539,0.0,16.0698,4.962,0.0,13.2709
10-25:0169,10-25,15.255,fastest,0.0,shipped,24.8399,23.0412,2.8681,3.2393,10.9077,2.8371,16.7592,4.0606,0.0,9.1777
10-25:0169,10-25,15.255,scenic,0.5,shipped,23.6019,25.27,3.4151,3.0389,11.2772,5.2227,14.5142,0.7288,0.0,10.2214
10-25:0169,10-25,15.255,fastest,0.0,town_off,24.8399,23.0412,2.8269,2.2306,10.9077,2.8371,16.7592,4.0606,0.0,9.1777
10-25:0169,10-25,15.255,scenic,0.5,town_off,23.6019,25.27,3.2994,2.7954,11.2772,5.2227,14.5142,0.7288,0.0,10.2214
10-25:0170,10-25,20.4,fastest,0.0,shipped,31.7747,32.1231,4.5989,4.5245,14.229,0.0,29.8063,6.0012,2.2917,11.7163
10-25:0170,10-25,20.4,scenic,0.5,shipped,26.2435,34.6987,6.6783,11.4597,17.1512,0.0,25.7936,9.5124,2.8485,11.3774
10-25:0170,10-25,20.4,fastest,0.0,town_off,31.7747,32.1231,4.7183,4.8957,14.229,0.0,29.8063,6.0012,2.2917,11.7163
10-25:0170,10-25,20.4,scenic,0.5,town_off,26.3836,34.9818,6.7552,9.8951,14.1495,0.0,25.9517,7.7577,2.5863,9.9681
10-25:0171,10-25,23.048,fastest,0.0,shipped,31.4258,34.9244,6.1523,8.7647,13.3095,0.0,25.9627,26.2631,3.4285,13.6821
10-25:0171,10-25,23.048,scenic,0.5,shipped,31.4258,34.9244,6.1523,8.7647,13.3095,0.0,25.9627,26.2631,3.4285,13.6821
10-25:0171,10-25,23.048,fastest,0.0,town_off,31.4258,34.9244,6.2796,8.0597,13.3095,0.0,25.9627,26.2631,3.4285,13.6821
10-25:0171,10-25,23.048,scenic,0.5,town_off,31.4258,34.9244,6.2796,8.0597,13.3095,0.0,25.9627,26.2631,3.4285,13.6821
10-25:0172,10-25,19.567,fastest,0.0,shipped,24.1656,27.3455,4.8463,0.9994,8.1743,0.0,20.8072,0.6272,0.0,11.9689
10-25:0172,10-25,19.567,scenic,0.5,shipped,24.1061,27.3558,4.845,0.9994,8.1743,0.0,20.888,0.6272,0.0,11.9094
10-25:0172,10-25,19.567,fastest,0.0,town_off,24.1656,27.3455,4.6561,2.64,8.1743,0.0,20.8072,0.6272,0.0,11.9689
10-25:0172,10-25,19.567,scenic,0.5,town_off,24.1061,27.3558,4.6581,2.64,8.1743,0.0,20.888,0.6272,0.0,11.9094
10-25:0173,10-25,14.009,fastest,0.0,shipped,21.4101,23.4919,5.3134,3.5113,6.9615,0.0,20.8374,0.3505,1.878,9.5854
10-25:0173,10-25,14.009,scenic,0.5,shipped,21.255,23.5207,5.316,3.7484,6.9615,0.0,20.6823,0.3505,1.878,9.4303
10-25:0173,10-25,14.009,fastest,0.0,town_off,21.4101,23.4919,5.2229,3.2743,6.9615,0.0,20.8374,0.3505,1.878,9.5854
10-25:0173,10-25,14.009,scenic,0.5,town_off,20.5581,23.673,5.2766,3.4609,5.9339,0.0,20.111,0.3505,3.7377,6.5488
10-25:0174,10-25,14.32,fastest,0.0,shipped,19.3054,21.4784,4.1425,3.8674,6.9132,0.0,16.7859,8.316,0.0,9.4944
10-25:0174,10-25,14.32,scenic,0.5,shipped,17.1968,22.9398,5.6347,2.6682,6.0242,0.0,15.3259,7.5808,0.0,10.1497
10-25:0174,10-25,14.32,fastest,0.0,town_off,19.3054,21.4784,3.8406,3.736,6.9132,0.0,16.7859,8.316,0.0,9.4944
10-25:0174,10-25,14.32,scenic,0.5,town_off,17.1968,22.9398,5.3615,2.872,6.0242,0.0,15.3259,7.5808,0.0,10.1497
10-25:0175,10-25,21.906,fastest,0.0,shipped,30.7239,36.0514,5.0351,4.4494,8.7124,0.0,26.3072,11.3509,2.9238,9.1855
10-25:0175,10-25,21.906,scenic,0.5,shipped,30.7239,36.0514,5.0351,4.4494,8.7124,0.0,26.3072,11.3509,2.9238,9.1855
10-25:0175,10-25,21.906,fastest,0.0,town_off,30.7239,36.0514,5.1392,4.143,8.7124,0.0,26.3072,11.3509,2.9238,9.1855
10-25:0175,10-25,21.906,scenic,0.5,town_off,30.7239,36.0514,5.1392,4.143,8.7124,0.0,26.3072,11.3509,2.9238,9.1855
10-25:0176,10-25,12.953,fastest,0.0,shipped,23.2616,26.3549,5.5539,4.698,14.4872,0.0,22.1397,20.3826,0.7453,9.72
10-25:0176,10-25,12.953,scenic,0.5,shipped,18.381,28.4834,5.9056,3.4174,9.3114,0.0,17.174,14.6675,0.0,2.6171
10-25:0176,10-25,12.953,fastest,0.0,town_off,23.2616,26.3549,5.8499,6.0583,14.4872,0.0,22.1397,20.3826,0.7453,9.72
10-25:0176,10-25,12.953,scenic,0.5,town_off,18.381,28.4834,6.4275,6.7492,9.3114,0.0,17.174,14.6675,0.0,2.6171
10-25:0177,10-25,20.304,fastest,0.0,shipped,27.9258,33.1736,7.3531,16.7368,21.8295,0.0,27.61,12.9562,6.6528,12.5571
10-25:0177,10-25,20.304,scenic,0.5,shipped,27.9258,33.1736,7.3531,16.7368,21.8295,0.0,27.61,12.9562,6.6528,12.5571
10-25:0177,10-25,20.304,fastest,0.0,town_off,27.9258,33.1736,7.6246,20.1582,21.8295,0.0,27.61,12.9562,6.6528,12.5571
10-25:0177,10-25,20.304,scenic,0.5,town_off,27.9258,33.1736,7.6246,20.1582,21.8295,0.0,27.61,12.9562,6.6528,12.5571
10-25:0178,10-25,22.541,fastest,0.0,shipped,30.0855,28.4668,4.9744,2.5763,8.8709,12.12,26.3375,18.7901,0.0,7.1066
10-25:0178,10-25,22.541,scenic,0.5,shipped,30.0855,28.4668,4.9744,2.5763,8.8709,12.12,26.3375,18.7901,0.0,7.1066
10-25:0178,10-25,22.541,fastest,0.0,town_off,30.0855,28.4668,5.246,5.353,8.8709,12.12,26.3375,18.7901,0.0,7.1066
10-25:0178,10-25,22.541,scenic,0.5,town_off,30.0855,28.4668,5.246,5.353,8.8709,12.12,26.3375,18.7901,0.0,7.1066
10-25:0179,10-25,15.215,fastest,0.0,shipped,18.2836,23.8467,5.5067,1.748,3.2588,0.0,15.9617,12.2297,0.0,5.9935
10-25:0179,10-25,15.215,scenic,0.5,shipped,18.2836,23.8467,5.5067,1.748,3.2588,0.0,15.9617,12.2297,0.0,5.9935
10-25:0179,10-25,15.215,fastest,0.0,town_off,18.2836,23.8467,5.5839,2.8709,3.2588,0.0,15.9617,12.2297,0.0,5.9935
10-25:0179,10-25,15.215,scenic,0.5,town_off,18.2836,23.8467,5.5839,2.8709,3.2588,0.0,15.9617,12.2297,0.0,5.9935
10-25:0180,10-25,22.834,fastest,0.0,shipped,34.0059,39.4838,3.9946,0.0,3.6119,0.0,25.1296,25.6595,0.0,3.247
10-25:0180,10-25,22.834,scenic,0.5,shipped,34.0059,39.4838,3.9946,0.0,3.6119,0.0,25.1296,25.6595,0.0,3.247
10-25:0180,10-25,22.834,fastest,0.0,town_off,34.0059,39.4838,4.2239,0.0,3.6119,0.0,25.1296,25.6595,0.0,3.247
10-25:0180,10-25,22.834,scenic,0.5,town_off,34.0059,39.4838,4.2239,0.0,3.6119,0.0,25.1296,25.6595,0.0,3.247
10-25:0181,10-25,23.177,fastest,0.0,shipped,31.728,33.1685,3.0038,1.1077,9.3759,0.0,19.2253,0.2165,1.9693,14.2564
10-25:0181,10-25,23.177,scenic,0.5,shipped,28.6405,35.7146,4.0473,1.1077,11.9575,0.0,20.3075,0.2165,1.9693,13.832
10-25:0181,10-25,23.177,fastest,0.0,town_off,31.728,33.1685,2.7348,1.2023,9.3759,0.0,19.2253,0.2165,1.9693,14.2564
10-25:0181,10-25,23.177,scenic,0.5,town_off,28.6405,35.7146,3.7828,1.4568,11.9575,0.0,20.3075,0.2165,1.9693,13.832
10-25:0182,10-25,23.706,fastest,0.0,shipped,43.6498,41.0305,4.0396,4.7257,7.0427,0.0,38.3143,42.1668,0.0,13.7804
10-25:0182,10-25,23.706,scenic,0.5,shipped,45.6909,49.6255,5.6035,10.7974,15.1602,0.0,42.9488,43.9201,1.5316,10.6821
10-25:0182,10-25,23.706,fastest,0.0,town_off,43.6498,41.0305,4.0308,4.2556,7.0427,0.0,38.3143,42.1668,0.0,13.7804
10-25:0182,10-25,23.706,scenic,0.5,town_off,45.6909,49.6255,5.8293,11.1769,15.1602,0.0,42.9488,43.9201,1.5316,10.6821
10-25:0183,10-25,24.209,fastest,0.0,shipped,26.7734,25.5766,4.8742,0.7384,2.8751,0.0,18.1855,22.6973,0.0,9.3095
10-25:0183,10-25,24.209,scenic,0.5,shipped,26.6935,25.6254,5.1204,0.9544,3.8147,0.0,18.0078,21.6828,0.0,9.7852
10-25:0183,10-25,24.209,fastest,0.0,town_off,26.7734,25.5766,4.8315,2.6078,2.8751,0.0,18.1855,22.6973,0.0,9.3095
10-25:0183,10-25,24.209,scenic,0.5,town_off,26.6514,25.7519,5.0604,2.6078,3.7727,0.0,17.0045,21.6828,0.0,9.1833
10-25:0184,10-25,23.755,fastest,0.0,shipped,56.8292,37.8953,1.7411,2.9039,21.9762,0.0,45.412,30.4177,1.9325,23.9402
10-25:0184,10-25,23.755,scenic,0.5,shipped,36.6417,39.1069,4.6055,1.4748,8.3146,0.0,32.7689,9.0303,14.7279,8.3316
10-25:0184,10-25,23.755,fastest,0.0,town_off,56.8292,37.8953,1.7628,3.051,21.9762,0.0,45.412,30.4177,1.9325,23.9402
10-25:0184,10-25,23.755,scenic,0.5,town_off,36.7358,38.9501,4.7346,4.1694,8.3146,0.0,32.863,9.1244,14.7279,8.119
10-25:0185,10-25,21.072,fastest,0.0,shipped,35.8885,30.1402,1.8492,0.5088,4.6438,0.0,29.0039,5.1193,0.0,6.5926
10-25:0185,10-25,21.072,scenic,0.5,shipped,27.0999,33.1048,4.6855,0.8751,9.5706,0.0,22.1064,3.6873,0.0,8.7506
10-25:0185,10-25,21.072,fastest,0.0,town_off,35.8885,30.1402,1.8613,0.5597,4.6438,0.0,29.0039,5.1193,0.0,6.5926
10-25:0185,10-25,21.072,scenic,0.5,town_off,27.0999,33.1048,4.6225,2.0226,9.5706,0.0,22.1064,3.6873,0.0,8.7506
10-25:0186,10-25,22.016,fastest,0.0,shipped,36.0879,35.064,4.9198,1.5898,12.8207,0.0,32.1461,28.4973,0.0,19.2689
10-25:0186,10-25,22.016,scenic,0.5,shipped,36.0879,35.064,4.9198,1.5898,12.8207,0.0,32.1461,28.4973,0.0,19.2689
10-25:0186,10-25,22.016,fastest,0.0,town_off,36.0879,35.064,4.7318,1.1948,12.8207,0.0,32.1461,28.4973,0.0,19.2689
10-25:0186,10-25,22.016,scenic,0.5,town_off,36.0879,35.064,4.7318,1.1948,12.8207,0.0,32.1461,28.4973,0.0,19.2689
10-25:0187,10-25,12.731,fastest,0.0,shipped,15.0475,18.6755,5.4655,2.0268,5.8559,0.0,10.3485,0.0,3.3295,13.4411
10-25:0187,10-25,12.731,scenic,0.5,shipped,15.0475,18.6755,5.4655,2.0268,5.8559,0.0,10.3485,0.0,3.3295,13.4411
10-25:0187,10-25,12.731,fastest,0.0,town_off,15.0475,18.6755,4.7068,1.0928,5.8559,0.0,10.3485,0.0,3.3295,13.4411
10-25:0187,10-25,12.731,scenic,0.5,town_off,15.0636,18.9023,5.0166,1.8026,5.3814,0.0,12.2377,0.0,1.5298,6.2419
10-25:0188,10-25,13.489,fastest,0.0,shipped,20.5362,23.5653,3.455,3.2028,7.1203,15.1621,5.6529,0.9722,0.0,13.0358
10-25:0188,10-25,13.489,scenic,0.5,shipped,19.2533,28.202,4.5869,3.8825,5.9372,13.8791,6.6448,1.0956,0.0,11.7803
10-25:0188,10-25,13.489,fastest,0.0,town_off,20.5362,23.5653,3.0371,2.2698,7.1203,15.1621,5.6529,0.9722,0.0,13.0358
10-25:0188,10-25,13.489,scenic,0.5,town_off,19.2141,29.0713,4.5174,2.109,5.8024,16.7839,7.9847,1.0956,0.0,10.3134
10-25:0189,10-25,22.824,fastest,0.0,shipped,40.1069,31.5005,2.2495,2.2203,12.1971,5.4182,25.4514,0.0,5.3295,9.3736
10-25:0189,10-25,22.824,scenic,0.5,shipped,36.0023,42.5126,5.6453,7.2597,15.8936,12.5949,25.1236,0.7478,5.483,21.599
10-25:0189,10-25,22.824,fastest,0.0,town_off,40.1069,31.5005,2.3002,1.8324,12.1971,5.4182,25.4514,0.0,5.3295,9.3736
10-25:0189,10-25,22.824,scenic,0.5,town_off,36.0023,42.5126,5.3436,5.4518,15.8936,12.5949,25.1236,0.7478,5.483,21.599
10-25:0190,10-25,19.094,fastest,0.0,shipped,25.3673,29.6507,3.6181,2.1342,10.3871,4.4324,10.3824,1.1797,0.4218,15.0408
10-25:0190,10-25,19.094,scenic,0.5,shipped,22.2087,31.9343,5.2216,2.0269,6.3512,13.5126,10.5974,0.0,0.0,14.8216
10-25:0190,10-25,19.094,fastest,0.0,town_off,25.3673,29.6507,3.2924,2.5907,10.3871,4.4324,10.3824,1.1797,0.4218,15.0408
10-25:0190,10-25,19.094,scenic,0.5,town_off,22.2307,31.9258,4.7498,1.8148,6.3512,13.5345,10.6732,0.0,0.0,14.8216
10-25:0191,10-25,24.386,fastest,0.0,shipped,33.5298,32.7979,3.4776,1.304,9.9532,0.0,21.6342,0.0,3.6355,26.8882
10-25:0191,10-25,24.386,scenic,0.5,shipped,28.4356,34.1541,4.5327,3.0166,9.6268,0.0,20.0302,0.0,1.8466,15.667
10-25:0191,10-25,24.386,fastest,0.0,town_off,33.5298,32.7979,2.9583,1.1153,9.9532,0.0,21.6342,0.0,3.6355,26.8882
10-25:0191,10-25,24.386,scenic,0.5,town_off,28.4356,34.1541,4.1788,2.3282,9.6268,0.0,20.0302,0.0,1.8466,15.667
10-25:0192,10-25,21.915,fastest,0.0,shipped,29.8629,26.0656,2.5121,1.444,5.0232,0.0,27.48,0.0,0.7685,7.1781
10-25:0192,10-25,21.915,scenic,0.5,shipped,25.3918,29.8752,5.7413,4.9085,6.021,1.5709,23.9371,0.9112,0.7984,16.0616
10-25:0192,10-25,21.915,fastest,0.0,town_off,29.8629,26.0656,2.4555,0.3759,5.0232,0.0,27.48,0.0,0.7685,7.1781
10-25:0192,10-25,21.915,scenic,0.5,town_off,25.3918,29.8752,5.3337,2.8169,6.021,1.5709,23.9371,0.9112,0.7984,16.0616
10-25:0193,10-25,23.077,fastest,0.0,shipped,47.1675,43.0039,2.2617,2.5448,9.6277,9.4981,30.2212,7.0831,1.2061,25.5386
10-25:0193,10-25,23.077,scenic,0.5,shipped,29.4347,47.2034,5.1035,3.96,8.6696,10.0729,15.3726,7.6102,0.0,18.6818
10-25:0193,10-25,23.077,fastest,0.0,town_off,47.1675,43.0039,1.9991,2.0864,9.6277,9.4981,30.2212,7.0831,1.2061,25.5386
10-25:0193,10-25,23.077,scenic,0.5,town_off,29.4347,47.2034,4.7491,4.1037,8.6696,10.0729,15.3726,7.6102,0.0,18.6818
10-25:0194,10-25,20.299,fastest,0.0,shipped,24.1624,28.6873,5.7917,3.8343,10.0504,0.0,22.7138,18.804,1.5193,5.5199
10-25:0194,10-25,20.299,scenic,0.5,shipped,24.1569,28.8151,5.8738,4.3157,10.045,0.0,22.6176,18.7985,1.5193,5.5144
10-25:0194,10-25,20.299,fastest,0.0,town_off,24.1624,28.6873,6.0227,4.9416,10.0504,0.0,22.7138,18.804,1.5193,5.5199
10-25:0194,10-25,20.299,scenic,0.5,town_off,24.1569,28.8151,6.1229,5.8654,10.045,0.0,22.6176,18.7985,1.5193,5.5144
10-25:0195,10-25,17.558,fastest,0.0,shipped,30.0718,41.5642,5.8433,9.7719,8.0305,0.0,27.9895,29.2416,1.4205,12.1848
10-25:0195,10-25,17.558,scenic,0.5,shipped,43.4462,48.3534,8.1105,32.9053,34.2546,0.0,38.324,41.3203,1.5157,14.6974
10-25:0195,10-25,17.558,fastest,0.0,town_off,30.0718,41.5642,5.9711,8.93,8.0305,0.0,27.9895,29.2416,1.4205,12.1848
10-25:0195,10-25,17.558,scenic,0.5,town_off,43.4462,48.3534,8.3948,34.0836,34.2546,0.0,38.324,41.3203,1.5157,14.6974
10-25:0196,10-25,15.192,fastest,0.0,shipped,17.3957,21.1877,5.0425,0.0,3.2863,0.0,16.521,4.3065,0.0,5.3411
10-25:0196,10-25,15.192,scenic,0.5,shipped,17.3957,21.1877,5.0425,0.0,3.2863,0.0,16.521,4.3065,0.0,5.3411
10-25:0196,10-25,15.192,fastest,0.0,town_off,17.3957,21.1877,5.0993,1.0879,3.2863,0.0,16.521,4.3065,0.0,5.3411
10-25:0196,10-25,15.192,scenic,0.5,town_off,17.3957,21.1877,5.0993,1.0879,3.2863,0.0,16.521,4.3065,0.0,5.3411
10-25:0197,10-25,20.919,fastest,0.0,shipped,27.4776,27.6229,5.3143,5.749,10.8178,0.0,25.5451,18.0659,0.7574,14.8631
10-25:0197,10-25,20.919,scenic,0.5,shipped,27.4776,27.6229,5.3143,5.749,10.8178,0.0,25.5451,18.0659,0.7574,14.8631
10-25:0197,10-25,20.919,fastest,0.0,town_off,27.4776,27.6229,5.2179,4.9368,10.8178,0.0,25.5451,18.0659,0.7574,14.8631
10-25:0197,10-25,20.919,scenic,0.5,town_off,27.4776,27.6229,5.2179,4.9368,10.8178,0.0,25.5451,18.0659,0.7574,14.8631
10-25:0198,10-25,19.594,fastest,0.0,shipped,35.0384,27.7842,1.9916,0.5182,12.7792,0.0,23.6395,0.0,2.4621,16.8894
10-25:0198,10-25,19.594,scenic,0.5,shipped,28.9876,37.7956,5.3569,4.3352,16.6006,0.0,27.8353,0.0,5.1039,13.9464
10-25:0198,10-25,19.594,fastest,0.0,town_off,35.0384,27.7842,1.7722,0.0,12.7792,0.0,23.6395,0.0,2.4621,16.8894
10-25:0198,10-25,19.594,scenic,0.5,town_off,28.9876,37.7956,5.2852,4.1943,16.6006,0.0,27.8353,0.0,5.1039,13.9464
10-25:0199,10-25,22.044,fastest,0.0,shipped,29.3506,25.8729,3.5443,1.2607,9.8789,0.0,24.5548,8.249,0.0,5.6951
10-25:0199,10-25,22.044,scenic,0.5,shipped,28.5377,26.1499,3.6978,1.2607,10.2565,0.0,25.0374,8.9804,0.0,4.6881
10-25:0199,10-25,22.044,fastest,0.0,town_off,29.3506,25.8729,3.6707,2.0492,9.8789,0.0,24.5548,8.249,0.0,5.6951
10-25:0199,10-25,22.044,scenic,0.5,town_off,28.5377,26.1499,3.8456,2.0492,10.2565,0.0,25.0374,8.9804,0.0,4.6881
10-25:0200,10-25,24.606,fastest,0.0,shipped,28.5964,30.5026,5.7855,6.085,13.5782,0.0,26.1568,23.3426,0.0,10.7613
10-25:0200,10-25,24.606,scenic,0.5,shipped,28.5964,30.5026,5.7855,6.085,13.5782,0.0,26.1568,23.3426,0.0,10.7613
10-25:0200,10-25,24.606,fastest,0.0,town_off,28.5964,30.5026,5.9282,7.6554,13.5782,0.0,26.1568,23.3426,0.0,10.7613
10-25:0200,10-25,24.606,scenic,0.5,town_off,28.5964,30.5026,5.9282,7.6554,13.5782,0.0,26.1568,23.3426,0.0,10.7613
10-25:0201,10-25,14.626,fastest,0.0,shipped,18.2445,21.72,4.3079,0.576,4.6738,0.0,13.3827,3.787,1.2611,6.4418
10-25:0201,10-25,14.626,scenic,0.5,shipped,18.2384,22.1963,4.4584,0.5532,5.6944,0.0,13.5376,3.787,0.5217,6.4418
10-25:0201,10-25,14.626,fastest,0.0,town_off,18.2445,21.72,4.2499,2.5839,4.6738,0.0,13.3827,3.787,1.2611,6.4418
10-25:0201,10-25,14.626,scenic,0.5,town_off,18.2384,22.1963,4.4296,2.6778,5.6944,0.0,13.5376,3.787,0.5217,6.4418
10-25:0202,10-25,23.111,fastest,0.0,shipped,30.6222,25.8718,1.361,0.0,3.6339,0.0,22.7594,0.7735,0.7454,12.5916
10-25:0202,10-25,23.111,scenic,0.5,shipped,27.8962,34.774,4.0786,0.608,3.5269,0.0,25.396,1.6478,0.0,13.6455
10-25:0202,10-25,23.111,fastest,0.0,town_off,30.6222,25.8718,1.1394,0.0,3.6339,0.0,22.7594,0.7735,0.7454,12.5916
10-25:0202,10-25,23.111,scenic,0.5,town_off,27.8962,34.774,3.7627,0.2364,3.5269,0.0,25.396,1.6478,0.0,13.6455
10-25:0203,10-25,18.558,fastest,0.0,shipped,27.0381,25.8867,2.9378,2.2559,12.5695,3.0288,16.2128,5.4538,0.87,12.0666
10-25:0203,10-25,18.558,scenic,0.5,shipped,22.1686,27.4648,4.3154,2.7983,13.4698,0.0,11.2047,9.6046,0.1022,11.5338
10-25:0203,10-25,18.558,fastest,0.0,town_off,27.0381,25.8867,2.8669,1.7773,12.5695,3.0288,16.2128,5.4538,0.87,12.0666
10-25:0203,10-25,18.558,scenic,0.5,town_off,22.1686,27.4648,4.0456,2.3679,13.4698,0.0,11.2047,9.6046,0.1022,11.5338
10-25:0204,10-25,12.502,fastest,0.0,shipped,16.0827,19.5325,4.7752,0.8642,3.0571,0.0,12.4881,2.4844,2.3654,4.5924
10-25:0204,10-25,12.502,scenic,0.5,shipped,16.0827,19.5325,4.7752,0.8642,3.0571,0.0,12.4881,2.4844,2.3654,4.5924
10-25:0204,10-25,12.502,fastest,0.0,town_off,16.0827,19.5325,4.7888,1.1181,3.0571,0.0,12.4881,2.4844,2.3654,4.5924
10-25:0204,10-25,12.502,scenic,0.5,town_off,16.0827,19.5325,4.7888,1.1181,3.0571,0.0,12.4881,2.4844,2.3654,4.5924
10-25:0205,10-25,16.349,fastest,0.0,shipped,24.3961,21.0098,2.9418,3.2947,4.0333,6.0872,22.3471,4.9968,0.0,11.5963
10-25:0205,10-25,16.349,scenic,0.5,shipped,21.8921,23.7711,5.3174,5.1116,5.0193,9.8668,18.1699,3.7606,0.9982,15.9609
10-25:0205,10-25,16.349,fastest,0.0,town_off,24.3961,21.0098,2.788,2.9042,4.0333,6.0872,22.3471,4.9968,0.0,11.5963
10-25:0205,10-25,16.349,scenic,0.5,town_off,21.8921,23.7711,4.8487,5.2566,5.0193,9.8668,18.1699,3.7606,0.9982,15.9609
10-25:0206,10-25,21.674,fastest,0.0,shipped,32.5037,23.883,2.2078,1.9499,8.8177,0.0,22.684,32.1098,0.0,9.4392
10-25:0206,10-25,21.674,scenic,0.5,shipped,25.0169,31.2152,5.053,6.1136,10.6895,0.0,23.2592,24.3189,0.0,7.755
10-25:0206,10-25,21.674,fastest,0.0,town_off,32.5037,23.883,2.345,1.4162,8.8177,0.0,22.684,32.1098,0.0,9.4392
10-25:0206,10-25,21.674,scenic,0.5,town_off,25.0169,31.2152,5.314,7.02,10.6895,0.0,23.2592,24.3189,0.0,7.755
10-25:0207,10-25,22.738,fastest,0.0,shipped,24.8516,18.1177,1.9713,0.0,13.5382,0.0,12.5713,10.1437,0.0,8.5209
10-25:0207,10-25,22.738,scenic,0.5,shipped,24.8994,19.0904,2.2327,0.7604,13.586,0.0,12.6447,10.6557,0.0,8.5687
10-25:0207,10-25,22.738,fastest,0.0,town_off,24.8516,18.1177,2.0242,0.0,13.5382,0.0,12.5713,10.1437,0.0,8.5209
10-25:0207,10-25,22.738,scenic,0.5,town_off,24.8994,19.0904,2.2992,0.0,13.586,0.0,12.6447,10.6557,0.0,8.5687
10-25:0208,10-25,20.246,fastest,0.0,shipped,34.6579,26.7841,1.5197,0.0,7.8336,0.0,32.3477,1.6298,0.7454,8.5636
10-25:0208,10-25,20.246,scenic,0.5,shipped,23.4912,32.9388,5.3588,2.1881,8.549,0.0,20.6408,1.8364,0.0,12.2991
10-25:0208,10-25,20.246,fastest,0.0,town_off,34.6579,26.7841,1.6398,0.0,7.8336,0.0,32.3477,1.6298,0.7454,8.5636
10-25:0208,10-25,20.246,scenic,0.5,town_off,23.4912,32.9388,5.0413,2.5567,8.549,0.0,20.6408,1.8364,0.0,12.2991
10-25:0209,10-25,20.345,fastest,0.0,shipped,26.4886,19.0244,1.2184,0.8232,10.1963,7.3035,12.3113,2.6665,0.0,9.332
10-25:0209,10-25,20.345,scenic,0.5,shipped,25.779,33.2872,3.8284,2.4942,9.0344,6.67,13.8354,4.6797,0.7657,7.6378
10-25:0209,10-25,20.345,fastest,0.0,town_off,26.4886,19.0244,1.0621,0.5473,10.1963,7.3035,12.3113,2.6665,0.0,9.332
10-25:0209,10-25,20.345,scenic,0.5,town_off,25.779,33.2872,3.8365,3.3888,9.0344,6.67,13.8354,4.6797,0.7657,7.6378
10-25:0210,10-25,14.551,fastest,0.0,shipped,17.6792,22.7897,6.1902,3.0752,9.7059,0.0,17.6706,10.9566,0.6409,4.6477
10-25:0210,10-25,14.551,scenic,0.5,shipped,17.7082,22.7944,6.2025,3.0752,9.7059,0.0,17.6996,10.9856,0.6409,4.6766
10-25:0210,10-25,14.551,fastest,0.0,town_off,17.6792,22.7897,6.4671,6.9302,9.7059,0.0,17.6706,10.9566,0.6409,4.6477
10-25:0210,10-25,14.551,scenic,0.5,town_off,17.7082,22.7944,6.4771,6.9302,9.7059,0.0,17.6996,10.9856,0.6409,4.6766
10-25:0211,10-25,14.96,fastest,0.0,shipped,19.7063,22.3334,5.0227,0.693,6.0652,0.0,19.2624,1.3029,0.0,8.7031
10-25:0211,10-25,14.96,scenic,0.5,shipped,17.2972,24.9152,5.0923,1.1564,4.2797,0.0,17.0189,0.5312,0.985,5.2065
10-25:0211,10-25,14.96,fastest,0.0,town_off,19.7063,22.3334,4.8514,2.0297,6.0652,0.0,19.2624,1.3029,0.0,8.7031
10-25:0211,10-25,14.96,scenic,0.5,town_off,17.2972,24.9152,5.1566,2.4167,4.2797,0.0,17.0189,0.5312,0.985,5.2065
10-25:0212,10-25,14.99,fastest,0.0,shipped,21.9332,17.8569,1.7698,0.6784,5.2892,0.0,18.7702,4.6232,0.0,4.9936
10-25:0212,10-25,14.99,scenic,0.5,shipped,18.2,21.2878,5.0123,1.444,5.8612,0.0,16.1805,1.7244,0.0,10.0808
10-25:0212,10-25,14.99,fastest,0.0,town_off,21.9332,17.8569,1.7126,0.3692,5.2892,0.0,18.7702,4.6232,0.0,4.9936
10-25:0212,10-25,14.99,scenic,0.5,town_off,18.2,21.2878,4.773,1.6811,5.8612,0.0,16.1805,1.7244,0.0,10.0808
10-25:0213,10-25,15.057,fastest,0.0,shipped,19.5708,23.0408,5.5712,3.8605,5.6728,0.0,16.2401,12.6999,4.0065,11.1617
10-25:0213,10-25,15.057,scenic,0.5,shipped,20.0989,24.4663,6.3177,7.1582,8.4495,0.0,18.4906,16.1985,4.0065,7.336
10-25:0213,10-25,15.057,fastest,0.0,town_off,19.5708,23.0408,5.3508,2.9964,5.6728,0.0,16.2401,12.6999,4.0065,11.1617
10-25:0213,10-25,15.057,scenic,0.5,town_off,20.0989,24.4663,6.4527,7.4414,8.4495,0.0,18.4906,16.1985,4.0065,7.336
10-25:0214,10-25,12.464,fastest,0.0,shipped,14.809,17.0007,5.4385,2.8056,3.4428,0.0,11.9664,5.5974,3.8959,4.4829
10-25:0214,10-25,12.464,scenic,0.5,shipped,14.809,17.0007,5.4385,2.8056,3.4428,0.0,11.9664,5.5974,3.8959,4.4829
10-25:0214,10-25,12.464,fastest,0.0,town_off,14.809,17.0007,5.4984,3.2639,3.4428,0.0,11.9664,5.5974,3.8959,4.4829
10-25:0214,10-25,12.464,scenic,0.5,town_off,14.809,17.0007,5.4984,3.2639,3.4428,0.0,11.9664,5.5974,3.8959,4.4829
10-25:0215,10-25,19.281,fastest,0.0,shipped,24.8465,20.4288,4.2952,3.1739,13.8097,0.0,22.5574,18.9052,0.0,4.9074
10-25:0215,10-25,19.281,scenic,0.5,shipped,22.7067,28.2251,7.28,11.5677,14.9484,0.0,18.5693,15.9221,0.7693,12.4531
10-25:0215,10-25,19.281,fastest,0.0,town_off,24.8465,20.4288,4.6807,2.8742,13.8097,0.0,22.5574,18.9052,0.0,4.9074
10-25:0215,10-25,19.281,scenic,0.5,town_off,22.7067,28.2251,7.1134,10.6367,14.9484,0.0,18.5693,15.9221,0.7693,12.4531
10-25:0216,10-25,21.45,fastest,0.0,shipped,27.5328,27.4012,2.7717,1.9511,11.1994,15.3434,7.7558,0.9286,0.0,18.312
10-25:0216,10-25,21.45,scenic,0.5,shipped,26.7278,29.4807,3.0446,2.2381,9.7979,15.0982,6.333,0.9521,0.0,18.6821
10-25:0216,10-25,21.45,fastest,0.0,town_off,27.5328,27.4012,2.4706,2.2164,11.1994,15.3434,7.7558,0.9286,0.0,18.312
10-25:0216,10-25,21.45,scenic,0.5,town_off,26.7278,29.4807,2.6828,2.4574,9.7979,15.0982,6.333,0.9521,0.0,18.6821
10-25:0217,10-25,21.164,fastest,0.0,shipped,28.0118,25.8683,4.5489,3.7373,14.6981,0.0,15.0497,20.3342,1.1101,10.3117
10-25:0217,10-25,21.164,scenic,0.5,shipped,25.0012,26.2783,5.1617,4.8022,12.2361,0.0,13.8348,20.6643,1.0464,9.3482
10-25:0217,10-25,21.164,fastest,0.0,town_off,28.0118,25.8683,4.5067,2.7406,14.6981,0.0,15.0497,20.3342,1.1101,10.3117
10-25:0217,10-25,21.164,scenic,0.5,town_off,25.0012,26.2783,5.1712,4.8581,12.2361,0.0,13.8348,20.6643,1.0464,9.3482
10-25:0218,10-25,13.72,fastest,0.0,shipped,24.1267,26.3863,5.794,4.2866,7.2459,0.0,16.985,23.7007,0.0,12.4105
10-25:0218,10-25,13.72,scenic,0.5,shipped,19.2566,26.7462,5.2101,4.1791,4.1901,0.0,18.6006,18.8938,0.0,5.6768
10-25:0218,10-25,13.72,fastest,0.0,town_off,24.1267,26.3863,5.6964,3.7685,7.2459,0.0,16.985,23.7007,0.0,12.4105
10-25:0218,10-25,13.72,scenic,0.5,town_off,19.2566,26.7462,5.3907,4.1791,4.1901,0.0,18.6006,18.8938,0.0,5.6768
10-25:0219,10-25,13.223,fastest,0.0,shipped,15.0018,19.9978,4.087,0.5047,3.3462,0.0,10.7682,2.2665,5.838,6.5809
10-25:0219,10-25,13.223,scenic,0.5,shipped,15.0233,20.851,5.0569,1.6862,4.1042,0.0,11.8304,2.2665,7.1797,5.831
10-25:0219,10-25,13.223,fastest,0.0,town_off,15.0018,19.9978,3.8866,0.8786,3.3462,0.0,10.7682,2.2665,5.838,6.5809
10-25:0219,10-25,13.223,scenic,0.5,town_off,15.0233,20.851,4.9783,1.6664,4.1042,0.0,11.8304,2.2665,7.1797,5.831
10-25:0220,10-25,19.373,fastest,0.0,shipped,26.2183,28.0951,6.6167,10.415,13.8354,0.0,25.5808,24.4742,0.0,6.5164
10-25:0220,10-25,19.373,scenic,0.5,shipped,26.2183,28.0951,6.6167,10.415,13.8354,0.0,25.5808,24.4742,0.0,6.5164
10-25:0220,10-25,19.373,fastest,0.0,town_off,26.2183,28.0951,6.8668,11.1933,13.8354,0.0,25.5808,24.4742,0.0,6.5164
10-25:0220,10-25,19.373,scenic,0.5,town_off,26.2183,28.0951,6.8668,11.1933,13.8354,0.0,25.5808,24.4742,0.0,6.5164
10-25:0221,10-25,24.441,fastest,0.0,shipped,37.3037,41.4212,6.3326,11.5616,17.658,0.0,27.8409,33.1493,0.0,13.1721
10-25:0221,10-25,24.441,scenic,0.5,shipped,39.9683,46.373,7.2756,22.3032,28.4948,0.0,35.1944,36.7677,0.0,7.4129
10-25:0221,10-25,24.441,fastest,0.0,town_off,37.3037,41.4212,6.4415,16.1768,17.658,0.0,27.8409,33.1493,0.0,13.1721
10-25:0221,10-25,24.441,scenic,0.5,town_off,39.9683,46.373,7.6107,27.3189,28.4948,0.0,35.1944,36.7677,0.0,7.4129
10-25:0222,10-25,24.389,fastest,0.0,shipped,35.3821,26.0146,1.6243,0.9484,9.1678,0.0,28.9035,22.7259,0.0,18.3299
10-25:0222,10-25,24.389,scenic,0.5,shipped,34.456,44.4146,5.8432,8.9653,14.4212,0.0,32.4975,25.6902,0.4927,7.4709
10-25:0222,10-25,24.389,fastest,0.0,town_off,35.3821,26.0146,1.5395,0.8516,9.1678,0.0,28.9035,22.7259,0.0,18.3299
10-25:0222,10-25,24.389,scenic,0.5,town_off,35.2382,45.687,6.4616,14.9599,16.228,0.0,33.5713,26.9437,0.4927,7.698
10-25:0223,10-25,14.608,fastest,0.0,shipped,17.8699,14.4235,2.0512,0.6269,4.4729,0.0,9.3329,14.036,0.0,10.7511
10-25:0223,10-25,14.608,scenic,0.5,shipped,18.8985,24.9805,6.0148,6.1131,7.1635,0.0,17.2987,16.8921,0.0,9.6867
10-25:0223,10-25,14.608,fastest,0.0,town_off,17.8699,14.4235,1.7994,0.3728,4.4729,0.0,9.3329,14.036,0.0,10.7511
10-25:0223,10-25,14.608,scenic,0.5,town_off,18.8985,24.9805,5.9921,5.8654,7.1635,0.0,17.2987,16.8921,0.0,9.6867
10-25:0224,10-25,23.534,fastest,0.0,shipped,29.5644,25.456,1.5654,0.0908,6.7311,0.0,13.2281,1.5418,1.7384,5.5612
10-25:0224,10-25,23.534,scenic,0.5,shipped,27.5133,33.1939,4.396,1.9135,8.8006,0.0,13.1599,2.1026,1.1144,13.7802
10-25:0224,10-25,23.534,fastest,0.0,town_off,29.5644,25.456,1.5204,0.0,6.7311,0.0,13.2281,1.5418,1.7384,5.5612
10-25:0224,10-25,23.534,scenic,0.5,town_off,27.5133,33.1939,4.0772,2.8336,8.8006,0.0,13.1599,2.1026,1.1144,13.7802
10-25:0225,10-25,20.869,fastest,0.0,shipped,26.5947,20.9352,2.7994,4.058,5.1838,0.0,13.5556,23.8438,2.7652,6.3385
10-25:0225,10-25,20.869,scenic,0.5,shipped,26.1122,32.0895,6.9577,11.6862,12.2048,0.0,22.3342,20.25,1.8063,10.2359
10-25:0225,10-25,20.869,fastest,0.0,town_off,26.5947,20.9352,2.7809,3.315,5.1838,0.0,13.5556,23.8438,2.7652,6.3385
10-25:0225,10-25,20.869,scenic,0.5,town_off,26.1122,32.0895,6.9676,12.7201,12.2048,0.0,22.3342,20.25,1.8063,10.2359
10-25:0226,10-25,20.613,fastest,0.0,shipped,31.3331,25.9118,1.5636,0.0,8.0803,7.0048,15.795,3.1005,0.0,21.1132
10-25:0226,10-25,20.613,scenic,0.5,shipped,24.031,32.255,4.0375,4.2668,6.3269,16.8659,6.3505,1.9842,0.0,16.0874
10-25:0226,10-25,20.613,fastest,0.0,town_off,31.3331,25.9118,1.2388,0.0,8.0803,7.0048,15.795,3.1005,0.0,21.1132
10-25:0226,10-25,20.613,scenic,0.5,town_off,24.031,32.255,3.728,3.8073,6.3269,16.8659,6.3505,1.9842,0.0,16.0874
10-25:0227,10-25,14.492,fastest,0.0,shipped,20.8871,24.3958,3.4551,2.4437,7.3748,15.513,6.2027,0.9722,0.0,13.3868
10-25:0227,10-25,14.492,scenic,0.5,shipped,20.3086,27.8308,4.3351,2.7618,6.6679,14.9344,6.9119,1.0956,0.0,12.8356
10-25:0227,10-25,14.492,fastest,0.0,town_off,20.8871,24.3958,3.0711,2.5244,7.3748,15.513,6.2027,0.9722,0.0,13.3868
10-25:0227,10-25,14.492,scenic,0.5,town_off,20.2694,28.7001,4.2625,2.3636,6.533,17.8392,8.2518,1.0956,0.0,11.3687
10-25:0228,10-25,20.167,fastest,0.0,shipped,26.3815,33.8632,5.2863,2.7548,5.7497,0.0,24.778,18.0976,2.0569,8.0598
10-25:0228,10-25,20.167,scenic,0.5,shipped,27.3747,36.7026,6.9788,14.3919,17.8652,0.0,25.9643,25.3908,1.3213,6.6374
10-25:0228,10-25,20.167,fastest,0.0,town_off,26.3815,33.8632,5.4025,3.3687,5.7497,0.0,24.778,18.0976,2.0569,8.0598
10-25:0228,10-25,20.167,scenic,0.5,town_off,27.3747,36.7026,7.4113,15.42,17.8652,0.0,25.9643,25.3908,1.3213,6.6374
10-25:0229,10-25,24.405,fastest,0.0,shipped,26.2241,25.5573,4.997,0.6161,2.3164,0.0,22.2819,25.8922,0.0,8.5979
10-25:0229,10-25,24.405,scenic,0.5,shipped,26.2241,25.5573,4.997,0.6161,2.3164,0.0,22.2819,25.8922,0.0,8.5979
10-25:0229,10-25,24.405,fastest,0.0,town_off,26.2241,25.5573,4.9766,1.1735,2.3164,0.0,22.2819,25.8922,0.0,8.5979
10-25:0229,10-25,24.405,scenic,0.5,town_off,26.2241,25.5573,4.9766,1.1735,2.3164,0.0,22.2819,25.8922,0.0,8.5979
10-25:0230,10-25,18.979,fastest,0.0,shipped,26.1657,34.47,4.968,2.3241,5.344,0.0,20.2022,22.1943,0.0,14.2004
10-25:0230,10-25,18.979,scenic,0.5,shipped,24.1184,34.6874,5.7645,3.8987,5.1721,0.0,18.1346,21.2679,0.0,13.2141
10-25:0230,10-25,18.979,fastest,0.0,town_off,26.1657,34.47,4.7445,2.1312,5.344,0.0,20.2022,22.1943,0.0,14.2004
10-25:0230,10-25,18.979,scenic,0.5,town_off,24.1184,34.6874,5.6241,3.7608,5.1721,0.0,18.1346,21.2679,0.0,13.2141
10-25:0231,10-25,24.835,fastest,0.0,shipped,49.4673,37.4664,1.7007,2.4897,16.9675,10.6751,27.4402,9.1322,0.7454,27.8347
10-25:0231,10-25,24.835,scenic,0.5,shipped,31.4834,43.3839,4.8628,6.3211,18.0411,1.7409,21.5311,5.3306,1.1757,21.8915
10-25:0231,10-25,24.835,fastest,0.0,town_off,49.4673,37.4664,1.5157,3.3958,16.9675,10.6751,27.4402,9.1322,0.7454,27.8347
10-25:0231,10-25,24.835,scenic,0.5,town_off,31.5389,43.8068,4.6073,6.3296,17.6738,1.7409,22.1246,5.6964,1.1757,21.947
10-25:0232,10-25,19.485,fastest,0.0,shipped,26.598,35.2926,4.4716,1.2677,2.3282,0.0,24.2522,16.2759,0.0,6.2347
10-25:0232,10-25,19.485,scenic,0.5,shipped,24.9155,36.4633,4.8957,1.4241,2.3404,0.0,18.975,20.272,0.0,8.5091
10-25:0232,10-25,19.485,fastest,0.0,town_off,26.598,35.2926,4.7076,1.7952,2.3282,0.0,24.2522,16.2759,0.0,6.2347
10-25:0232,10-25,19.485,scenic,0.5,town_off,24.9155,36.4633,5.0391,1.0601,2.3404,0.0,18.975,20.272,0.0,8.5091
10-25:0233,10-25,20.456,fastest,0.0,shipped,35.2987,51.031,4.6952,0.0,6.6391,0.0,33.9826,16.6209,0.0,5.3247
10-25:0233,10-25,20.456,scenic,0.5,shipped,35.2987,51.031,4.6952,0.0,6.6391,0.0,33.9826,16.6209,0.0,5.3247
10-25:0233,10-25,20.456,fastest,0.0,town_off,35.2987,51.031,5.0537,0.1091,6.6391,0.0,33.9826,16.6209,0.0,5.3247
10-25:0233,10-25,20.456,scenic,0.5,town_off,35.2987,51.031,5.0537,0.1091,6.6391,0.0,33.9826,16.6209,0.0,5.3247
10-25:0234,10-25,12.246,fastest,0.0,shipped,19.6085,17.0891,1.5247,0.0,2.0309,0.0,11.4363,1.8103,0.0,3.5578
10-25:0234,10-25,12.246,scenic,0.5,shipped,17.027,20.4353,5.1301,2.7266,11.8122,0.0,11.6115,3.1787,0.0,7.3871
10-25:0234,10-25,12.246,fastest,0.0,town_off,19.6085,17.0891,1.5184,0.0,2.0309,0.0,11.4363,1.8103,0.0,3.5578
10-25:0234,10-25,12.246,scenic,0.5,town_off,17.027,20.4353,5.2514,4.4697,11.8122,0.0,11.6115,3.1787,0.0,7.3871
10-25:0235,10-25,24.181,fastest,0.0,shipped,52.1261,37.2184,1.0487,0.0,16.2863,0.0,29.7628,1.4015,0.0,15.28
10-25:0235,10-25,24.181,scenic,0.5,shipped,31.3836,39.9792,5.6811,5.4398,16.6405,0.0,28.573,5.5707,2.7779,10.9284
10-25:0235,10-25,24.181,fastest,0.0,town_off,52.1261,37.2184,0.9741,0.0,16.2863,0.0,29.7628,1.4015,0.0,15.28
10-25:0235,10-25,24.181,scenic,0.5,town_off,31.3323,39.7006,5.6969,8.9036,14.5929,0.0,28.7249,6.2021,2.7779,8.157
10-25:0236,10-25,11.833,fastest,0.0,shipped,14.9544,20.337,4.7983,1.1317,7.7731,0.4855,9.8529,0.0,1.3036,9.1386
10-25:0236,10-25,11.833,scenic,0.5,shipped,15.0685,20.8599,5.2115,1.4626,8.431,2.3219,8.4417,0.0,0.6703,9.838
10-25:0236,10-25,11.833,fastest,0.0,town_off,14.9544,20.337,4.3946,1.0066,7.7731,0.4855,9.8529,0.0,1.3036,9.1386
10-25:0236,10-25,11.833,scenic,0.5,town_off,15.1401,21.1318,4.8284,1.2114,8.4126,2.3219,8.7336,0.0,0.6703,9.838
10-25:0237,10-25,22.293,fastest,0.0,shipped,35.6589,29.7781,3.0264,4.8939,12.8764,9.5048,30.8083,7.7482,0.3999,11.7077
10-25:0237,10-25,22.293,scenic,0.5,shipped,30.1819,36.6651,6.6218,9.6129,17.2299,19.4255,21.5118,6.309,0.9982,21.5346
10-25:0237,10-25,22.293,fastest,0.0,town_off,35.6589,29.7781,3.0454,6.9731,12.8764,9.5048,30.8083,7.7482,0.3999,11.7077
10-25:0237,10-25,22.293,scenic,0.5,town_off,30.1819,36.6651,6.3046,10.8972,17.2299,19.4255,21.5118,6.309,0.9982,21.5346
10-25:0238,10-25,17.13,fastest,0.0,shipped,23.1034,26.3112,6.0442,3.8561,8.975,0.0,22.9976,16.292,0.8595,9.2733
10-25:0238,10-25,17.13,scenic,0.5,shipped,22.9889,28.005,6.7354,9.9936,13.102,0.0,22.9889,15.0231,1.8937,12.0486
10-25:0238,10-25,17.13,fastest,0.0,town_off,23.1034,26.3112,6.1415,6.3153,8.975,0.0,22.9976,16.292,0.8595,9.2733
10-25:0238,10-25,17.13,scenic,0.5,town_off,22.9889,28.005,6.7671,11.3559,13.102,0.0,22.9889,15.0231,1.8937,12.0486
10-25:0239,10-25,13.759,fastest,0.0,shipped,29.8768,33.8419,4.3276,5.1774,9.7434,13.5513,13.9069,2.1157,0.0,23.8828
10-25:0239,10-25,13.759,scenic,0.5,shipped,23.4292,34.5166,5.7023,5.1885,5.6916,19.0364,7.7668,3.0327,0.0,19.844
10-25:0239,10-25,13.759,fastest,0.0,town_off,29.8768,33.8419,3.6711,3.6855,9.7434,13.5513,13.9069,2.1157,0.0,23.8828
10-25:0239,10-25,13.759,scenic,0.5,town_off,23.4292,34.5166,5.0724,4.6862,5.6916,19.0364,7.7668,3.0327,0.0,19.844
10-25:0240,10-25,12.489,fastest,0.0,shipped,14.9773,17.4092,6.5376,5.2069,13.2318,0.0,12.0537,8.9615,0.0,6.7231
10-25:0240,10-25,12.489,scenic,0.5,shipped,14.9773,17.4092,6.5376,5.2069,13.2318,0.0,12.0537,8.9615,0.0,6.7231
10-25:0240,10-25,12.489,fastest,0.0,town_off,14.9773,17.4092,6.6394,5.4448,13.2318,0.0,12.0537,8.9615,0.0,6.7231
10-25:0240,10-25,12.489,scenic,0.5,town_off,14.9773,17.4092,6.6394,5.4448,13.2318,0.0,12.0537,8.9615,0.0,6.7231
10-25:0241,10-25,19.912,fastest,0.0,shipped,27.9886,31.9451,5.9141,5.0463,5.9137,0.0,26.8466,20.3841,1.0136,10.5079
10-25:0241,10-25,19.912,scenic,0.5,shipped,27.9886,31.9451,5.9141,5.0463,5.9137,0.0,26.8466,20.3841,1.0136,10.5079
10-25:0241,10-25,19.912,fastest,0.0,town_off,27.9886,31.9451,5.9799,6.7506,5.9137,0.0,26.8466,20.3841,1.0136,10.5079
10-25:0241,10-25,19.912,scenic,0.5,town_off,27.9886,31.9451,5.9799,6.7506,5.9137,0.0,26.8466,20.3841,1.0136,10.5079
10-25:0242,10-25,22.44,fastest,0.0,shipped,31.7543,25.3758,2.3272,0.3928,11.6909,11.2398,20.563,8.2855,0.0,14.6355
10-25:0242,10-25,22.44,scenic,0.5,shipped,29.7429,40.7356,5.6157,6.7337,10.1874,10.8876,24.0114,7.8494,1.0646,14.7437
10-25:0242,10-25,22.44,fastest,0.0,town_off,31.7543,25.3758,2.2769,0.0,11.6909,11.2398,20.563,8.2855,0.0,14.6355
10-25:0242,10-25,22.44,scenic,0.5,town_off,29.3756,29.0171,3.4864,2.9623,10.1856,10.5566,22.9896,7.9693,0.0,12.8536
10-25:0243,10-25,17.549,fastest,0.0,shipped,24.1627,29.6508,5.5025,4.3072,9.871,0.0,22.2321,11.1612,0.0,7.6902
10-25:0243,10-25,17.549,scenic,0.5,shipped,24.3321,29.9913,5.671,4.6184,11.6385,0.0,22.214,9.918,0.0,6.1193
10-25:0243,10-25,17.549,fastest,0.0,town_off,24.1627,29.6508,5.6466,4.8187,9.871,0.0,22.2321,11.1612,0.0,7.6902
10-25:0243,10-25,17.549,scenic,0.5,town_off,24.3321,29.9913,5.8755,5.1299,11.6385,0.0,22.214,9.918,0.0,6.1193
10-25:0244,10-25,18.579,fastest,0.0,shipped,29.6143,26.1575,3.7315,1.9956,12.0321,7.4397,27.7641,9.3673,0.0,5.7736
10-25:0244,10-25,18.579,scenic,0.5,shipped,25.2463,31.4876,6.8207,10.9312,10.51,9.0186,20.2722,4.6179,0.0,12.4866
10-25:0244,10-25,18.579,fastest,0.0,town_off,29.6143,26.1575,4.0575,3.5883,12.0321,7.4397,27.7641,9.3673,0.0,5.7736
10-25:0244,10-25,18.579,scenic,0.5,town_off,25.2463,31.4876,6.7075,9.0684,10.51,9.0186,20.2722,4.6179,0.0,12.4866
10-25:0245,10-25,13.574,fastest,0.0,shipped,21.6844,25.2476,5.2115,4.2114,9.0318,0.0,20.6677,16.5093,5.9943,12.9421
10-25:0245,10-25,13.574,scenic,0.5,shipped,17.6833,25.5119,5.6771,3.867,4.6158,0.0,16.6665,12.8004,5.5552,5.357
10-25:0245,10-25,13.574,fastest,0.0,town_off,21.6844,25.2476,4.9265,2.5091,9.0318,0.0,20.6677,16.5093,5.9943,12.9421
10-25:0245,10-25,13.574,scenic,0.5,town_off,17.6833,25.5119,5.7658,2.8833,4.6158,0.0,16.6665,12.8004,5.5552,5.357
10-25:0246,10-25,22.203,fastest,0.0,shipped,27.3241,18.3775,1.4835,1.1221,9.3327,4.3245,24.1384,0.0,0.0,10.4793
10-25:0246,10-25,22.203,scenic,0.5,shipped,24.8098,31.2951,4.8722,2.8615,4.4435,4.2949,19.5004,0.0,0.6402,18.1923
10-25:0246,10-25,22.203,fastest,0.0,town_off,27.3241,18.3775,1.3656,0.5986,9.3327,4.3245,24.1384,0.0,0.0,10.4793
10-25:0246,10-25,22.203,scenic,0.5,town_off,24.6027,30.8358,4.1225,1.1272,4.6786,4.2949,17.7606,0.0,0.6402,17.9851
10-25:0247,10-25,17.258,fastest,0.0,shipped,28.7543,19.2054,1.5936,0.3692,10.597,0.0,15.3079,17.4442,0.0,13.5977
10-25:0247,10-25,17.258,scenic,0.5,shipped,19.3698,23.1457,4.3756,1.5115,6.4059,0.0,12.8654,5.1252,0.0,7.8668
10-25:0247,10-25,17.258,fastest,0.0,town_off,28.7543,19.2054,1.539,0.0,10.597,0.0,15.3079,17.4442,0.0,13.5977
10-25:0247,10-25,17.258,scenic,0.5,town_off,19.3698,23.1457,4.251,1.8705,6.4059,0.0,12.8654,5.1252,0.0,7.8668
10-25:0248,10-25,15.56,fastest,0.0,shipped,23.9848,20.5315,3.8555,2.6166,14.3802,0.0,21.5086,9.9468,1.7687,7.0651
10-25:0248,10-25,15.56,scenic,0.5,shipped,21.0829,25.1447,5.0031,2.7481,11.0827,0.0,18.0166,7.5277,0.5873,8.4093
10-25:0248,10-25,15.56,fastest,0.0,town_off,23.9848,20.5315,4.0773,4.2325,14.3802,0.0,21.5086,9.9468,1.7687,7.0651
10-25:0248,10-25,15.56,scenic,0.5,town_off,21.0829,25.1447,5.032,3.9734,11.0827,0.0,18.0166,7.5277,0.5873,8.4093
10-25:0249,10-25,19.633,fastest,0.0,shipped,23.8063,31.9396,6.2302,7.7429,6.5479,0.0,23.6448,20.2761,0.0,5.5071
10-25:0249,10-25,19.633,scenic,0.5,shipped,23.8063,31.9396,6.2302,7.7429,6.5479,0.0,23.6448,20.2761,0.0,5.5071
10-25:0249,10-25,19.633,fastest,0.0,town_off,23.8063,31.9396,6.5203,9.175,6.5479,0.0,23.6448,20.2761,0.0,5.5071
10-25:0249,10-25,19.633,scenic,0.5,town_off,23.8063,31.9396,6.5203,9.175,6.5479,0.0,23.6448,20.2761,0.0,5.5071
25-50:0000,25-50,34.404,fastest,0.0,shipped,56.6995,31.9491,0.5253,0.0,17.6124,0.0,38.148,0.0,0.0,17.6223
25-50:0000,25-50,34.404,scenic,0.5,shipped,43.4656,56.1489,5.309,6.4635,14.9422,0.0,40.222,0.3251,0.7039,22.2016
25-50:0000,25-50,34.404,fastest,0.0,town_off,56.6995,31.9491,0.4431,0.0,17.6124,0.0,38.148,0.0,0.0,17.6223
25-50:0000,25-50,34.404,scenic,0.5,town_off,43.1874,55.5395,4.9863,3.427,16.1496,0.0,38.8729,0.3251,0.0,21.301
25-50:0000,25-50,34.404,sweep,0.0,shipped,56.6995,31.9491,0.5253,0.0,17.6124,0.0,38.148,0.0,0.0,17.6223
25-50:0000,25-50,34.404,sweep,0.25,shipped,45.5852,34.1511,1.8145,1.415,16.0383,0.0,34.5836,0.0,0.0,18.998
25-50:0000,25-50,34.404,sweep,0.5,shipped,43.4656,56.1489,5.309,6.4635,14.9422,0.0,40.222,0.3251,0.7039,22.2016
25-50:0000,25-50,34.404,sweep,0.75,shipped,43.4656,56.1489,5.309,6.4635,14.9422,0.0,40.222,0.3251,0.7039,22.2016
25-50:0000,25-50,34.404,sweep,1.0,shipped,43.5626,58.2833,5.4011,6.485,16.8439,0.0,40.1001,1.0671,0.7039,20.9236
25-50:0001,25-50,41.047,fastest,0.0,shipped,56.2135,65.8821,5.315,4.5428,15.8412,0.0,41.403,43.8896,0.0,9.7529
25-50:0001,25-50,41.047,scenic,0.5,shipped,56.2135,65.8821,5.315,4.5428,15.8412,0.0,41.403,43.8896,0.0,9.7529
25-50:0001,25-50,41.047,fastest,0.0,town_off,56.2135,65.8821,5.5593,7.5506,15.8412,0.0,41.403,43.8896,0.0,9.7529
25-50:0001,25-50,41.047,scenic,0.5,town_off,56.2135,65.8821,5.5593,7.5506,15.8412,0.0,41.403,43.8896,0.0,9.7529
25-50:0001,25-50,41.047,sweep,0.0,shipped,56.2135,65.8821,5.315,4.5428,15.8412,0.0,41.403,43.8896,0.0,9.7529
25-50:0001,25-50,41.047,sweep,0.25,shipped,56.2135,65.8821,5.315,4.5428,15.8412,0.0,41.403,43.8896,0.0,9.7529
25-50:0001,25-50,41.047,sweep,0.5,shipped,56.2135,65.8821,5.315,4.5428,15.8412,0.0,41.403,43.8896,0.0,9.7529
25-50:0001,25-50,41.047,sweep,0.75,shipped,57.8356,73.3543,5.7838,8.9726,18.9444,0.0,45.5116,43.7648,0.8025,13.351
25-50:0001,25-50,41.047,sweep,1.0,shipped,57.9385,73.6226,5.7972,9.0755,19.0473,0.0,45.6145,43.8677,0.8025,13.4539
25-50:0002,25-50,29.122,fastest,0.0,shipped,33.3444,26.3612,3.0954,1.4043,20.2556,0.0,26.9837,30.9671,0.0,15.9285
25-50:0002,25-50,29.122,scenic,0.5,shipped,32.9383,36.7888,5.6087,11.401,30.2125,0.0,25.2576,30.0935,0.0,21.7025
25-50:0002,25-50,29.122,fastest,0.0,town_off,33.3444,26.3612,3.1148,1.1383,20.2556,0.0,26.9837,30.9671,0.0,15.9285
25-50:0002,25-50,29.122,scenic,0.5,town_off,33.1813,29.3713,4.5287,6.6319,27.3437,0.0,26.0939,31.2713,0.0,19.3922
25-50:0002,25-50,29.122,sweep,0.0,shipped,33.3444,26.3612,3.0954,1.4043,20.2556,0.0,26.9837,30.9671,0.0,15.9285
25-50:0002,25-50,29.122,sweep,0.25,shipped,33.2992,26.4215,3.182,2.4166,20.3853,0.0,27.309,30.9219,0.0,15.8833
25-50:0002,25-50,29.122,sweep,0.5,shipped,32.9383,36.7888,5.6087,11.401,30.2125,0.0,25.2576,30.0935,0.0,21.7025
25-50:0002,25-50,29.122,sweep,0.75,shipped,35.2389,48.0462,7.0801,19.9641,32.4372,0.0,26.5272,34.0763,0.0,21.5748
25-50:0002,25-50,29.122,sweep,1.0,shipped,35.2389,48.0462,7.0801,19.9641,32.4372,0.0,26.5272,34.0763,0.0,21.5748
25-50:0003,25-50,48.059,fastest,0.0,shipped,66.5153,66.4025,5.0863,14.6157,16.4111,0.0,56.788,42.5685,3.0898,25.9039
25-50:0003,25-50,48.059,scenic,0.5,shipped,65.3018,74.5461,5.8456,14.8486,19.852,0.0,56.9585,41.8563,2.0741,27.1677
25-50:0003,25-50,48.059,fastest,0.0,town_off,66.5153,66.4025,5.1674,18.2327,16.4111,0.0,56.788,42.5685,3.0898,25.9039
25-50:0003,25-50,48.059,scenic,0.5,town_off,65.3018,74.5461,5.8548,18.4656,19.852,0.0,56.9585,41.8563,2.0741,27.1677
25-50:0003,25-50,48.059,sweep,0.0,shipped,66.5153,66.4025,5.0863,14.6157,16.4111,0.0,56.788,42.5685,3.0898,25.9039
25-50:0003,25-50,48.059,sweep,0.25,shipped,66.5153,66.4025,5.0863,14.6157,16.4111,0.0,56.788,42.5685,3.0898,25.9039
25-50:0003,25-50,48.059,sweep,0.5,shipped,65.3018,74.5461,5.8456,14.8486,19.852,0.0,56.9585,41.8563,2.0741,27.1677
25-50:0003,25-50,48.059,sweep,0.75,shipped,66.5326,76.6639,6.0222,16.9904,23.3971,0.0,59.3321,43.3299,3.3835,28.3771
25-50:0003,25-50,48.059,sweep,1.0,shipped,66.4752,77.3,6.0352,17.4098,23.3708,0.0,59.4635,43.2988,4.4761,28.2845
25-50:0004,25-50,42.376,fastest,0.0,shipped,56.7149,52.6193,3.7446,6.1296,9.7751,0.0,53.6783,30.0919,3.3938,13.478
25-50:0004,25-50,42.376,scenic,0.5,shipped,56.6807,72.1656,6.0364,17.3528,18.8057,0.0,51.0123,29.5639,5.927,24.5188
25-50:0004,25-50,42.376,fastest,0.0,town_off,56.7149,52.6193,3.9319,4.8694,9.7751,0.0,53.6783,30.0919,3.3938,13.478
25-50:0004,25-50,42.376,scenic,0.5,town_off,60.5781,74.3498,6.6863,25.3724,29.6776,0.0,55.9533,35.6063,14.2887,19.9824
25-50:0004,25-50,42.376,sweep,0.0,shipped,56.7149,52.6193,3.7446,6.1296,9.7751,0.0,53.6783,30.0919,3.3938,13.478
25-50:0004,25-50,42.376,sweep,0.25,shipped,55.7982,52.7403,3.7404,6.1296,9.7751,0.0,53.142,30.1358,3.3938,13.7673
25-50:0004,25-50,42.376,sweep,0.5,shipped,56.6807,72.1656,6.0364,17.3528,18.8057,0.0,51.0123,29.5639,5.927,24.5188
25-50:0004,25-50,42.376,sweep,0.75,shipped,62.2079,77.0769,6.6372,28.6966,34.6152,0.0,57.2702,35.8753,9.7903,23.4466
25-50:0004,25-50,42.376,sweep,1.0,shipped,62.2079,77.0769,6.6372,28.6966,34.6152,0.0,57.2702,35.8753,9.7903,23.4466
25-50:0005,25-50,36.731,fastest,0.0,shipped,54.981,46.8637,7.1221,34.2781,38.9329,0.0,49.0995,54.6771,1.1858,16.2772
25-50:0005,25-50,36.731,scenic,0.5,shipped,54.981,46.8637,7.1221,34.2781,38.9329,0.0,49.0995,54.6771,1.1858,16.2772
25-50:0005,25-50,36.731,fastest,0.0,town_off,54.981,46.8637,7.516,38.3224,38.9329,0.0,49.0995,54.6771,1.1858,16.2772
25-50:0005,25-50,36.731,scenic,0.5,town_off,54.981,46.8637,7.516,38.3224,38.9329,0.0,49.0995,54.6771,1.1858,16.2772
25-50:0005,25-50,36.731,sweep,0.0,shipped,54.981,46.8637,7.1221,34.2781,38.9329,0.0,49.0995,54.6771,1.1858,16.2772
25-50:0005,25-50,36.731,sweep,0.25,shipped,54.981,46.8637,7.1221,34.2781,38.9329,0.0,49.0995,54.6771,1.1858,16.2772
25-50:0005,25-50,36.731,sweep,0.5,shipped,54.981,46.8637,7.1221,34.2781,38.9329,0.0,49.0995,54.6771,1.1858,16.2772
25-50:0005,25-50,36.731,sweep,0.75,shipped,54.981,46.8637,7.1221,34.2781,38.9329,0.0,49.0995,54.6771,1.1858,16.2772
25-50:0005,25-50,36.731,sweep,1.0,shipped,54.981,46.8637,7.1221,34.2781,38.9329,0.0,49.0995,54.6771,1.1858,16.2772
25-50:0006,25-50,35.401,fastest,0.0,shipped,52.4331,38.7352,1.4335,0.096,10.4984,0.0,40.3189,2.2703,0.3875,22.1122
25-50:0006,25-50,35.401,scenic,0.5,shipped,39.5158,52.4741,5.2798,3.505,14.6902,0.0,35.6798,2.4968,0.9861,22.084
25-50:0006,25-50,35.401,fastest,0.0,town_off,52.4331,38.7352,1.2395,0.0,10.4984,0.0,40.3189,2.2703,0.3875,22.1122
25-50:0006,25-50,35.401,scenic,0.5,town_off,39.5158,52.4741,5.0094,4.2404,14.6902,0.0,35.6798,2.4968,0.9861,22.084
25-50:0006,25-50,35.401,sweep,0.0,shipped,52.4331,38.7352,1.4335,0.096,10.4984,0.0,40.3189,2.2703,0.3875,22.1122
25-50:0006,25-50,35.401,sweep,0.25,shipped,49.7566,41.0824,1.9166,0.096,12.7777,0.0,38.724,3.4573,0.3875,18.1992
25-50:0006,25-50,35.401,sweep,0.5,shipped,39.5158,52.4741,5.2798,3.505,14.6902,0.0,35.6798,2.4968,0.9861,22.084
25-50:0006,25-50,35.401,sweep,0.75,shipped,39.5158,52.4741,5.2798,3.505,14.6902,0.0,35.6798,2.4968,0.9861,22.084
25-50:0006,25-50,35.401,sweep,1.0,shipped,39.8939,53.1078,5.3572,4.3043,15.6716,0.0,35.5623,2.5688,0.9861,22.0391
25-50:0007,25-50,37.802,fastest,0.0,shipped,79.4324,59.7798,2.2777,4.0642,29.554,0.0,65.0416,72.7396,4.0683,15.8822
25-50:0007,25-50,37.802,scenic,0.5,shipped,55.957,62.9953,6.0973,11.7095,28.8257,0.0,49.1035,34.974,3.5395,25.5582
25-50:0007,25-50,37.802,fastest,0.0,town_off,79.4324,59.7798,2.5043,4.0081,29.554,0.0,65.0416,72.7396,4.0683,15.8822
25-50:0007,25-50,37.802,scenic,0.5,town_off,55.957,62.9953,6.0859,20.7322,28.8257,0.0,49.1035,34.974,3.5395,25.5582
25-50:0007,25-50,37.802,sweep,0.0,shipped,79.4324,59.7798,2.2777,4.0642,29.554,0.0,65.0416,72.7396,4.0683,15.8822
25-50:0007,25-50,37.802,sweep,0.25,shipped,56.639,61.2515,5.8511,9.9814,25.1165,0.0,50.9414,33.8224,3.5395,25.2231
25-50:0007,25-50,37.802,sweep,0.5,shipped,55.957,62.9953,6.0973,11.7095,28.8257,0.0,49.1035,34.974,3.5395,25.5582
25-50:0007,25-50,37.802,sweep,0.75,shipped,55.9367,63.0274,6.0975,11.7095,28.9711,0.0,49.0832,34.974,3.5395,25.5378
25-50:0007,25-50,37.802,sweep,1.0,shipped,61.2362,71.2373,6.6322,24.4813,22.5176,0.0,55.4679,45.9033,12.727,17.7846
25-50:0008,25-50,40.069,fastest,0.0,shipped,64.1032,72.4188,7.0437,27.3436,29.401,0.0,57.6776,61.9544,0.7095,19.8334
25-50:0008,25-50,40.069,scenic,0.5,shipped,64.0517,72.4352,7.0462,27.3436,29.3931,0.0,57.6342,61.903,0.7095,19.7819
25-50:0008,25-50,40.069,fastest,0.0,town_off,64.1032,72.4188,7.3435,39.4158,29.401,0.0,57.6776,61.9544,0.7095,19.8334
25-50:0008,25-50,40.069,scenic,0.5,town_off,64.0517,72.4352,7.3465,39.4158,29.3931,0.0,57.6342,61.903,0.7095,19.7819
25-50:0008,25-50,40.069,sweep,0.0,shipped,64.1032,72.4188,7.0437,27.3436,29.401,0.0,57.6776,61.9544,0.7095,19.8334
25-50:0008,25-50,40.069,sweep,0.25,shipped,64.1032,72.4188,7.0437,27.3436,29.401,0.0,57.6776,61.9544,0.7095,19.8334
25-50:0008,25-50,40.069,sweep,0.5,shipped,64.0517,72.4352,7.0462,27.3436,29.3931,0.0,57.6342,61.903,0.7095,19.7819
25-50:0008,25-50,40.069,sweep,0.75,shipped,64.0517,72.4352,7.0462,27.3436,29.3931,0.0,57.6342,61.903,0.7095,19.7819
25-50:0008,25-50,40.069,sweep,1.0,shipped,64.0517,72.4352,7.0462,27.3436,29.3931,0.0,57.6342,61.903,0.7095,19.7819
25-50:0009,25-50,36.817,fastest,0.0,shipped,47.0185,53.1307,5.5501,8.6227,13.8984,0.0,42.5921,31.4968,0.0,14.5109
25-50:0009,25-50,36.817,scenic,0.5,shipped,47.0185,53.1307,5.5501,8.6227,13.8984,0.0,42.5921,31.4968,0.0,14.5109
25-50:0009,25-50,36.817,fastest,0.0,town_off,47.0185,53.1307,5.6524,9.5092,13.8984,0.0,42.5921,31.4968,0.0,14.5109
25-50:0009,25-50,36.817,scenic,0.5,town_off,47.0185,53.1307,5.6524,9.5092,13.8984,0.0,42.5921,31.4968,0.0,14.5109
25-50:0009,25-50,36.817,sweep,0.0,shipped,47.0185,53.1307,5.5501,8.6227,13.8984,0.0,42.5921,31.4968,0.0,14.5109
25-50:0009,25-50,36.817,sweep,0.25,shipped,47.0185,53.1307,5.5501,8.6227,13.8984,0.0,42.5921,31.4968,0.0,14.5109
25-50:0009,25-50,36.817,sweep,0.5,shipped,47.0185,53.1307,5.5501,8.6227,13.8984,0.0,42.5921,31.4968,0.0,14.5109
25-50:0009,25-50,36.817,sweep,0.75,shipped,47.0185,53.1307,5.5501,8.6227,13.8984,0.0,42.5921,31.4968,0.0,14.5109
25-50:0009,25-50,36.817,sweep,1.0,shipped,47.1068,53.2701,5.5649,8.711,13.9867,0.0,42.6804,31.5851,0.0,14.5992
25-50:0010,25-50,35.379,fastest,0.0,shipped,46.2273,50.8165,4.5448,5.8879,15.3054,0.0,33.4116,22.7666,2.5237,17.7156
25-50:0010,25-50,35.379,scenic,0.5,shipped,45.0146,51.837,6.0169,14.5817,23.4295,0.0,36.5587,20.5662,0.0,28.1792
25-50:0010,25-50,35.379,fastest,0.0,town_off,46.2273,50.8165,4.5373,5.2823,15.3054,0.0,33.4116,22.7666,2.5237,17.7156
25-50:0010,25-50,35.379,scenic,0.5,town_off,45.0146,51.837,5.7507,14.3024,23.4295,0.0,36.5587,20.5662,0.0,28.1792
25-50:0010,25-50,35.379,sweep,0.0,shipped,46.2273,50.8165,4.5448,5.8879,15.3054,0.0,33.4116,22.7666,2.5237,17.7156
25-50:0010,25-50,35.379,sweep,0.25,shipped,41.7786,50.8456,5.3905,6.197,11.7167,0.0,34.4867,18.2387,0.0,20.26
25-50:0010,25-50,35.379,sweep,0.5,shipped,45.0146,51.837,6.0169,14.5817,23.4295,0.0,36.5587,20.5662,0.0,28.1792
25-50:0010,25-50,35.379,sweep,0.75,shipped,45.0146,51.837,6.0169,14.5817,23.4295,0.0,36.5587,20.5662,0.0,28.1792
25-50:0010,25-50,35.379,sweep,1.0,shipped,45.0146,51.837,6.0169,14.5817,23.4295,0.0,36.5587,20.5662,0.0,28.1792
25-50:0011,25-50,48.946,fastest,0.0,shipped,66.4789,66.7452,4.5193,2.31,34.1265,0.0,49.8048,22.3399,0.0,22.6551
25-50:0011,25-50,48.946,scenic,0.5,shipped,61.4388,70.6272,5.1237,10.4852,26.195,0.0,56.0999,20.7179,1.7094,11.9747
25-50:0011,25-50,48.946,fastest,0.0,town_off,66.4789,66.7452,4.5566,2.5339,34.1265,0.0,49.8048,22.3399,0.0,22.6551
25-50:0011,25-50,48.946,scenic,0.5,town_off,61.4388,70.6272,5.4024,10.7703,26.195,0.0,56.0999,20.7179,1.7094,11.9747
25-50:0011,25-50,48.946,sweep,0.0,shipped,66.4789,66.7452,4.5193,2.31,34.1265,0.0,49.8048,22.3399,0.0,22.6551
25-50:0011,25-50,48.946,sweep,0.25,shipped,66.4789,66.7452,4.5193,2.31,34.1265,0.0,49.8048,22.3399,0.0,22.6551
25-50:0011,25-50,48.946,sweep,0.5,shipped,61.4388,70.6272,5.1237,10.4852,26.195,0.0,56.0999,20.7179,1.7094,11.9747
25-50:0011,25-50,48.946,sweep,0.75,shipped,61.4388,70.6272,5.1237,10.4852,26.195,0.0,56.0999,20.7179,1.7094,11.9747
25-50:0011,25-50,48.946,sweep,1.0,shipped,61.4388,70.6272,5.1237,10.4852,26.195,0.0,56.0999,20.7179,1.7094,11.9747
25-50:0012,25-50,35.932,fastest,0.0,shipped,50.7131,37.6469,1.7561,2.1661,19.1512,0.0,22.8386,8.0536,0.0,18.7091
25-50:0012,25-50,35.932,scenic,0.5,shipped,42.4251,56.3763,5.4548,6.9362,20.4102,0.0,33.0458,8.9228,1.4638,20.0712
25-50:0012,25-50,35.932,fastest,0.0,town_off,50.7131,37.6469,1.6978,2.4605,19.1512,0.0,22.8386,8.0536,0.0,18.7091
25-50:0012,25-50,35.932,scenic,0.5,town_off,42.4251,56.3763,5.2904,6.3813,20.4102,0.0,33.0458,8.9228,1.4638,20.0712
25-50:0012,25-50,35.932,sweep,0.0,shipped,50.7131,37.6469,1.7561,2.1661,19.1512,0.0,22.8386,8.0536,0.0,18.7091
25-50:0012,25-50,35.932,sweep,0.25,shipped,45.3392,40.1065,2.7905,1.3405,17.8949,0.0,28.2869,3.5691,0.0,22.0191
25-50:0012,25-50,35.932,sweep,0.5,shipped,42.4251,56.3763,5.4548,6.9362,20.4102,0.0,33.0458,8.9228,1.4638,20.0712
25-50:0012,25-50,35.932,sweep,0.75,shipped,42.4251,56.3763,5.4548,6.9362,20.4102,0.0,33.0458,8.9228,1.4638,20.0712
25-50:0012,25-50,35.932,sweep,1.0,shipped,42.9124,57.5031,5.5462,7.6999,20.7612,0.0,35.1793,10.2657,1.4638,20.5586
25-50:0013,25-50,26.677,fastest,0.0,shipped,31.577,39.3587,4.9329,2.5014,10.1048,0.0,28.2715,15.1207,1.5273,8.5062
25-50:0013,25-50,26.677,scenic,0.5,shipped,33.5702,40.3097,5.5697,7.5744,13.2693,0.0,30.0963,20.0769,1.5273,8.5252
25-50:0013,25-50,26.677,fastest,0.0,town_off,31.577,39.3587,5.115,2.955,10.1048,0.0,28.2715,15.1207,1.5273,8.5062
25-50:0013,25-50,26.677,scenic,0.5,town_off,33.5702,40.3097,5.78,6.8102,13.2693,0.0,30.0963,20.0769,1.5273,8.5252
25-50:0013,25-50,26.677,sweep,0.0,shipped,31.577,39.3587,4.9329,2.5014,10.1048,0.0,28.2715,15.1207,1.5273,8.5062
25-50:0013,25-50,26.677,sweep,0.25,shipped,31.577,39.3587,4.9329,2.5014,10.1048,0.0,28.2715,15.1207,1.5273,8.5062
25-50:0013,25-50,26.677,sweep,0.5,shipped,33.5702,40.3097,5.5697,7.5744,13.2693,0.0,30.0963,20.0769,1.5273,8.5252
25-50:0013,25-50,26.677,sweep,0.75,shipped,33.5702,40.3097,5.5697,7.5744,13.2693,0.0,30.0963,20.0769,1.5273,8.5252
25-50:0013,25-50,26.677,sweep,1.0,shipped,33.5215,40.4085,5.5674,7.5669,13.2207,0.0,30.0477,20.0283,1.5273,8.5252
25-50:0014,25-50,44.321,fastest,0.0,shipped,75.6825,45.4432,0.7519,0.0,16.8382,0.0,52.4989,2.5259,2.2004,17.0697
25-50:0014,25-50,44.321,scenic,0.5,shipped,53.1691,65.9143,5.299,6.7181,20.3432,0.0,47.6633,4.7109,0.8659,25.5411
25-50:0014,25-50,44.321,fastest,0.0,town_off,75.6825,45.4432,0.7146,0.0,16.8382,0.0,52.4989,2.5259,2.2004,17.0697
25-50:0014,25-50,44.321,scenic,0.5,town_off,53.1691,65.9143,5.1079,8.156,20.3432,0.0,47.6633,4.7109,0.8659,25.5411
25-50:0014,25-50,44.321,sweep,0.0,shipped,75.6825,45.4432,0.7519,0.0,16.8382,0.0,52.4989,2.5259,2.2004,17.0697
25-50:0014,25-50,44.321,sweep,0.25,shipped,60.9396,54.0157,2.5647,0.8161,10.3384,0.0,50.9646,6.8385,1.2061,24.8899
25-50:0014,25-50,44.321,sweep,0.5,shipped,53.1691,65.9143,5.299,6.7181,20.3432,0.0,47.6633,4.7109,0.8659,25.5411
25-50:0014,25-50,44.321,sweep,0.75,shipped,53.1691,65.9143,5.299,6.7181,20.3432,0.0,47.6633,4.7109,0.8659,25.5411
25-50:0014,25-50,44.321,sweep,1.0,shipped,56.0392,72.5801,5.758,10.1526,30.8427,0.0,50.7816,4.2366,0.8659,28.4638
25-50:0015,25-50,40.163,fastest,0.0,shipped,54.1658,39.3813,1.4499,2.6839,9.4011,0.0,34.3448,19.6341,5.9787,12.8337
25-50:0015,25-50,40.163,scenic,0.5,shipped,45.5555,54.4265,4.9755,5.2008,17.1664,0.0,33.6994,5.703,2.192,17.1803
25-50:0015,25-50,40.163,fastest,0.0,town_off,54.1658,39.3813,1.5341,3.4908,9.4011,0.0,34.3448,19.6341,5.9787,12.8337
25-50:0015,25-50,40.163,scenic,0.5,town_off,45.0879,55.1254,5.0088,4.8525,19.1356,0.0,33.2543,6.1467,2.192,15.7995
25-50:0016,25-50,25.578,fastest,0.0,shipped,32.6635,32.5138,3.8747,3.4657,15.1871,0.0,24.4558,9.1979,0.0,12.1903
25-50:0016,25-50,25.578,scenic,0.5,shipped,29.4236,36.6241,5.6756,6.5288,14.5583,0.0,24.2326,9.2973,0.0,12.3232
25-50:0016,25-50,25.578,fastest,0.0,town_off,32.6635,32.5138,3.8684,3.459,15.1871,0.0,24.4558,9.1979,0.0,12.1903
25-50:0016,25-50,25.578,scenic,0.5,town_off,29.4236,36.6241,5.6428,6.0667,14.5583,0.0,24.2326,9.2973,0.0,12.3232
25-50:0017,25-50,43.694,fastest,0.0,shipped,56.725,59.4382,4.605,6.3752,19.0875,0.0,53.0027,31.7994,2.7037,16.0977
25-50:0017,25-50,43.694,scenic,0.5,shipped,54.2646,67.1691,5.452,10.0159,21.8453,0.0,52.0744,40.5062,0.0,19.9269
25-50:0017,25-50,43.694,fastest,0.0,town_off,56.725,59.4382,4.6734,7.5488,19.0875,0.0,53.0027,31.7994,2.7037,16.0977
25-50:0017,25-50,43.694,scenic,0.5,town_off,63.0753,71.5375,6.4806,23.746,40.6487,0.0,59.0048,45.7781,1.5993,17.7104
25-50:0018,25-50,28.531,fastest,0.0,shipped,39.6773,37.7482,3.2946,5.9124,18.093,6.7145,31.5155,18.3303,3.8781,15.9071
25-50:0018,25-50,28.531,scenic,0.5,shipped,39.547,43.6122,4.5647,9.0877,21.8371,6.7145,31.9906,18.0825,1.9079,21.8983
25-50:0018,25-50,28.531,fastest,0.0,town_off,39.6773,37.7482,3.2767,5.8612,18.093,6.7145,31.5155,18.3303,3.8781,15.9071
25-50:0018,25-50,28.531,scenic,0.5,town_off,38.8598,44.7483,4.4612,7.911,19.7831,6.7145,31.1831,18.1444,3.9876,19.8963
25-50:0019,25-50,33.119,fastest,0.0,shipped,47.864,47.186,5.7941,11.6025,24.0511,0.0,42.2021,34.8433,0.0,13.7175
25-50:0019,25-50,33.119,scenic,0.5,shipped,47.7805,49.0659,6.2218,15.6784,28.4379,0.0,42.5206,38.3247,0.0,12.9866
25-50:0019,25-50,33.119,fastest,0.0,town_off,47.864,47.186,6.0299,13.2632,24.0511,0.0,42.2021,34.8433,0.0,13.7175
25-50:0019,25-50,33.119,scenic,0.5,town_off,47.7805,49.0659,6.5291,18.1596,28.4379,0.0,42.5206,38.3247,0.0,12.9866
25-50:0020,25-50,49.257,fastest,0.0,shipped,90.3088,74.0237,3.9062,18.7389,47.6532,0.0,73.8163,50.7529,3.5364,29.9303
25-50:0020,25-50,49.257,scenic,0.5,shipped,70.0872,77.8206,6.5867,28.2661,36.6718,0.0,63.1336,51.9386,7.1898,25.7206
25-50:0020,25-50,49.257,fastest,0.0,town_off,90.3088,74.0237,4.0872,19.5483,47.6532,0.0,73.8163,50.7529,3.5364,29.9303
25-50:0020,25-50,49.257,scenic,0.5,town_off,70.0872,77.8206,6.775,30.8634,36.6718,0.0,63.1336,51.9386,7.1898,25.7206
25-50:0021,25-50,46.405,fastest,0.0,shipped,79.2557,68.2031,4.9185,10.8352,37.3893,0.0,68.9525,62.9821,0.0,15.9708
25-50:0021,25-50,46.405,scenic,0.5,shipped,74.922,71.4191,5.2351,10.0318,27.2969,0.0,73.2196,57.8745,0.0,19.3773
25-50:0021,25-50,46.405,fastest,0.0,town_off,79.2557,68.2031,5.2462,10.3261,37.3893,0.0,68.9525,62.9821,0.0,15.9708
25-50:0021,25-50,46.405,scenic,0.5,town_off,74.922,71.4191,5.4881,11.5292,27.2969,0.0,73.2196,57.8745,0.0,19.3773
25-50:0022,25-50,39.241,fastest,0.0,shipped,45.4795,32.3006,1.2244,1.5788,12.2738,5.1749,20.3019,11.9691,2.2315,18.5431
25-50:0022,25-50,39.241,scenic,0.5,shipped,44.072,56.9175,5.2963,6.9666,9.5758,2.6527,38.334,30.504,6.715,16.7658
25-50:0022,25-50,39.241,fastest,0.0,town_off,45.4795,32.3006,1.2238,1.0366,12.2738,5.1749,20.3019,11.9691,2.2315,18.5431
25-50:0022,25-50,39.241,scenic,0.5,town_off,46.6821,63.8126,6.3958,19.3856,24.3713,1.6138,41.3299,29.9886,11.2598,17.8522
25-50:0023,25-50,28.405,fastest,0.0,shipped,41.8659,48.0286,6.489,18.3904,30.9179,0.0,31.9253,40.1956,0.0,12.8072
25-50:0023,25-50,28.405,scenic,0.5,shipped,41.8659,48.0286,6.489,18.3904,30.9179,0.0,31.9253,40.1956,0.0,12.8072
25-50:0023,25-50,28.405,fastest,0.0,town_off,41.8659,48.0286,6.78,21.5293,30.9179,0.0,31.9253,40.1956,0.0,12.8072
25-50:0023,25-50,28.405,scenic,0.5,town_off,41.8659,48.0286,6.78,21.5293,30.9179,0.0,31.9253,40.1956,0.0,12.8072
25-50:0024,25-50,42.892,fastest,0.0,shipped,53.3811,36.6548,1.6315,0.5786,16.755,0.0,35.5671,16.4953,4.8292,23.0194
25-50:0024,25-50,42.892,scenic,0.5,shipped,48.6696,61.7998,4.9581,8.0248,21.6722,0.0,30.2527,17.3681,2.8955,24.7407
25-50:0024,25-50,42.892,fastest,0.0,town_off,53.3811,36.6548,1.5536,0.4958,16.755,0.0,35.5671,16.4953,4.8292,23.0194
25-50:0024,25-50,42.892,scenic,0.5,town_off,48.6696,61.7998,4.7226,7.7101,21.6722,0.0,30.2527,17.3681,2.8955,24.7407
25-50:0025,25-50,47.196,fastest,0.0,shipped,57.4496,36.2146,1.1061,0.0,22.2803,14.6944,35.7324,4.47,0.0,12.4952
25-50:0025,25-50,47.196,scenic,0.5,shipped,57.4108,66.9533,5.2171,8.9218,24.4821,25.257,41.0148,14.9438,2.4349,9.8163
25-50:0025,25-50,47.196,fastest,0.0,town_off,57.4496,36.2146,1.234,0.0,22.2803,14.6944,35.7324,4.47,0.0,12.4952
25-50:0025,25-50,47.196,scenic,0.5,town_off,57.4673,66.4414,5.5299,15.4037,24.493,25.3258,42.4557,14.9438,2.4349,9.6855
25-50:0026,25-50,25.867,fastest,0.0,shipped,31.5715,29.4119,5.1951,5.6569,18.1634,0.0,27.919,19.2249,0.5624,9.6929
25-50:0026,25-50,25.867,scenic,0.5,shipped,31.3235,29.4689,5.3065,6.1895,17.9155,0.0,28.6543,19.7255,0.5624,9.8724
25-50:0026,25-50,25.867,fastest,0.0,town_off,31.5715,29.4119,5.3567,6.5762,18.1634,0.0,27.919,19.2249,0.5624,9.6929
25-50:0026,25-50,25.867,scenic,0.5,town_off,31.3235,29.4689,5.4777,6.6839,17.9155,0.0,28.6543,19.7255,0.5624,9.8724
25-50:0027,25-50,31.03,fastest,0.0,shipped,36.4856,39.7305,3.8587,0.9859,8.0209,0.0,17.3757,14.1577,0.0,17.091
25-50:0027,25-50,31.03,scenic,0.5,shipped,34.9931,42.6976,4.4274,2.1364,10.7418,0.0,19.0641,9.9743,0.0,17.2873
25-50:0027,25-50,31.03,fastest,0.0,town_off,36.4856,39.7305,3.5468,0.5977,8.0209,0.0,17.3757,14.1577,0.0,17.091
25-50:0027,25-50,31.03,scenic,0.5,town_off,34.9931,42.6976,4.1158,3.1389,10.7418,0.0,19.0641,9.9743,0.0,17.2873
25-50:0028,25-50,30.965,fastest,0.0,shipped,39.6924,39.7891,6.8129,17.873,30.7076,0.0,30.3015,32.0242,0.0,20.4639
25-50:0028,25-50,30.965,scenic,0.5,shipped,39.6924,39.7891,6.8129,17.873,30.7076,0.0,30.3015,32.0242,0.0,20.4639
25-50:0028,25-50,30.965,fastest,0.0,town_off,39.6924,39.7891,6.8906,19.0766,30.7076,0.0,30.3015,32.0242,0.0,20.4639
25-50:0028,25-50,30.965,scenic,0.5,town_off,39.6924,39.7891,6.8906,19.0766,30.7076,0.0,30.3015,32.0242,0.0,20.4639
25-50:0029,25-50,47.495,fastest,0.0,shipped,67.3925,66.4283,5.2923,10.262,20.9009,0.0,58.0461,56.251,5.0585,25.1656
25-50:0029,25-50,47.495,scenic,0.5,shipped,64.5676,72.8454,5.7038,13.9947,23.1156,0.0,59.0182,53.4575,2.1111,19.7231
25-50:0029,25-50,47.495,fastest,0.0,town_off,67.3925,66.4283,5.3875,12.735,20.9009,0.0,58.0461,56.251,5.0585,25.1656
25-50:0029,25-50,47.495,scenic,0.5,town_off,65.7214,78.9937,6.5094,26.6228,29.0203,0.0,62.563,53.4755,2.1111,18.5561
25-50:0030,25-50,32.532,fastest,0.0,shipped,43.5396,36.6265,1.7403,2.2075,13.7029,1.4039,22.6616,1.8257,0.0,22.7524
25-50:0030,25-50,32.532,scenic,0.5,shipped,40.2997,51.884,5.0054,9.239,16.315,3.7662,25.2885,4.4574,0.0,32.16
25-50:0030,25-50,32.532,fastest,0.0,town_off,43.5396,36.6265,1.5568,2.5727,13.7029,1.4039,22.6616,1.8257,0.0,22.7524
25-50:0030,25-50,32.532,scenic,0.5,town_off,40.3647,51.8782,4.4921,6.8541,16.315,3.8311,25.5623,4.4574,0.0,32.225
25-50:0031,25-50,31.088,fastest,0.0,shipped,38.3269,45.3547,5.9043,7.5382,20.2732,0.0,35.7305,23.9548,3.0237,12.2128
25-50:0031,25-50,31.088,scenic,0.5,shipped,38.5121,46.1126,6.3554,13.2104,23.6758,0.0,36.825,23.2409,4.6858,17.245
25-50:0031,25-50,31.088,fastest,0.0,town_off,38.3269,45.3547,6.0419,11.0375,20.2732,0.0,35.7305,23.9548,3.0237,12.2128
25-50:0031,25-50,31.088,scenic,0.5,town_off,38.5121,46.1126,6.387,15.3095,23.6758,0.0,36.825,23.2409,4.6858,17.245
25-50:0032,25-50,41.013,fastest,0.0,shipped,60.5207,40.7753,1.2091,0.8396,20.2767,0.0,51.4294,2.3704,0.7454,25.0665
25-50:0032,25-50,41.013,scenic,0.5,shipped,50.8761,66.3932,5.772,10.0891,17.9677,0.0,46.7563,6.6691,3.0381,22.9864
25-50:0032,25-50,41.013,fastest,0.0,town_off,60.5207,40.7753,1.2172,0.8396,20.2767,0.0,51.4294,2.3704,0.7454,25.0665
25-50:0032,25-50,41.013,scenic,0.5,town_off,50.8761,66.3932,5.6511,11.2782,17.9677,0.0,46.7563,6.6691,3.0381,22.9864
25-50:0033,25-50,46.61,fastest,0.0,shipped,66.0232,39.6581,0.9583,1.1024,13.4919,0.0,46.6891,21.4857,2.6135,27.7087
25-50:0033,25-50,46.61,scenic,0.5,shipped,55.9406,70.1952,4.9392,4.2957,13.0602,0.0,48.634,18.1645,4.1268,14.4802
25-50:0033,25-50,46.61,fastest,0.0,town_off,66.0232,39.6581,0.9129,0.0,13.4919,0.0,46.6891,21.4857,2.6135,27.7087
25-50:0033,25-50,46.61,scenic,0.5,town_off,55.9995,70.0353,5.0661,4.4836,13.0602,0.0,48.693,19.1123,3.2852,12.8892
25-50:0034,25-50,33.996,fastest,0.0,shipped,42.1468,40.4828,3.1268,0.4584,13.413,0.0,34.4052,26.7031,0.0,14.5073
25-50:0034,25-50,33.996,scenic,0.5,shipped,44.54,51.3428,6.2464,15.112,26.0066,0.0,37.5649,38.2726,0.7347,19.0217
25-50:0034,25-50,33.996,fastest,0.0,town_off,42.1468,40.4828,3.1418,0.0917,13.413,0.0,34.4052,26.7031,0.0,14.5073
25-50:0034,25-50,33.996,scenic,0.5,town_off,44.54,51.3428,6.4096,17.5373,26.0066,0.0,37.5649,38.2726,0.7347,19.0217
25-50:0035,25-50,45.634,fastest,0.0,shipped,69.1964,45.4811,1.2765,0.5588,29.274,4.114,51.0493,11.1569,0.4314,30.599
25-50:0035,25-50,45.634,scenic,0.5,shipped,57.0992,74.6635,6.0714,16.2634,31.6496,3.0039,41.7271,12.7642,3.6786,39.6263
25-50:0035,25-50,45.634,fastest,0.0,town_off,69.1964,45.4811,1.2734,0.3131,29.274,4.114,51.0493,11.1569,0.4314,30.599
25-50:0035,25-50,45.634,scenic,0.5,town_off,57.4367,70.2598,5.3934,8.1537,35.8513,4.1016,47.3399,10.7216,4.1452,29.7212
25-50:0036,25-50,37.911,fastest,0.0,shipped,52.6029,55.3642,5.6935,8.8349,23.7182,0.0,44.1388,30.9322,3.6474,25.7393
25-50:0036,25-50,37.911,scenic,0.5,shipped,52.6029,55.3642,5.6935,8.8349,23.7182,0.0,44.1388,30.9322,3.6474,25.7393
25-50:0036,25-50,37.911,fastest,0.0,town_off,52.6029,55.3642,5.6127,8.3499,23.7182,0.0,44.1388,30.9322,3.6474,25.7393
25-50:0036,25-50,37.911,scenic,0.5,town_off,52.6029,55.3642,5.6127,8.3499,23.7182,0.0,44.1388,30.9322,3.6474,25.7393
25-50:0037,25-50,42.716,fastest,0.0,shipped,54.499,50.2787,2.6471,0.4521,7.9988,0.0,42.6437,15.8631,0.0,21.279
25-50:0037,25-50,42.716,scenic,0.5,shipped,58.6116,69.9379,5.6183,18.0819,26.414,0.0,50.5691,29.068,2.7569,19.6035
25-50:0037,25-50,42.716,fastest,0.0,town_off,54.499,50.2787,2.5407,0.0344,7.9988,0.0,42.6437,15.8631,0.0,21.279
25-50:0037,25-50,42.716,scenic,0.5,town_off,58.4567,70.0101,5.7487,19.3474,25.2524,0.0,50.2446,30.8673,1.0435,17.7929
25-50:0038,25-50,26.219,fastest,0.0,shipped,47.2166,32.0307,0.8107,0.0,8.0238,0.0,37.8219,5.4608,0.7454,16.138
25-50:0038,25-50,26.219,scenic,0.5,shipped,32.7918,45.5393,5.1475,4.6993,9.8495,0.0,29.0375,0.0,0.7039,14.5457
25-50:0038,25-50,26.219,fastest,0.0,town_off,47.2166,32.0307,0.765,0.0,8.0238,0.0,37.8219,5.4608,0.7454,16.138
25-50:0038,25-50,26.219,scenic,0.5,town_off,32.9559,45.7037,5.1936,4.7903,10.9982,0.0,30.0577,0.0,0.0116,11.933
25-50:0039,25-50,49.619,fastest,0.0,shipped,62.592,44.0672,1.7184,3.0927,21.0253,5.4385,54.3339,10.9464,2.972,28.5018
25-50:0039,25-50,49.619,scenic,0.5,shipped,62.2767,77.1617,5.7902,12.5141,27.3012,3.6494,52.0431,11.9016,7.201,42.3626
25-50:0039,25-50,49.619,fastest,0.0,town_off,62.592,44.0672,1.5053,3.5146,21.0253,5.4385,54.3339,10.9464,2.972,28.5018
25-50:0039,25-50,49.619,scenic,0.5,town_off,62.2742,75.0507,5.1568,11.6546,26.9849,3.6703,52.1531,11.9016,7.201,42.2872
25-50:0040,25-50,36.998,fastest,0.0,shipped,55.8148,69.5992,5.8345,10.9978,16.2046,0.0,45.4102,53.994,0.0,11.6031
25-50:0040,25-50,36.998,scenic,0.5,shipped,55.7076,69.6321,5.8421,10.9978,16.2046,0.0,45.3427,53.729,0.0,11.4959
25-50:0040,25-50,36.998,fastest,0.0,town_off,55.8148,69.5992,6.0434,11.878,16.2046,0.0,45.4102,53.994,0.0,11.6031
25-50:0040,25-50,36.998,scenic,0.5,town_off,55.7076,69.6321,6.0542,11.878,16.2046,0.0,45.3427,53.729,0.0,11.4959
25-50:0041,25-50,38.538,fastest,0.0,shipped,58.8235,57.8556,3.8368,5.5525,13.5352,0.0,41.7158,31.2121,0.7107,20.8525
25-50:0041,25-50,38.538,scenic,0.5,shipped,57.8525,60.2579,5.9027,12.5651,26.1456,0.0,41.3255,37.423,2.1196,17.1889
25-50:0041,25-50,38.538,fastest,0.0,town_off,58.8235,57.8556,3.7568,6.5044,13.5352,0.0,41.7158,31.2121,0.7107,20.8525
25-50:0041,25-50,38.538,scenic,0.5,town_off,57.8525,60.2579,6.0768,16.8343,26.1456,0.0,41.3255,37.423,2.1196,17.1889
25-50:0042,25-50,48.42,fastest,0.0,shipped,74.916,87.457,3.0336,0.0,17.6279,0.0,32.9247,4.8943,7.1324,4.5121
25-50:0042,25-50,48.42,scenic,0.5,shipped,54.9076,88.7176,3.5362,1.1084,7.424,0.0,49.663,8.6362,2.9445,1.1207
25-50:0042,25-50,48.42,fastest,0.0,town_off,74.916,87.457,3.2382,9.9137,17.6279,0.0,32.9247,4.8943,7.1324,4.5121
25-50:0042,25-50,48.42,scenic,0.5,town_off,54.9076,88.7176,3.8075,1.0083,7.424,0.0,49.663,8.6362,2.9445,1.1207
25-50:0043,25-50,41.552,fastest,0.0,shipped,71.8964,46.1078,1.2608,1.523,25.6092,0.0,58.733,6.8849,0.0,18.3642
25-50:0043,25-50,41.552,scenic,0.5,shipped,52.4121,60.7599,5.1415,3.8575,16.1542,0.0,48.0656,7.8453,1.6867,19.4905
25-50:0043,25-50,41.552,fastest,0.0,town_off,71.8964,46.1078,1.3239,1.0745,25.6092,0.0,58.733,6.8849,0.0,18.3642
25-50:0043,25-50,41.552,scenic,0.5,town_off,52.4121,60.7599,5.1376,5.9138,16.1542,0.0,48.0656,7.8453,1.6867,19.4905
25-50:0044,25-50,49.573,fastest,0.0,shipped,82.2957,58.511,3.0446,20.8388,34.9985,0.0,58.26,78.8687,1.9949,14.334
25-50:0044,25-50,49.573,scenic,0.5,shipped,86.458,80.8412,7.7577,68.0208,76.3156,0.0,72.6405,85.2907,1.6973,33.2261
25-50:0044,25-50,49.573,fastest,0.0,town_off,82.2957,58.511,3.2705,20.5719,34.9985,0.0,58.26,78.8687,1.9949,14.334
25-50:0044,25-50,49.573,scenic,0.5,town_off,86.458,80.8412,8.0724,69.1771,76.3156,0.0,72.6405,85.2907,1.6973,33.2261
25-50:0045,25-50,41.206,fastest,0.0,shipped,56.7369,54.7812,4.9274,18.2724,35.293,0.0,47.0244,28.5343,0.0,25.7867
25-50:0045,25-50,41.206,scenic,0.5,shipped,54.332,64.1049,6.8522,29.226,38.6708,0.0,49.556,23.6984,0.0,30.9058
25-50:0045,25-50,41.206,fastest,0.0,town_off,56.7369,54.7812,4.9524,17.4629,35.293,0.0,47.0244,28.5343,0.0,25.7867
25-50:0045,25-50,41.206,scenic,0.5,town_off,54.332,64.1049,6.778,28.0801,38.6708,0.0,49.556,23.6984,0.0,30.9058
25-50:0046,25-50,31.999,fastest,0.0,shipped,49.6592,47.6469,4.6656,4.9142,6.9233,0.0,40.3301,32.6774,4.9484,22.5963
25-50:0046,25-50,31.999,scenic,0.5,shipped,43.0205,50.0278,6.7437,20.2298,27.8873,0.0,36.4527,31.5719,3.3844,25.6858
25-50:0046,25-50,31.999,fastest,0.0,town_off,49.6592,47.6469,4.5751,11.0634,6.9233,0.0,40.3301,32.6774,4.9484,22.5963
25-50:0046,25-50,31.999,scenic,0.5,town_off,43.0205,50.0278,6.6373,19.4373,27.8873,0.0,36.4527,31.5719,3.3844,25.6858
25-50:0047,25-50,38.008,fastest,0.0,shipped,47.6766,40.4249,3.4767,4.3122,16.9731,0.0,45.5841,31.5994,4.4045,15.9352
25-50:0047,25-50,38.008,scenic,0.5,shipped,48.5072,58.2314,6.3307,19.5126,25.9885,0.0,47.1607,25.0264,8.2866,22.4704
25-50:0047,25-50,38.008,fastest,0.0,town_off,47.6766,40.4249,3.556,4.1402,16.9731,0.0,45.5841,31.5994,4.4045,15.9352
25-50:0047,25-50,38.008,scenic,0.5,town_off,48.5072,58.2314,6.3391,19.3416,25.9885,0.0,47.1607,25.0264,8.2866,22.4704
25-50:0048,25-50,36.87,fastest,0.0,shipped,52.707,45.5398,3.9041,10.8439,22.5326,0.0,26.8968,39.953,1.6612,18.2936
25-50:0048,25-50,36.87,scenic,0.5,shipped,47.6392,53.8483,6.1831,14.4775,31.4503,0.0,26.9208,32.8517,0.0,22.9355
25-50:0048,25-50,36.87,fastest,0.0,town_off,52.707,45.5398,3.9759,8.9275,22.5326,0.0,26.8968,39.953,1.6612,18.2936
25-50:0048,25-50,36.87,scenic,0.5,town_off,46.7072,53.9771,6.1374,14.4296,32.2446,0.0,26.9934,31.9833,0.0,18.9922
25-50:0049,25-50,44.621,fastest,0.0,shipped,72.1914,46.1986,0.8427,1.9931,14.6187,0.0,53.6889,10.9063,3.4065,18.5196
25-50:0049,25-50,44.621,scenic,0.5,shipped,57.0258,77.2077,5.4416,7.852,25.6706,0.0,50.1878,10.2602,0.5143,26.1122
25-50:0049,25-50,44.621,fastest,0.0,town_off,72.1914,46.1986,0.8243,2.3695,14.6187,0.0,53.6889,10.9063,3.4065,18.5196
25-50:0049,25-50,44.621,scenic,0.5,town_off,57.0258,77.2077,5.401,11.0472,25.6706,0.0,50.1878,10.2602,0.5143,26.1122
25-50:0050,25-50,40.932,fastest,0.0,shipped,61.815,41.1516,2.3019,1.5567,28.9524,0.0,50.0445,60.2059,0.0,21.6835
25-50:0050,25-50,40.932,scenic,0.5,shipped,51.3439,66.6877,5.9462,13.3772,16.8575,0.0,44.9369,42.9011,0.0,22.9337
25-50:0050,25-50,40.932,fastest,0.0,town_off,61.815,41.1516,2.443,1.4015,28.9524,0.0,50.0445,60.2059,0.0,21.6835
25-50:0050,25-50,40.932,scenic,0.5,town_off,48.3007,63.6608,5.4221,4.385,8.6147,0.0,44.5621,39.7995,0.0,11.4765
25-50:0051,25-50,45.4,fastest,0.0,shipped,62.0035,58.4136,2.9136,4.2273,24.8234,11.3476,31.9776,28.389,0.0,28.858
25-50:0051,25-50,45.4,scenic,0.5,shipped,60.0514,75.7447,4.9363,10.1016,29.6248,0.953,49.9767,32.809,0.0,26.0762
25-50:0051,25-50,45.4,fastest,0.0,town_off,62.0035,58.4136,2.8592,3.84,24.8234,11.3476,31.9776,28.389,0.0,28.858
25-50:0051,25-50,45.4,scenic,0.5,town_off,61.1225,75.3864,4.981,12.3107,29.7524,5.2578,50.3548,32.155,0.0,26.6956
25-50:0052,25-50,31.678,fastest,0.0,shipped,61.5423,34.5706,1.4064,1.947,13.6811,0.0,30.9227,61.299,2.344,5.4691
25-50:0052,25-50,31.678,scenic,0.5,shipped,45.8084,50.4501,6.5201,18.101,36.3538,0.0,33.0506,43.2036,3.8981,14.963
25-50:0052,25-50,31.678,fastest,0.0,town_off,61.5423,34.5706,1.7005,1.902,13.6811,0.0,30.9227,61.299,2.344,5.4691
25-50:0052,25-50,31.678,scenic,0.5,town_off,45.8084,50.4501,6.7846,24.5858,36.3538,0.0,33.0506,43.2036,3.8981,14.963
25-50:0053,25-50,36.353,fastest,0.0,shipped,44.2097,36.4664,3.4848,2.1535,19.7775,0.0,32.657,25.6593,0.0602,11.8523
25-50:0053,25-50,36.353,scenic,0.5,shipped,42.4721,45.8453,5.6869,7.4655,20.9467,0.0,36.8938,29.1666,0.0602,18.3221
25-50:0053,25-50,36.353,fastest,0.0,town_off,44.2097,36.4664,3.5264,2.4221,19.7775,0.0,32.657,25.6593,0.0602,11.8523
25-50:0053,25-50,36.353,scenic,0.5,town_off,42.3572,46.1913,5.6642,7.8349,20.8318,0.0,36.7789,29.0517,0.0602,18.1672
25-50:0054,25-50,35.658,fastest,0.0,shipped,47.6803,31.2364,1.3639,0.0,18.32,0.0,38.9957,8.6397,0.0,25.5029
25-50:0054,25-50,35.658,scenic,0.5,shipped,42.2583,41.5487,3.3693,2.3382,18.5263,0.0,33.4,7.8777,0.0,26.0946
25-50:0054,25-50,35.658,fastest,0.0,town_off,47.6803,31.2364,1.2165,0.0,18.32,0.0,38.9957,8.6397,0.0,25.5029
25-50:0054,25-50,35.658,scenic,0.5,town_off,42.3074,41.1935,3.0857,1.3088,19.1975,0.0,34.3229,10.2636,0.0,22.6242
25-50:0055,25-50,46.353,fastest,0.0,shipped,57.5035,39.4434,1.7395,0.932,20.1457,0.0,48.6546,35.7976,0.0,23.5924
25-50:0055,25-50,46.353,scenic,0.5,shipped,60.7717,81.2493,5.9199,16.5461,33.3135,0.0,57.191,39.4929,2.285,19.4069
25-50:0055,25-50,46.353,fastest,0.0,town_off,57.5035,39.4434,1.7631,0.932,20.1457,0.0,48.6546,35.7976,0.0,23.5924
25-50:0055,25-50,46.353,scenic,0.5,town_off,63.3147,82.234,6.4454,28.2612,37.0702,0.0,60.6373,42.4781,1.238,19.1086
25-50:0056,25-50,25.038,fastest,0.0,shipped,32.0021,40.3593,5.6021,6.6231,14.7326,0.0,29.1134,3.6716,0.7383,15.7881
25-50:0056,25-50,25.038,scenic,0.5,shipped,32.7653,42.3694,6.6813,15.6983,21.599,0.0,30.6521,6.3327,0.7383,21.4391
25-50:0056,25-50,25.038,fastest,0.0,town_off,32.0021,40.3593,5.3724,4.8834,14.7326,0.0,29.1134,3.6716,0.7383,15.7881
25-50:0056,25-50,25.038,scenic,0.5,town_off,32.7653,42.3694,6.391,14.4083,21.599,0.0,30.6521,6.3327,0.7383,21.4391
25-50:0057,25-50,25.11,fastest,0.0,shipped,31.8348,35.8951,7.2471,19.0823,26.736,0.0,25.0098,29.7388,0.0,14.1605
25-50:0057,25-50,25.11,scenic,0.5,shipped,30.9304,36.1165,7.4627,20.8873,28.6983,0.0,23.0685,28.6417,0.0,15.6846
25-50:0057,25-50,25.11,fastest,0.0,town_off,31.8348,35.8951,7.4693,20.8342,26.736,0.0,25.0098,29.7388,0.0,14.1605
25-50:0057,25-50,25.11,scenic,0.5,town_off,30.8705,35.9675,7.5669,20.1294,28.6384,0.0,22.993,28.5817,0.0,15.6247
25-50:0058,25-50,41.11,fastest,0.0,shipped,48.045,58.5633,5.939,10.3735,19.541,0.0,46.8059,19.7271,4.5334,14.3504
25-50:0058,25-50,41.11,scenic,0.5,shipped,49.8226,62.7025,6.6937,19.2368,26.1603,0.0,49.6859,25.7877,3.7919,16.8427
25-50:0058,25-50,41.11,fastest,0.0,town_off,48.045,58.5633,6.1073,9.3552,19.541,0.0,46.8059,19.7271,4.5334,14.3504
25-50:0058,25-50,41.11,scenic,0.5,town_off,49.8226,62.7025,6.9334,18.313,26.1603,0.0,49.6859,25.7877,3.7919,16.8427
25-50:0059,25-50,44.786,fastest,0.0,shipped,57.5802,41.9637,1.0206,0.5783,16.4854,0.0,34.7558,3.4589,0.583,14.9115
25-50:0059,25-50,44.786,scenic,0.5,shipped,53.0209,68.1217,5.031,4.5465,16.0874,0.0,49.6075,8.5292,1.9697,10.6816
25-50:0059,25-50,44.786,fastest,0.0,town_off,57.5802,41.9637,0.9536,0.2369,16.4854,0.0,34.7558,3.4589,0.583,14.9115
25-50:0059,25-50,44.786,scenic,0.5,town_off,53.104,68.233,5.2559,5.628,16.5181,0.0,49.9867,8.5292,1.9697,10.7647
25-50:0060,25-50,46.439,fastest,0.0,shipped,78.3742,70.9481,5.1958,9.172,35.8976,0.0,65.0415,45.7613,2.9694,31.0045
25-50:0060,25-50,46.439,scenic,0.5,shipped,71.032,73.866,5.3521,11.0154,35.9099,0.0,64.5088,34.0838,1.8027,35.2039
25-50:0060,25-50,46.439,fastest,0.0,town_off,78.3742,70.9481,5.202,7.9101,35.8976,0.0,65.0415,45.7613,2.9694,31.0045
25-50:0060,25-50,46.439,scenic,0.5,town_off,71.032,73.866,5.2541,10.3702,35.9099,0.0,64.5088,34.0838,1.8027,35.2039
25-50:0061,25-50,39.271,fastest,0.0,shipped,69.1424,45.4031,1.1493,2.6552,21.1117,5.2992,36.0563,27.3097,1.2575,30.4868
25-50:0061,25-50,39.271,scenic,0.5,shipped,47.3104,62.4322,5.4231,14.184,31.4544,5.6285,35.5863,34.9605,2.1409,26.0692
25-50:0061,25-50,39.271,fastest,0.0,town_off,69.1424,45.4031,1.1222,1.314,21.1117,5.2992,36.0563,27.3097,1.2575,30.4868
25-50:0061,25-50,39.271,scenic,0.5,town_off,46.6301,69.0631,6.2272,16.5627,28.8226,5.4977,34.1864,31.6114,2.1409,17.7111
25-50:0062,25-50,47.179,fastest,0.0,shipped,90.142,68.5573,2.6863,5.2941,45.6683,0.0,67.9849,34.3411,3.347,37.6096
25-50:0062,25-50,47.179,scenic,0.5,shipped,59.9317,77.5511,5.738,11.9898,27.5861,0.0,52.8031,37.39,1.3095,22.0097
25-50:0062,25-50,47.179,fastest,0.0,town_off,90.142,68.5573,2.7031,7.2233,45.6683,0.0,67.9849,34.3411,3.347,37.6096
25-50:0062,25-50,47.179,scenic,0.5,town_off,59.9317,77.5511,5.8449,16.3246,27.5861,0.0,52.8031,37.39,1.3095,22.0097
25-50:0063,25-50,30.354,fastest,0.0,shipped,53.4944,45.1692,2.2086,4.0982,14.2587,5.6181,36.7752,6.8778,1.2061,27.2513
25-50:0063,25-50,30.354,scenic,0.5,shipped,34.9706,53.9206,4.9416,4.4944,8.0004,11.3641,20.5581,7.0052,0.8486,20.1585
25-50:0063,25-50,30.354,fastest,0.0,town_off,53.4944,45.1692,1.9677,2.1432,14.2587,5.6181,36.7752,6.8778,1.2061,27.2513
25-50:0063,25-50,30.354,scenic,0.5,town_off,34.9706,53.9206,4.6448,3.4003,8.0004,11.3641,20.5581,7.0052,0.8486,20.1585
25-50:0064,25-50,37.473,fastest,0.0,shipped,52.6459,54.0611,5.0561,6.0621,17.3286,0.0,45.0876,24.3839,2.846,21.8736
25-50:0064,25-50,37.473,scenic,0.5,shipped,45.4745,54.7785,5.9728,11.5908,21.4115,0.0,43.0547,42.4739,0.0,8.8995
25-50:0064,25-50,37.473,fastest,0.0,town_off,52.6459,54.0611,4.9506,5.5268,17.3286,0.0,45.0876,24.3839,2.846,21.8736
25-50:0064,25-50,37.473,scenic,0.5,town_off,45.6948,55.4367,6.3505,14.4359,21.6318,0.0,44.0912,42.6942,0.0,9.1198
25-50:0065,25-50,39.52,fastest,0.0,shipped,59.518,37.6663,1.0373,0.0,14.288,0.0,39.3138,12.8567,2.6135,28.5206
25-50:0065,25-50,39.52,scenic,0.5,shipped,45.8232,60.3441,4.8527,3.7116,9.3775,0.0,39.2831,21.2233,1.7028,8.9001
25-50:0065,25-50,39.52,fastest,0.0,town_off,59.518,37.6663,0.9275,0.0,14.288,0.0,39.3138,12.8567,2.6135,28.5206
25-50:0065,25-50,39.52,scenic,0.5,town_off,45.8232,60.3441,5.0566,4.598,9.3775,0.0,39.2831,21.2233,1.7028,8.9001
25-50:0066,25-50,39.636,fastest,0.0,shipped,46.024,56.6905,6.5971,16.5874,20.6613,0.0,43.7358,43.3993,1.5537,17.7695
25-50:0066,25-50,39.636,scenic,0.5,shipped,46.024,56.6905,6.5971,16.5874,20.6613,0.0,43.7358,43.3993,1.5537,17.7695
25-50:0066,25-50,39.636,fastest,0.0,town_off,46.024,56.6905,6.8082,22.0079,20.6613,0.0,43.7358,43.3993,1.5537,17.7695
25-50:0066,25-50,39.636,scenic,0.5,town_off,46.024,56.6905,6.8082,22.0079,20.6613,0.0,43.7358,43.3993,1.5537,17.7695
25-50:0067,25-50,48.084,fastest,0.0,shipped,69.2884,48.242,1.4753,0.7737,27.2066,4.7963,52.8812,0.0,2.4621,22.1315
25-50:0067,25-50,48.084,scenic,0.5,shipped,56.1725,67.5742,5.3293,7.734,18.7794,8.0078,51.598,0.0,2.4795,28.4971
25-50:0067,25-50,48.084,fastest,0.0,town_off,69.2884,48.242,1.4018,0.0,27.2066,4.7963,52.8812,0.0,2.4621,22.1315
25-50:0067,25-50,48.084,scenic,0.5,town_off,56.1918,67.5771,5.0764,10.098,18.7987,8.0271,51.6173,0.0,2.4795,28.4971
25-50:0068,25-50,47.091,fastest,0.0,shipped,75.3125,43.0148,0.6557,0.5922,22.3383,0.9779,58.2459,1.8078,0.0,20.3441
25-50:0068,25-50,47.091,scenic,0.5,shipped,53.3746,67.906,5.3221,7.6934,14.5397,0.1556,47.7365,13.2135,3.865,26.4854
25-50:0068,25-50,47.091,fastest,0.0,town_off,75.3125,43.0148,0.6348,1.7692,22.3383,0.9779,58.2459,1.8078,0.0,20.3441
25-50:0068,25-50,47.091,scenic,0.5,town_off,54.1905,69.8569,5.403,10.2206,20.7669,0.1556,46.9523,12.4307,3.588,24.7196
25-50:0069,25-50,35.686,fastest,0.0,shipped,46.6123,36.4501,2.4684,1.933,14.195,0.0,36.2979,22.1222,0.8087,13.7704
25-50:0069,25-50,35.686,scenic,0.5,shipped,42.1675,48.5796,5.5994,6.3173,14.766,0.0,35.2322,18.7136,2.2114,16.6952
25-50:0069,25-50,35.686,fastest,0.0,town_off,46.6123,36.4501,2.603,4.7432,14.195,0.0,36.2979,22.1222,0.8087,13.7704
25-50:0069,25-50,35.686,scenic,0.5,town_off,40.6702,49.5333,5.6666,10.1521,12.5453,0.0,33.9864,21.9322,3.6372,11.2147
25-50:0070,25-50,41.879,fastest,0.0,shipped,70.0961,40.8039,0.5895,0.1401,24.5619,0.0,46.1082,5.0056,0.0,25.1459
25-50:0070,25-50,41.879,scenic,0.5,shipped,52.0999,71.6497,5.2852,8.3759,26.7706,0.0,41.0318,4.1554,1.1757,36.6753
25-50:0070,25-50,41.879,fastest,0.0,town_off,70.0961,40.8039,0.623,0.1401,24.5619,0.0,46.1082,5.0056,0.0,25.1459
25-50:0070,25-50,41.879,scenic,0.5,town_off,51.5239,72.4076,5.2244,8.7216,23.54,0.0,47.3515,8.4191,3.7947,19.4731
25-50:0071,25-50,42.563,fastest,0.0,shipped,53.5485,57.5575,4.8392,7.3395,21.4604,0.0,52.0948,28.2184,6.8953,20.7501
25-50:0071,25-50,42.563,scenic,0.5,shipped,54.4818,60.3512,5.2252,12.1981,29.5067,0.0,53.2143,29.1121,4.6337,22.0778
25-50:0071,25-50,42.563,fastest,0.0,town_off,53.5485,57.5575,4.8737,7.9054,21.4604,0.0,52.0948,28.2184,6.8953,20.7501
25-50:0071,25-50,42.563,scenic,0.5,town_off,56.3284,63.4704,5.7447,18.9149,29.371,0.0,55.16,31.3272,5.4545,23.033
25-50:0072,25-50,26.58,fastest,0.0,shipped,39.4991,33.8574,4.4697,3.7489,32.1256,0.0,22.0631,32.5502,0.0,12.5479
25-50:0072,25-50,26.58,scenic,0.5,shipped,38.8726,38.2279,5.8787,5.3121,29.9658,0.0,31.6319,33.2681,0.0,13.8266
25-50:0072,25-50,26.58,fastest,0.0,town_off,39.4991,33.8574,4.6936,5.3562,32.1256,0.0,22.0631,32.5502,0.0,12.5479
25-50:0072,25-50,26.58,scenic,0.5,town_off,38.8726,38.2279,6.0668,6.3774,29.9658,0.0,31.6319,33.2681,0.0,13.8266
25-50:0073,25-50,40.161,fastest,0.0,shipped,51.9156,62.2551,5.6388,8.549,20.1619,2.3929,49.2861,2.2097,6.4967,24.6607
25-50:0073,25-50,40.161,scenic,0.5,shipped,54.7641,65.1932,6.1994,14.3989,23.8043,5.0556,53.2647,1.5698,11.7288,18.3682
25-50:0073,25-50,40.161,fastest,0.0,town_off,51.9156,62.2551,5.4627,9.0184,20.1619,2.3929,49.2861,2.2097,6.4967,24.6607
25-50:0073,25-50,40.161,scenic,0.5,town_off,54.7641,65.1932,6.4071,19.2874,23.8043,5.0556,53.2647,1.5698,11.7288,18.3682
25-50:0074,25-50,42.471,fastest,0.0,shipped,62.9151,59.9893,4.2272,10.9303,25.7359,0.0,58.3059,26.1881,4.3619,27.3323
25-50:0074,25-50,42.471,scenic,0.5,shipped,54.4162,65.0611,6.3675,15.2245,28.938,0.0,52.8635,18.02,10.174,31.4508
25-50:0074,25-50,42.471,fastest,0.0,town_off,62.9151,59.9893,4.1523,15.7963,25.7359,0.0,58.3059,26.1881,4.3619,27.3323
25-50:0074,25-50,42.471,scenic,0.5,town_off,52.4231,64.5292,6.1637,16.7467,21.6602,0.0,50.9439,22.9069,6.6809,18.9822
25-50:0075,25-50,32.585,fastest,0.0,shipped,39.3943,24.2458,0.5318,0.0,6.0714,0.0,28.4374,0.0,1.5561,7.0065
25-50:0075,25-50,32.585,scenic,0.5,shipped,36.377,40.312,4.407,1.1091,11.472,0.0,27.1719,0.0,4.3841,16.9603
25-50:0075,25-50,32.585,fastest,0.0,town_off,39.3943,24.2458,0.4871,0.0,6.0714,0.0,28.4374,0.0,1.5561,7.0065
25-50:0075,25-50,32.585,scenic,0.5,town_off,36.377,40.312,4.1252,1.984,11.472,0.0,27.1719,0.0,4.3841,16.9603
25-50:0076,25-50,46.49,fastest,0.0,shipped,60.8854,52.9755,2.9572,0.0,23.1786,0.0,26.8378,18.1507,5.9697,10.169
25-50:0076,25-50,46.49,scenic,0.5,shipped,60.8854,52.9755,2.9572,0.0,23.1786,0.0,26.8378,18.1507,5.9697,10.169
25-50:0076,25-50,46.49,fastest,0.0,town_off,60.8854,52.9755,3.0984,0.0,23.1786,0.0,26.8378,18.1507,5.9697,10.169
25-50:0076,25-50,46.49,scenic,0.5,town_off,60.8854,52.9755,3.0984,0.0,23.1786,0.0,26.8378,18.1507,5.9697,10.169
25-50:0077,25-50,25.869,fastest,0.0,shipped,35.1475,34.7297,2.6659,0.0376,4.0614,0.0,20.813,2.3679,2.6523,13.5749
25-50:0077,25-50,25.869,scenic,0.5,shipped,30.302,38.2344,3.7767,0.4066,5.2108,0.0,18.6325,0.0,2.6062,13.0711
25-50:0077,25-50,25.869,fastest,0.0,town_off,35.1475,34.7297,2.4546,0.0,4.0614,0.0,20.813,2.3679,2.6523,13.5749
25-50:0077,25-50,25.869,scenic,0.5,town_off,30.2334,39.1579,3.607,0.369,6.4434,0.0,19.8065,0.0,2.6124,13.0025
25-50:0078,25-50,31.392,fastest,0.0,shipped,47.6736,44.5693,7.339,31.7618,37.2927,0.0,38.3514,47.6736,0.0,15.3868
25-50:0078,25-50,31.392,scenic,0.5,shipped,47.6736,44.5693,7.339,31.7618,37.2927,0.0,38.3514,47.6736,0.0,15.3868
25-50:0078,25-50,31.392,fastest,0.0,town_off,47.6736,44.5693,7.6757,35.421,37.2927,0.0,38.3514,47.6736,0.0,15.3868
25-50:0078,25-50,31.392,scenic,0.5,town_off,47.6736,44.5693,7.6757,35.421,37.2927,0.0,38.3514,47.6736,0.0,15.3868
25-50:0079,25-50,29.813,fastest,0.0,shipped,47.7311,39.4971,1.8424,1.9173,6.2963,0.0,38.1486,9.3476,0.5521,16.2166
25-50:0079,25-50,29.813,scenic,0.5,shipped,35.8401,49.5662,5.8228,7.7827,18.0237,0.0,32.942,10.6042,1.2909,12.4954
25-50:0079,25-50,29.813,fastest,0.0,town_off,47.7311,39.4971,1.7427,1.9173,6.2963,0.0,38.1486,9.3476,0.5521,16.2166
25-50:0079,25-50,29.813,scenic,0.5,town_off,35.8401,49.5662,5.8863,9.3999,18.0237,0.0,32.942,10.6042,1.2909,12.4954
25-50:0080,25-50,47.496,fastest,0.0,shipped,74.3999,52.0995,1.9486,4.4703,26.9772,0.0,50.558,60.6011,0.4411,10.5845
25-50:0080,25-50,47.496,scenic,0.5,shipped,60.4171,66.3619,5.8011,11.8921,30.2218,0.0,56.1304,53.3444,0.0,19.8189
25-50:0080,25-50,47.496,fastest,0.0,town_off,74.3999,52.0995,2.0926,5.7005,26.9772,0.0,50.558,60.6011,0.4411,10.5845
25-50:0080,25-50,47.496,scenic,0.5,town_off,60.6517,66.281,5.9974,13.637,30.8685,0.0,56.0537,53.5789,0.0,19.7818
25-50:0081,25-50,31.623,fastest,0.0,shipped,37.4562,43.8336,5.6244,6.4592,18.779,0.0,28.105,26.2302,0.0,13.3981
25-50:0081,25-50,31.623,scenic,0.5,shipped,36.2941,46.8526,5.9886,7.7786,20.0197,0.0,29.6139,27.2881,0.0,12.3432
25-50:0081,25-50,31.623,fastest,0.0,town_off,37.4562,43.8336,5.6541,4.7639,18.779,0.0,28.105,26.2302,0.0,13.3981
25-50:0081,25-50,31.623,scenic,0.5,town_off,36.2941,46.8526,6.0985,8.931,20.0197,0.0,29.6139,27.2881,0.0,12.3432
25-50:0082,25-50,29.126,fastest,0.0,shipped,37.3737,25.3337,1.6347,1.7364,16.7937,0.0,23.9839,14.0197,0.0,15.9682
25-50:0082,25-50,29.126,scenic,0.5,shipped,33.5458,45.0782,6.8359,16.9276,26.6052,0.0,28.4188,12.7015,0.0,24.2899
25-50:0082,25-50,29.126,fastest,0.0,town_off,37.3737,25.3337,1.6634,0.9344,16.7937,0.0,23.9839,14.0197,0.0,15.9682
25-50:0082,25-50,29.126,scenic,0.5,town_off,33.6128,44.7997,6.4557,12.8264,26.799,0.0,27.4069,11.5199,0.0,23.3857
25-50:0083,25-50,29.921,fastest,0.0,shipped,44.5693,33.9947,1.9969,2.9433,16.1149,0.0,30.6285,26.8625,0.9227,21.3803
25-50:0083,25-50,29.921,scenic,0.5,shipped,36.4063,39.6866,4.7811,2.1583,12.0733,0.0,25.7129,18.4348,3.205,19.8711
25-50:0083,25-50,29.921,fastest,0.0,town_off,44.5693,33.9947,1.9141,1.4578,16.1149,0.0,30.6285,26.8625,0.9227,21.3803
25-50:0083,25-50,29.921,scenic,0.5,town_off,36.4063,39.6866,4.5041,0.5217,12.0733,0.0,25.7129,18.4348,3.205,19.8711
25-50:0084,25-50,45.813,fastest,0.0,shipped,59.0467,61.5688,5.7,12.1343,16.4297,0.0,56.2173,49.7303,0.0,13.7385
25-50:0084,25-50,45.813,scenic,0.5,shipped,59.6852,63.1646,6.2342,17.1237,21.8988,0.0,57.0414,52.7251,0.0,15.697
25-50:0084,25-50,45.813,fastest,0.0,town_off,59.0467,61.5688,5.885,13.6008,16.4297,0.0,56.2173,49.7303,0.0,13.7385
25-50:0084,25-50,45.813,scenic,0.5,town_off,59.6852,63.1646,6.4268,19.0699,21.8988,0.0,57.0414,52.7251,0.0,15.697
25-50:0085,25-50,49.83,fastest,0.0,shipped,88.764,63.8912,1.7834,2.2922,24.5533,0.0,70.9761,46.2773,1.2559,30.222
25-50:0085,25-50,49.83,scenic,0.5,shipped,59.2245,68.2329,5.8134,13.5487,27.2353,0.0,54.6011,33.5248,4.5762,21.6094
25-50:0085,25-50,49.83,fastest,0.0,town_off,88.764,63.8912,1.8787,3.4755,24.5533,0.0,70.9761,46.2773,1.2559,30.222
25-50:0085,25-50,49.83,scenic,0.5,town_off,59.2245,68.2329,5.9582,13.6035,27.2353,0.0,54.6011,33.5248,4.5762,21.6094
25-50:0086,25-50,25.473,fastest,0.0,shipped,33.0085,33.5231,4.9208,3.9781,7.8552,0.0,28.0061,23.7183,0.7307,10.6934
25-50:0086,25-50,25.473,scenic,0.5,shipped,33.0085,33.5231,4.9208,3.9781,7.8552,0.0,28.0061,23.7183,0.7307,10.6934
25-50:0086,25-50,25.473,fastest,0.0,town_off,33.0085,33.5231,4.8681,1.7756,7.8552,0.0,28.0061,23.7183,0.7307,10.6934
25-50:0086,25-50,25.473,scenic,0.5,town_off,33.0085,33.5231,4.8681,1.7756,7.8552,0.0,28.0061,23.7183,0.7307,10.6934
25-50:0087,25-50,36.934,fastest,0.0,shipped,62.1681,45.3492,1.7673,0.3309,23.5636,0.0,35.1499,33.1047,0.0,14.7107
25-50:0087,25-50,36.934,scenic,0.5,shipped,45.9818,53.0976,5.7414,12.0929,22.3759,0.0,35.0157,27.7586,5.0121,14.9003
25-50:0087,25-50,36.934,fastest,0.0,town_off,62.1681,45.3492,1.7464,0.8657,23.5636,0.0,35.1499,33.1047,0.0,14.7107
25-50:0087,25-50,36.934,scenic,0.5,town_off,46.4265,54.2783,6.1356,16.0468,24.1633,0.0,36.3561,27.598,5.0121,14.3758
25-50:0088,25-50,41.907,fastest,0.0,shipped,62.6255,41.1955,1.2813,0.3222,22.9152,0.8705,55.893,21.9646,0.0,18.731
25-50:0088,25-50,41.907,scenic,0.5,shipped,48.7578,53.8602,4.2412,8.2385,15.5336,0.0,46.1795,18.5399,4.3218,16.7225
25-50:0088,25-50,41.907,fastest,0.0,town_off,62.6255,41.1955,1.3576,0.0,22.9152,0.8705,55.893,21.9646,0.0,18.731
25-50:0088,25-50,41.907,scenic,0.5,town_off,49.8543,59.472,4.9517,12.1148,19.322,0.0,47.276,18.941,5.3006,16.7225
25-50:0089,25-50,39.802,fastest,0.0,shipped,52.4431,42.38,1.725,1.0942,17.8283,6.8126,24.7565,3.8041,0.0,29.922
25-50:0089,25-50,39.802,scenic,0.5,shipped,47.4463,59.6527,3.8238,2.8008,18.8856,6.3837,31.7885,3.35,0.0,31.0883
25-50:0089,25-50,39.802,fastest,0.0,town_off,52.4431,42.38,1.4977,0.7458,17.8283,6.8126,24.7565,3.8041,0.0,29.922
25-50:0089,25-50,39.802,scenic,0.5,town_off,47.4463,59.6527,3.4514,1.8396,18.8856,6.3837,31.7885,3.35,0.0,31.0883
25-50:0090,25-50,39.146,fastest,0.0,shipped,72.9635,65.7263,4.0619,14.6765,25.2418,0.0,53.8962,70.0048,1.5774,16.296
25-50:0090,25-50,39.146,scenic,0.5,shipped,72.5883,77.9357,7.0923,43.469,53.7789,0.0,51.0631,71.9125,1.6973,20.9526
25-50:0090,25-50,39.146,fastest,0.0,town_off,72.9635,65.7263,4.3181,19.3894,25.2418,0.0,53.8962,70.0048,1.5774,16.296
25-50:0090,25-50,39.146,scenic,0.5,town_off,72.5883,77.9357,7.4255,47.3266,53.7789,0.0,51.0631,71.9125,1.6973,20.9526
25-50:0091,25-50,46.625,fastest,0.0,shipped,63.5843,59.5329,5.622,12.8465,21.809,0.0,58.2546,40.4174,0.0,17.5321
25-50:0091,25-50,46.625,scenic,0.5,shipped,61.3589,60.3421,5.6639,12.4294,19.1046,0.0,58.1191,40.5418,0.0,14.7253
25-50:0091,25-50,46.625,fastest,0.0,town_off,63.5843,59.5329,5.7555,13.9792,21.809,0.0,58.2546,40.4174,0.0,17.5321
25-50:0091,25-50,46.625,scenic,0.5,town_off,61.3589,60.3421,5.831,13.8293,19.1046,0.0,58.1191,40.5418,0.0,14.7253
25-50:0092,25-50,42.693,fastest,0.0,shipped,56.4068,54.7254,5.3113,15.804,28.2899,0.0,49.032,55.7091,0.0,17.2764
25-50:0092,25-50,42.693,scenic,0.5,shipped,51.5532,56.8693,6.4018,20.7984,27.1094,0.0,45.6592,50.5929,0.0,20.3463
25-50:0092,25-50,42.693,fastest,0.0,town_off,56.4068,54.7254,5.6175,20.5103,28.2899,0.0,49.032,55.7091,0.0,17.2764
25-50:0092,25-50,42.693,scenic,0.5,town_off,51.5532,56.8693,6.5797,25.4379,27.1094,0.0,45.6592,50.5929,0.0,20.3463
25-50:0093,25-50,25.534,fastest,0.0,shipped,35.4514,34.3424,3.8231,3.7896,26.2077,0.0,26.6043,26.8826,0.0,15.5866
25-50:0093,25-50,25.534,scenic,0.5,shipped,33.7929,44.7774,5.9542,9.1511,20.8571,0.0,28.5674,17.6005,0.0,13.5327
25-50:0093,25-50,25.534,fastest,0.0,town_off,35.4514,34.3424,3.8708,4.0605,26.2077,0.0,26.6043,26.8826,0.0,15.5866
25-50:0093,25-50,25.534,scenic,0.5,town_off,33.8628,45.4723,6.271,10.311,20.9606,0.0,28.0068,17.786,0.0,11.9133
25-50:0095,25-50,49.672,fastest,0.0,shipped,72.5349,52.8383,2.2017,0.5547,26.8069,0.0,62.9898,40.4163,3.0359,22.0601
25-50:0095,25-50,49.672,scenic,0.5,shipped,56.4804,69.9057,6.2921,21.4703,32.4361,0.0,52.0183,29.02,0.2597,28.246
25-50:0095,25-50,49.672,fastest,0.0,town_off,72.5349,52.8383,2.3155,0.5149,26.8069,0.0,62.9898,40.4163,3.0359,22.0601
25-50:0095,25-50,49.672,scenic,0.5,town_off,56.7226,63.4657,5.7931,14.6703,29.3293,0.0,51.9353,33.2919,2.4637,21.9721
25-50:0097,25-50,32.068,fastest,0.0,shipped,35.6935,27.7669,2.0827,0.4989,9.8626,0.0,16.4914,1.8782,0.0,18.8601
25-50:0097,25-50,32.068,scenic,0.5,shipped,35.5332,36.7322,4.0761,0.4989,9.063,0.0,17.5677,6.9623,0.0,19.1916
25-50:0097,25-50,32.068,fastest,0.0,town_off,35.6935,27.7669,1.7605,0.0,9.8626,0.0,16.4914,1.8782,0.0,18.8601
25-50:0097,25-50,32.068,scenic,0.5,town_off,35.5332,36.7322,3.7105,1.1289,9.063,0.0,17.5677,6.9623,0.0,19.1916
25-50:0098,25-50,46.386,fastest,0.0,shipped,66.8062,41.5525,1.0352,0.0741,20.2379,0.0,48.3071,49.9495,0.9227,23.8872
25-50:0098,25-50,46.386,scenic,0.5,shipped,57.9914,63.8456,4.8408,5.276,19.9866,0.0,41.7666,40.3772,2.0883,31.0721
25-50:0098,25-50,46.386,fastest,0.0,town_off,66.8062,41.5525,1.008,0.0,20.2379,0.0,48.3071,49.9495,0.9227,23.8872
25-50:0098,25-50,46.386,scenic,0.5,town_off,57.9914,63.8456,4.596,3.8083,19.9866,0.0,41.7666,40.3772,2.0883,31.0721
25-50:0099,25-50,46.211,fastest,0.0,shipped,67.3263,82.0969,5.6788,20.4069,23.8118,0.0,61.322,67.3263,0.733,18.4004
25-50:0099,25-50,46.211,scenic,0.5,shipped,67.3263,82.0969,5.6788,20.4069,23.8118,0.0,61.322,67.3263,0.733,18.4004
25-50:0099,25-50,46.211,fastest,0.0,town_off,67.3263,82.0969,5.8845,21.0161,23.8118,0.0,61.322,67.3263,0.733,18.4004
25-50:0099,25-50,46.211,scenic,0.5,town_off,69.9785,84.6878,6.2962,28.8323,32.8498,0.0,63.4673,69.9785,0.733,15.9725
25-50:0100,25-50,45.927,fastest,0.0,shipped,61.798,45.7713,3.4697,15.3024,29.2488,0.0,44.6337,60.2205,14.7653,6.7487
25-50:0100,25-50,45.927,scenic,0.5,shipped,62.9251,67.3606,7.0971,35.3756,59.2002,0.0,42.4996,56.6451,14.2449,14.5545
25-50:0100,25-50,45.927,fastest,0.0,town_off,61.798,45.7713,3.9209,22.0061,29.2488,0.0,44.6337,60.2205,14.7653,6.7487
25-50:0100,25-50,45.927,scenic,0.5,town_off,62.9251,67.3606,7.5166,48.2555,59.2002,0.0,42.4996,56.6451,14.2449,14.5545
25-50:0101,25-50,33.814,fastest,0.0,shipped,57.4951,35.2557,0.7008,0.9238,17.2089,0.0,43.8986,3.2961,3.2914,8.3449
25-50:0101,25-50,33.814,scenic,0.5,shipped,43.6471,56.8238,4.863,4.9594,11.0553,0.0,38.0191,6.0758,3.8299,16.0745
25-50:0101,25-50,33.814,fastest,0.0,town_off,57.4951,35.2557,0.7871,0.7203,17.2089,0.0,43.8986,3.2961,3.2914,8.3449
25-50:0101,25-50,33.814,scenic,0.5,town_off,43.6471,56.8238,4.7671,3.1894,11.0553,0.0,38.0191,6.0758,3.8299,16.0745
25-50:0102,25-50,37.545,fastest,0.0,shipped,69.8591,54.3423,3.3844,12.936,32.1128,0.0,35.3194,67.4625,0.0,17.9559
25-50:0102,25-50,37.545,scenic,0.5,shipped,56.1876,65.7951,6.7263,32.0511,40.3783,0.0,38.7026,53.6745,0.0,20.755
25-50:0102,25-50,37.545,fastest,0.0,town_off,69.8591,54.3423,3.5504,13.9711,32.1128,0.0,35.3194,67.4625,0.0,17.9559
25-50:0102,25-50,37.545,scenic,0.5,town_off,56.1876,65.7951,6.9656,34.3687,40.3783,0.0,38.7026,53.6745,0.0,20.755
25-50:0103,25-50,48.365,fastest,0.0,shipped,70.0058,75.855,5.4171,10.0143,38.9786,0.0,63.6737,38.2259,0.0,26.8612
25-50:0103,25-50,48.365,scenic,0.5,shipped,69.3482,78.316,5.6085,10.9182,37.0311,0.0,62.0461,42.2247,0.0,28.0265
25-50:0103,25-50,48.365,fastest,0.0,town_off,70.0058,75.855,5.4136,10.0371,38.9786,0.0,63.6737,38.2259,0.0,26.8612
25-50:0103,25-50,48.365,scenic,0.5,town_off,68.9357,79.0278,5.6154,9.5579,36.7808,0.0,61.7597,42.7384,0.0,26.683
25-50:0104,25-50,49.011,fastest,0.0,shipped,58.5251,53.8447,4.7853,3.7939,16.1037,0.0,49.4535,29.9637,2.6513,18.1819
25-50:0104,25-50,49.011,scenic,0.5,shipped,58.2486,57.021,5.4458,6.5407,21.6871,0.0,49.6856,25.5114,7.7878,20.5043
25-50:0104,25-50,49.011,fastest,0.0,town_off,58.5251,53.8447,4.8843,5.9893,16.1037,0.0,49.4535,29.9637,2.6513,18.1819
25-50:0104,25-50,49.011,scenic,0.5,town_off,58.2486,57.021,5.463,11.3694,21.6871,0.0,49.6856,25.5114,7.7878,20.5043
25-50:0105,25-50,37.951,fastest,0.0,shipped,67.5026,77.8355,6.5714,24.6306,31.6206,0.0,59.508,64.687,3.8627,20.0101
25-50:0105,25-50,37.951,scenic,0.5,shipped,67.46,77.8856,6.5744,24.6306,31.699,0.0,59.5091,64.687,3.8627,19.9674
25-50:0105,25-50,37.951,fastest,0.0,town_off,67.5026,77.8355,6.8192,28.2646,31.6206,0.0,59.508,64.687,3.8627,20.0101
25-50:0105,25-50,37.951,scenic,0.5,town_off,67.46,77.8856,6.8239,28.2646,31.699,0.0,59.5091,64.687,3.8627,19.9674
25-50:0106,25-50,37.226,fastest,0.0,shipped,47.7424,33.3678,1.117,0.3484,13.5787,6.8126,27.6972,5.6502,0.3095,29.2354
25-50:0106,25-50,37.226,scenic,0.5,shipped,42.2119,61.1175,4.8199,4.9484,13.9816,0.0,30.4012,4.2135,0.3095,21.6618
25-50:0106,25-50,37.226,fastest,0.0,town_off,47.7424,33.3678,0.937,0.0,13.5787,6.8126,27.6972,5.6502,0.3095,29.2354
25-50:0106,25-50,37.226,scenic,0.5,town_off,42.2119,61.1175,4.5584,5.33,13.9816,0.0,30.4012,4.2135,0.3095,21.6618
25-50:0107,25-50,35.916,fastest,0.0,shipped,44.209,36.9989,2.3631,2.9561,18.2796,0.0,24.0856,19.6449,0.0,20.0983
25-50:0107,25-50,35.916,scenic,0.5,shipped,39.8898,44.0,4.6493,8.1296,24.663,0.0,24.8634,17.9433,0.0,25.1262
25-50:0107,25-50,35.916,fastest,0.0,town_off,44.209,36.9989,2.3389,1.2779,18.2796,0.0,24.0856,19.6449,0.0,20.0983
25-50:0107,25-50,35.916,scenic,0.5,town_off,39.7324,44.1643,4.4346,5.46,25.244,0.0,24.5678,15.8231,0.0,23.4277
25-50:0108,25-50,45.334,fastest,0.0,shipped,66.2371,49.3293,2.1349,4.1963,19.7429,0.0,50.6649,24.393,9.2225,28.4029
25-50:0108,25-50,45.334,scenic,0.5,shipped,56.3733,64.3289,4.5238,9.9674,20.4627,0.0,43.968,20.8352,5.6996,26.4928
25-50:0108,25-50,45.334,fastest,0.0,town_off,66.2371,49.3293,2.13,4.6616,19.7429,0.0,50.6649,24.393,9.2225,28.4029
25-50:0108,25-50,45.334,scenic,0.5,town_off,56.3733,64.3289,4.393,10.1133,20.4627,0.0,43.968,20.8352,5.6996,26.4928
25-50:0109,25-50,40.805,fastest,0.0,shipped,79.4759,69.4407,4.4742,18.3363,31.6313,0.0,71.6018,72.7053,0.666,19.5778
25-50:0109,25-50,40.805,scenic,0.5,shipped,64.1621,77.0249,6.343,21.5962,27.1372,0.0,54.4666,58.5115,0.6134,23.2796
25-50:0109,25-50,40.805,fastest,0.0,town_off,79.4759,69.4407,4.8191,16.7878,31.6313,0.0,71.6018,72.7053,0.666,19.5778
25-50:0109,25-50,40.805,scenic,0.5,town_off,64.1621,77.0249,6.4477,22.1172,27.1372,0.0,54.4666,58.5115,0.6134,23.2796
25-50:0110,25-50,49.644,fastest,0.0,shipped,63.6748,65.8053,5.2921,11.2016,31.0375,0.0,56.045,38.2095,0.0,25.3469
25-50:0110,25-50,49.644,scenic,0.5,shipped,61.8027,69.2136,5.9591,14.8662,31.9543,0.0,56.6167,39.2678,0.6526,22.8365
25-50:0110,25-50,49.644,fastest,0.0,town_off,63.6748,65.8053,5.3583,11.7488,31.0375,0.0,56.045,38.2095,0.0,25.3469
25-50:0110,25-50,49.644,scenic,0.5,town_off,61.8027,69.2136,6.1294,18.4834,31.9543,0.0,56.6167,39.2678,0.6526,22.8365
25-50:0112,25-50,35.398,fastest,0.0,shipped,42.4994,52.1025,4.7565,6.6497,11.5856,0.0,33.9479,26.0692,0.0,19.0748
25-50:0112,25-50,35.398,scenic,0.5,shipped,42.4233,52.1937,4.798,6.5083,11.4441,0.0,33.273,25.5905,0.0,19.7603
25-50:0112,25-50,35.398,fastest,0.0,town_off,42.4994,52.1025,4.6743,5.99,11.5856,0.0,33.9479,26.0692,0.0,19.0748
25-50:0112,25-50,35.398,scenic,0.5,town_off,42.6261,57.1933,5.3363,7.5844,14.7761,0.0,34.808,26.2326,0.0,18.148
25-50:0113,25-50,39.087,fastest,0.0,shipped,64.8798,43.4332,0.8499,0.0,7.6667,0.0,50.7629,9.9306,3.4065,18.0745
25-50:0113,25-50,39.087,scenic,0.5,shipped,50.3041,65.0848,4.9955,3.3023,17.3635,0.0,40.8396,2.5234,1.1822,30.8957
25-50:0113,25-50,39.087,fastest,0.0,town_off,64.8798,43.4332,0.7994,0.0,7.6667,0.0,50.7629,9.9306,3.4065,18.0745
25-50:0113,25-50,39.087,scenic,0.5,town_off,48.1186,64.0857,4.3408,4.5217,10.4509,0.0,36.836,2.4597,0.7039,25.0957
25-50:0114,25-50,45.146,fastest,0.0,shipped,61.602,46.5787,3.3403,6.1557,20.159,0.0,54.7973,58.7104,0.0,16.0792
25-50:0114,25-50,45.146,scenic,0.5,shipped,56.4548,68.0235,5.9581,12.3251,16.1561,0.0,53.361,50.5906,0.0,14.2571
25-50:0114,25-50,45.146,fastest,0.0,town_off,61.602,46.5787,3.5341,8.3061,20.159,0.0,54.7973,58.7104,0.0,16.0792
25-50:0114,25-50,45.146,scenic,0.5,town_off,56.4548,68.0235,6.1904,12.9635,16.1561,0.0,53.361,50.5906,0.0,14.2571
25-50:0115,25-50,33.574,fastest,0.0,shipped,68.8333,49.1741,1.3855,1.4821,29.8439,11.3815,28.7489,7.3173,0.0,36.1583
25-50:0115,25-50,33.574,scenic,0.5,shipped,47.8747,63.4167,4.4002,4.2819,18.1439,37.2904,13.9767,2.6484,0.0,34.7333
25-50:0115,25-50,33.574,fastest,0.0,town_off,68.8333,49.1741,1.1619,0.4655,29.8439,11.3815,28.7489,7.3173,0.0,36.1583
25-50:0115,25-50,33.574,scenic,0.5,town_off,47.7156,63.49,3.9579,2.8797,18.1439,37.1313,13.9101,2.6484,0.0,34.5742
25-50:0116,25-50,43.188,fastest,0.0,shipped,83.778,53.8794,1.4379,0.6985,33.6903,0.0,50.1546,34.8783,6.0416,37.9544
25-50:0116,25-50,43.188,scenic,0.5,shipped,62.4074,78.3441,5.1005,9.2483,22.1673,0.0,52.015,36.924,4.756,22.147
25-50:0116,25-50,43.188,fastest,0.0,town_off,83.778,53.8794,1.3853,0.0,33.6903,0.0,50.1546,34.8783,6.0416,37.9544
25-50:0116,25-50,43.188,scenic,0.5,town_off,62.4074,78.3441,5.1651,10.0985,22.1673,0.0,52.015,36.924,4.756,22.147
25-50:0117,25-50,27.065,fastest,0.0,shipped,51.9275,46.5932,5.6851,8.7317,23.2462,0.0,50.8009,47.7582,0.7357,5.1887
25-50:0117,25-50,27.065,scenic,0.5,shipped,51.2452,49.4688,6.3098,10.9764,26.1707,0.0,50.9962,47.1623,0.7357,4.4524
25-50:0117,25-50,27.065,fastest,0.0,town_off,51.9275,46.5932,6.3274,24.3433,23.2462,0.0,50.8009,47.7582,0.7357,5.1887
25-50:0117,25-50,27.065,scenic,0.5,town_off,51.2452,49.4688,6.9996,31.0209,26.1707,0.0,50.9962,47.1623,0.7357,4.4524
25-50:0118,25-50,48.242,fastest,0.0,shipped,79.3855,60.6107,2.4542,7.6199,21.6306,0.0,59.7928,78.2161,0.0,15.4749
25-50:0118,25-50,48.242,scenic,0.5,shipped,63.3835,78.989,5.9305,19.8594,32.3038,0.0,44.3836,60.7444,2.0542,19.9898
25-50:0118,25-50,48.242,fastest,0.0,town_off,79.3855,60.6107,2.7063,10.082,21.6306,0.0,59.7928,78.2161,0.0,15.4749
25-50:0118,25-50,48.242,scenic,0.5,town_off,63.4502,79.6749,6.2449,24.159,32.3705,0.0,46.3187,61.8193,2.0542,20.0565
25-50:0119,25-50,37.355,fastest,0.0,shipped,45.3492,58.4904,3.9504,1.5787,4.4223,0.0,37.7575,26.144,0.0,3.0357
25-50:0119,25-50,37.355,scenic,0.5,shipped,45.1552,60.7768,4.6487,4.1069,13.4675,0.0,39.3605,25.121,0.0,5.1203
25-50:0119,25-50,37.355,fastest,0.0,town_off,45.3492,58.4904,4.2083,1.1695,4.4223,0.0,37.7575,26.144,0.0,3.0357
25-50:0119,25-50,37.355,scenic,0.5,town_off,45.1552,60.7768,4.9161,3.7623,13.4675,0.0,39.3605,25.121,0.0,5.1203
25-50:0120,25-50,42.48,fastest,0.0,shipped,74.2847,49.3057,1.6775,1.5328,20.0414,0.0,62.9889,63.4227,0.448,13.2786
25-50:0120,25-50,42.48,scenic,0.5,shipped,53.1323,60.5808,6.5211,19.1215,32.89,0.0,47.778,47.9477,0.0,11.7357
25-50:0120,25-50,42.48,fastest,0.0,town_off,74.2847,49.3057,1.8806,1.6004,20.0414,0.0,62.9889,63.4227,0.448,13.2786
25-50:0120,25-50,42.48,scenic,0.5,town_off,53.1323,60.5808,6.8896,26.2415,32.89,0.0,47.778,47.9477,0.0,11.7357
25-50:0121,25-50,32.234,fastest,0.0,shipped,43.3047,36.751,2.5555,3.2877,13.0671,4.781,26.5334,5.9661,0.0,18.7968
25-50:0121,25-50,32.234,scenic,0.5,shipped,39.382,52.1522,6.3274,14.2889,16.7114,19.6355,24.7049,3.0097,0.0,29.3521
25-50:0121,25-50,32.234,fastest,0.0,town_off,43.3047,36.751,2.374,3.5156,13.0671,4.781,26.5334,5.9661,0.0,18.7968
25-50:0121,25-50,32.234,scenic,0.5,town_off,39.382,52.1522,5.8993,12.6741,16.7114,19.6355,24.7049,3.0097,0.0,29.3521
25-50:0122,25-50,41.127,fastest,0.0,shipped,67.3213,52.4676,2.3712,4.7834,26.455,17.4974,37.975,0.4468,1.7977,33.5108
25-50:0122,25-50,41.127,scenic,0.5,shipped,65.5289,53.206,2.3521,4.3155,27.8068,15.1006,32.0541,0.4468,1.5234,35.0972
25-50:0122,25-50,41.127,fastest,0.0,town_off,67.3213,52.4676,2.1355,3.2781,26.455,17.4974,37.975,0.4468,1.7977,33.5108
25-50:0122,25-50,41.127,scenic,0.5,town_off,65.5289,53.206,2.0727,2.1981,27.8068,15.1006,32.0541,0.4468,1.5234,35.0972
25-50:0123,25-50,43.996,fastest,0.0,shipped,57.0113,61.3348,4.6372,5.5455,21.0397,0.0,41.3611,41.1179,0.0637,15.584
25-50:0123,25-50,43.996,scenic,0.5,shipped,51.0251,64.6813,5.1732,7.4913,28.6347,0.0,30.8836,29.186,1.0464,21.0766
25-50:0123,25-50,43.996,fastest,0.0,town_off,57.0113,61.3348,4.6935,3.5791,21.0397,0.0,41.3611,41.1179,0.0637,15.584
25-50:0123,25-50,43.996,scenic,0.5,town_off,51.8643,62.2072,4.9469,5.5768,26.4231,0.0,32.9313,33.9058,1.0464,18.9865
25-50:0124,25-50,42.346,fastest,0.0,shipped,88.0688,61.4785,1.7901,2.6822,32.6539,18.4736,60.3227,2.3151,3.0798,30.912
25-50:0124,25-50,42.346,scenic,0.5,shipped,68.3974,82.1725,5.2515,14.1357,22.8241,24.5687,49.4293,9.5853,8.1127,32.6481
25-50:0124,25-50,42.346,fastest,0.0,town_off,88.0688,61.4785,1.7704,4.4852,32.6539,18.4736,60.3227,2.3151,3.0798,30.912
25-50:0124,25-50,42.346,scenic,0.5,town_off,69.0101,78.5184,4.9949,11.7889,11.0686,27.7052,58.1631,6.2793,13.8538,17.7298
25-50:0125,25-50,39.705,fastest,0.0,shipped,65.089,43.6897,1.2468,1.4485,26.191,0.5232,37.6354,7.6577,0.0,31.1746
25-50:0125,25-50,39.705,scenic,0.5,shipped,47.8095,64.5321,4.8497,6.8584,22.4557,30.7824,21.7605,2.8471,0.0,34.4341
25-50:0125,25-50,39.705,fastest,0.0,town_off,65.089,43.6897,1.1542,1.6279,26.191,0.5232,37.6354,7.6577,0.0,31.1746
25-50:0125,25-50,39.705,scenic,0.5,town_off,47.5947,64.789,4.4512,5.8647,22.2189,30.8044,21.6502,2.8471,0.0,34.1973
25-50:0126,25-50,45.12,fastest,0.0,shipped,52.9461,53.0006,3.5341,5.6232,24.4162,0.0,31.0339,35.476,0.0,24.2105
25-50:0126,25-50,45.12,scenic,0.5,shipped,52.2614,70.8371,6.1501,12.4292,18.956,0.0,50.8005,43.9539,0.0,25.4808
25-50:0126,25-50,45.12,fastest,0.0,town_off,52.9461,53.0006,3.472,5.6549,24.4162,0.0,31.0339,35.476,0.0,24.2105
25-50:0126,25-50,45.12,scenic,0.5,town_off,52.2614,70.8371,6.1108,13.8849,18.956,0.0,50.8005,43.9539,0.0,25.4808
25-50:0127,25-50,40.395,fastest,0.0,shipped,52.7052,45.4864,2.0868,1.0036,16.3355,0.0,36.0207,0.0,2.4586,15.0724
25-50:0127,25-50,40.395,scenic,0.5,shipped,51.4294,66.5247,5.0954,7.021,26.7596,0.0,44.2409,0.0,0.8153,17.7983
25-50:0127,25-50,40.395,fastest,0.0,town_off,52.7052,45.4864,2.061,1.2026,16.3355,0.0,36.0207,0.0,2.4586,15.0724
25-50:0127,25-50,40.395,scenic,0.5,town_off,51.3678,66.601,5.1104,7.0226,26.7596,0.0,44.2433,0.0,0.8153,17.7368
25-50:0128,25-50,49.503,fastest,0.0,shipped,84.1931,59.4438,1.6281,2.3361,11.4127,0.0,61.8502,36.0779,2.5439,26.7337
25-50:0128,25-50,49.503,scenic,0.5,shipped,60.2861,71.9878,5.1405,9.255,12.3682,0.0,53.2421,26.4326,0.5321,17.3279
25-50:0128,25-50,49.503,fastest,0.0,town_off,84.1931,59.4438,1.5743,2.9114,11.4127,0.0,61.8502,36.0779,2.5439,26.7337
25-50:0128,25-50,49.503,scenic,0.5,town_off,60.2861,71.9878,5.245,9.6024,12.3682,0.0,53.2421,26.4326,0.5321,17.3279
25-50:0129,25-50,50.0,fastest,0.0,shipped,71.0284,55.1628,1.5394,1.1834,27.1227,0.0,44.1412,8.7681,0.0,32.1965
25-50:0129,25-50,50.0,scenic,0.5,shipped,59.8385,86.1776,5.4243,11.5111,30.3703,0.0,42.5287,13.0366,2.9589,37.0149
25-50:0129,25-50,50.0,fastest,0.0,town_off,71.0284,55.1628,1.4618,1.2948,27.1227,0.0,44.1412,8.7681,0.0,32.1965
25-50:0129,25-50,50.0,scenic,0.5,town_off,62.6374,79.628,4.8095,11.301,37.2218,5.7446,41.6722,10.5221,1.5975,31.1672
25-50:0130,25-50,31.088,fastest,0.0,shipped,49.6051,32.1179,1.0946,0.1932,14.1379,4.8449,35.7582,5.217,0.0,11.402
25-50:0130,25-50,31.088,scenic,0.5,shipped,35.8586,43.6144,5.0625,4.5289,13.0595,4.7827,26.0023,6.0602,2.5308,15.5221
25-50:0130,25-50,31.088,fastest,0.0,town_off,49.6051,32.1179,1.102,0.4681,14.1379,4.8449,35.7582,5.217,0.0,11.402
25-50:0130,25-50,31.088,scenic,0.5,town_off,35.8586,43.6144,4.9086,5.5208,13.0595,4.7827,26.0023,6.0602,2.5308,15.5221
25-50:0131,25-50,36.671,fastest,0.0,shipped,48.6575,32.57,1.3206,0.4371,16.1317,0.0,30.7293,22.4284,0.7373,20.3962
25-50:0131,25-50,36.671,scenic,0.5,shipped,44.0315,63.292,5.4374,12.5554,21.1299,0.0,32.2616,21.1539,2.5195,20.1322
25-50:0131,25-50,36.671,fastest,0.0,town_off,48.6575,32.57,1.2708,0.4371,16.1317,0.0,30.7293,22.4284,0.7373,20.3962
25-50:0131,25-50,36.671,scenic,0.5,town_off,46.503,54.8068,4.8153,15.3088,21.8914,0.0,34.9751,22.6984,0.7373,16.4338
25-50:0132,25-50,47.55,fastest,0.0,shipped,63.71,65.6085,6.1891,17.729,29.6357,0.0,50.0771,58.1411,4.9495,21.7503
25-50:0132,25-50,47.55,scenic,0.5,shipped,63.6674,65.6587,6.1921,17.729,29.7141,0.0,50.0782,58.1411,4.9495,21.7077
25-50:0132,25-50,47.55,fastest,0.0,town_off,63.71,65.6085,6.3447,25.4229,29.6357,0.0,50.0771,58.1411,4.9495,21.7503
25-50:0132,25-50,47.55,scenic,0.5,town_off,63.6674,65.6587,6.3494,25.4229,29.7141,0.0,50.0782,58.1411,4.9495,21.7077
25-50:0133,25-50,44.365,fastest,0.0,shipped,65.5567,78.7121,4.2718,9.5477,9.7085,0.0,40.1728,57.9977,0.0,12.5543
25-50:0133,25-50,44.365,scenic,0.5,shipped,62.2917,83.5625,5.1058,13.3557,23.945,0.0,52.7236,58.4928,0.0,12.7526
25-50:0133,25-50,44.365,fastest,0.0,town_off,65.5567,78.7121,4.3603,9.7053,9.7085,0.0,40.1728,57.9977,0.0,12.5543
25-50:0133,25-50,44.365,scenic,0.5,town_off,62.3142,83.7918,5.3561,19.6382,23.9675,0.0,52.746,58.5152,0.0,12.775
25-50:0134,25-50,42.205,fastest,0.0,shipped,68.1797,41.315,0.6599,0.0,14.2668,0.0,41.3705,3.2313,0.8551,26.1331
25-50:0134,25-50,42.205,scenic,0.5,shipped,46.6705,56.8346,4.0352,0.292,4.8569,0.0,30.6649,0.0,2.1696,25.1955
25-50:0134,25-50,42.205,fastest,0.0,town_off,68.1797,41.315,0.606,0.0,14.2668,0.0,41.3705,3.2313,0.8551,26.1331
25-50:0134,25-50,42.205,scenic,0.5,town_off,47.0563,57.2183,3.645,0.0101,6.8117,0.0,32.4087,0.0,2.1696,20.6885
25-50:0135,25-50,35.427,fastest,0.0,shipped,42.7975,27.8553,1.3233,0.9129,18.9676,0.0,30.8047,7.9965,0.583,18.5067
25-50:0135,25-50,35.427,scenic,0.5,shipped,41.2988,44.6723,4.264,6.2293,17.874,0.0,34.7624,9.2055,0.0,22.3332
25-50:0135,25-50,35.427,fastest,0.0,town_off,42.7975,27.8553,1.2346,0.3941,18.9676,0.0,30.8047,7.9965,0.583,18.5067
25-50:0135,25-50,35.427,scenic,0.5,town_off,41.2697,45.0666,4.1076,5.4637,17.874,0.0,34.7334,9.2055,0.0,21.8522
25-50:0136,25-50,32.553,fastest,0.0,shipped,43.2208,47.0841,3.5661,1.6748,6.2859,0.0,32.5707,10.5764,3.7999,17.8295
25-50:0136,25-50,32.553,scenic,0.5,shipped,42.2769,54.4947,5.3777,6.8519,13.3132,0.0,34.2446,12.658,5.5864,21.2889
25-50:0136,25-50,32.553,fastest,0.0,town_off,43.2208,47.0841,3.4887,2.5651,6.2859,0.0,32.5707,10.5764,3.7999,17.8295
25-50:0136,25-50,32.553,scenic,0.5,town_off,42.2769,54.4947,5.2059,10.1364,13.3132,0.0,34.2446,12.658,5.5864,21.2889
25-50:0137,25-50,33.383,fastest,0.0,shipped,62.7556,57.8935,4.4319,17.0478,30.4205,0.0,51.1058,62.0114,12.5369,13.0194
25-50:0137,25-50,33.383,scenic,0.5,shipped,45.9775,59.5749,6.4663,21.0334,19.7501,0.0,44.1236,45.9775,9.06,16.8707
25-50:0137,25-50,33.383,fastest,0.0,town_off,62.7556,57.8935,4.8308,25.3042,30.4205,0.0,51.1058,62.0114,12.5369,13.0194
25-50:0137,25-50,33.383,scenic,0.5,town_off,46.8254,60.3773,6.9117,27.08,29.3804,0.0,38.3484,46.8254,10.2959,12.658
25-50:0138,25-50,37.686,fastest,0.0,shipped,50.4628,55.6126,6.0722,12.2958,31.5872,0.0,44.3617,30.3176,4.1104,17.1541
25-50:0138,25-50,37.686,scenic,0.5,shipped,52.1081,57.4071,6.5799,22.6926,38.2393,0.0,45.3697,22.466,5.0246,26.6481
25-50:0138,25-50,37.686,fastest,0.0,town_off,50.4628,55.6126,6.2439,16.6232,31.5872,0.0,44.3617,30.3176,4.1104,17.1541
25-50:0138,25-50,37.686,scenic,0.5,town_off,51.1542,56.1657,6.5015,21.0484,36.1578,0.0,45.053,30.1022,2.8441,20.0848
25-50:0139,25-50,27.3,fastest,0.0,shipped,31.3294,33.5745,4.9884,6.8574,10.7882,0.0,30.2157,17.6976,0.0,14.3872
25-50:0139,25-50,27.3,scenic,0.5,shipped,31.3294,33.5745,4.9884,6.8574,10.7882,0.0,30.2157,17.6976,0.0,14.3872
25-50:0139,25-50,27.3,fastest,0.0,town_off,31.3294,33.5745,4.8354,6.3531,10.7882,0.0,30.2157,17.6976,0.0,14.3872
25-50:0139,25-50,27.3,scenic,0.5,town_off,31.3294,33.5745,4.8354,6.3531,10.7882,0.0,30.2157,17.6976,0.0,14.3872
25-50:0140,25-50,29.263,fastest,0.0,shipped,34.6942,30.3805,2.1803,1.1883,11.5235,0.4622,18.7344,3.3687,0.0,16.1974
25-50:0140,25-50,29.263,scenic,0.5,shipped,34.753,40.551,4.4706,1.4915,8.6343,0.445,21.0134,7.1166,0.0,16.9444
25-50:0140,25-50,29.263,fastest,0.0,town_off,34.6942,30.3805,2.0415,1.106,11.5235,0.4622,18.7344,3.3687,0.0,16.1974
25-50:0140,25-50,29.263,scenic,0.5,town_off,34.7471,40.5416,4.1927,2.2349,8.6343,0.445,21.0134,6.9987,0.0,16.9385
25-50:0141,25-50,43.616,fastest,0.0,shipped,60.7095,58.9639,3.9806,6.6018,16.7716,0.0,54.0676,31.9549,5.2287,17.2948
25-50:0141,25-50,43.616,scenic,0.5,shipped,53.7573,68.2949,6.3699,17.5929,22.6504,0.0,51.7513,33.5669,2.5432,16.4441
25-50:0141,25-50,43.616,fastest,0.0,town_off,60.7095,58.9639,4.0756,6.5199,16.7716,0.0,54.0676,31.9549,5.2287,17.2948
25-50:0141,25-50,43.616,scenic,0.5,town_off,53.9776,68.9531,6.6951,18.8084,22.8707,0.0,52.7879,33.7871,2.5432,16.6644
25-50:0142,25-50,32.778,fastest,0.0,shipped,47.2875,38.4661,2.4551,2.2219,15.1529,4.4055,19.9921,14.0602,4.2227,16.7645
25-50:0142,25-50,32.778,scenic,0.5,shipped,37.3554,44.7709,5.7715,9.0023,14.8719,1.6571,30.1049,18.4485,7.2392,13.2237
25-50:0142,25-50,32.778,fastest,0.0,town_off,47.2875,38.4661,2.4615,4.0835,15.1529,4.4055,19.9921,14.0602,4.2227,16.7645
25-50:0142,25-50,32.778,scenic,0.5,town_off,37.3554,44.7709,5.8296,10.4769,14.8719,1.6571,30.1049,18.4485,7.2392,13.2237
25-50:0143,25-50,41.984,fastest,0.0,shipped,93.9084,58.88,1.3088,0.7465,21.7625,0.0,79.0375,57.1584,4.4344,21.8132
25-50:0143,25-50,41.984,scenic,0.5,shipped,65.3835,71.714,6.8082,26.7907,28.0918,0.0,62.3108,57.8532,0.6575,17.0526
25-50:0143,25-50,41.984,fastest,0.0,town_off,93.9084,58.88,1.4456,1.9012,21.7625,0.0,79.0375,57.1584,4.4344,21.8132
25-50:0143,25-50,41.984,scenic,0.5,town_off,65.3835,71.714,7.1425,32.008,28.0918,0.0,62.3108,57.8532,0.6575,17.0526
25-50:0144,25-50,25.092,fastest,0.0,shipped,29.8482,28.5745,3.6809,3.7333,9.0436,0.0,26.7229,19.2993,0.0,9.7961
25-50:0144,25-50,25.092,scenic,0.5,shipped,28.1992,33.8164,5.6172,7.8775,12.4471,0.0,24.4272,12.4068,0.0,12.5825
25-50:0144,25-50,25.092,fastest,0.0,town_off,29.8482,28.5745,3.7229,3.8493,9.0436,0.0,26.7229,19.2993,0.0,9.7961
25-50:0144,25-50,25.092,scenic,0.5,town_off,28.1992,33.8164,5.6502,7.8699,12.4471,0.0,24.4272,12.4068,0.0,12.5825
25-50:0145,25-50,49.712,fastest,0.0,shipped,59.4828,40.0493,1.2771,0.8489,22.0256,10.6751,25.0557,7.735,0.0,29.7874
25-50:0145,25-50,49.712,scenic,0.5,shipped,57.4694,68.9869,4.1985,8.16,20.6328,20.1591,23.5441,5.4889,0.0,38.1628
25-50:0145,25-50,49.712,fastest,0.0,town_off,59.4828,40.0493,1.1279,1.0664,22.0256,10.6751,25.0557,7.735,0.0,29.7874
25-50:0145,25-50,49.712,scenic,0.5,town_off,57.4694,68.9869,3.8227,5.4349,20.6328,20.1591,23.5441,5.4889,0.0,38.1628
25-50:0146,25-50,39.303,fastest,0.0,shipped,52.0365,38.7444,2.2437,1.4393,15.1242,0.0,41.839,20.7645,8.1017,13.1061
25-50:0146,25-50,39.303,scenic,0.5,shipped,46.63,50.7932,5.6733,10.5293,14.5338,0.0,38.8301,29.4692,9.3182,14.8529
25-50:0146,25-50,39.303,fastest,0.0,town_off,52.0365,38.7444,2.2848,3.3896,15.1242,0.0,41.839,20.7645,8.1017,13.1061
25-50:0146,25-50,39.303,scenic,0.5,town_off,46.63,50.7932,5.7284,11.5356,14.5338,0.0,38.8301,29.4692,9.3182,14.8529
25-50:0147,25-50,25.284,fastest,0.0,shipped,56.4086,46.7043,2.0264,0.913,16.0863,17.7236,28.0753,4.486,0.0,26.78
25-50:0147,25-50,25.284,scenic,0.5,shipped,44.938,59.9114,4.757,5.454,14.4251,29.6591,18.9925,4.5046,0.0,32.115
25-50:0147,25-50,25.284,fastest,0.0,town_off,56.4086,46.7043,1.8666,0.6337,16.0863,17.7236,28.0753,4.486,0.0,26.78
25-50:0147,25-50,25.284,scenic,0.5,town_off,45.1321,58.7975,4.2133,5.05,14.2715,29.8532,20.0241,4.5046,0.0,32.3091
25-50:0148,25-50,44.466,fastest,0.0,shipped,64.2554,49.9976,1.6936,1.2554,17.6306,0.0,53.4401,9.1899,0.0,24.2525
25-50:0148,25-50,44.466,scenic,0.5,shipped,53.7346,70.1712,5.2224,7.4734,28.2093,0.0,35.6423,14.3977,0.4692,25.2973
25-50:0148,25-50,44.466,fastest,0.0,town_off,64.2554,49.9976,1.5805,2.297,17.6306,0.0,53.4401,9.1899,0.0,24.2525
25-50:0148,25-50,44.466,scenic,0.5,town_off,53.708,70.1241,5.0058,4.6424,28.2093,0.0,35.5307,14.3711,0.4692,25.2706
25-50:0149,25-50,39.555,fastest,0.0,shipped,54.6719,39.0934,3.7616,4.6424,36.5944,0.0,45.3618,51.9028,0.7453,25.9494
25-50:0149,25-50,39.555,scenic,0.5,shipped,47.1459,54.6536,5.9452,16.4132,30.3938,0.0,38.1241,45.0287,0.0,23.1061
25-50:0149,25-50,39.555,fastest,0.0,town_off,54.6719,39.0934,3.9772,5.5472,36.5944,0.0,45.3618,51.9028,0.7453,25.9494
25-50:0149,25-50,39.555,scenic,0.5,town_off,45.9526,59.0889,6.584,15.8145,27.0271,0.0,35.5335,41.3795,0.0,15.2427
25-50:0150,25-50,44.509,fastest,0.0,shipped,61.964,41.9591,1.0906,0.0,9.5676,0.0,37.3901,12.0751,1.301,24.6616
25-50:0150,25-50,44.509,scenic,0.5,shipped,50.2925,62.8382,4.9358,1.775,6.6346,0.0,41.224,9.0709,4.2556,29.2722
25-50:0150,25-50,44.509,fastest,0.0,town_off,61.964,41.9591,1.0516,0.0,9.5676,0.0,37.3901,12.0751,1.301,24.6616
25-50:0150,25-50,44.509,scenic,0.5,town_off,50.2925,62.8382,4.573,1.8306,6.6346,0.0,41.224,9.0709,4.2556,29.2722
25-50:0151,25-50,32.643,fastest,0.0,shipped,35.0935,36.0253,2.8629,1.3943,16.4531,0.0,22.9937,0.0,2.4586,14.5205
25-50:0151,25-50,32.643,scenic,0.5,shipped,35.0232,36.0624,2.8542,1.3943,16.3827,0.0,22.9937,0.0,2.4586,14.4501
25-50:0151,25-50,32.643,fastest,0.0,town_off,35.0935,36.0253,2.7659,0.5855,16.4531,0.0,22.9937,0.0,2.4586,14.5205
25-50:0151,25-50,32.643,scenic,0.5,town_off,35.0232,36.0624,2.7585,0.5855,16.3827,0.0,22.9937,0.0,2.4586,14.4501
25-50:0152,25-50,45.265,fastest,0.0,shipped,83.0448,65.7783,5.966,47.7696,48.7845,0.0,68.5924,64.2582,0.0,21.484
25-50:0152,25-50,45.265,scenic,0.5,shipped,82.5682,76.9403,7.6406,56.6515,55.3762,0.0,71.2183,64.9629,0.0,22.7189
25-50:0152,25-50,45.265,fastest,0.0,town_off,83.0448,65.7783,6.2844,49.1832,48.7845,0.0,68.5924,64.2582,0.0,21.484
25-50:0152,25-50,45.265,scenic,0.5,town_off,82.5682,76.9403,7.9837,60.6527,55.3762,0.0,71.2183,64.9629,0.0,22.7189
25-50:0153,25-50,43.796,fastest,0.0,shipped,56.6203,44.541,2.3189,0.3528,20.4985,14.8982,22.0321,9.4941,0.0,33.9113
25-50:0153,25-50,43.796,scenic,0.5,shipped,53.4887,49.9136,3.2198,1.6879,19.9742,17.6086,17.8281,9.1449,0.0,28.681
25-50:0153,25-50,43.796,fastest,0.0,town_off,56.6203,44.541,2.0614,0.0,20.4985,14.8982,22.0321,9.4941,0.0,33.9113
25-50:0153,25-50,43.796,scenic,0.5,town_off,53.4887,49.9136,3.0002,1.9553,19.9742,17.6086,17.8281,9.1449,0.0,28.681
25-50:0154,25-50,46.751,fastest,0.0,shipped,68.2988,48.5092,2.1356,1.2254,32.7265,0.0,46.9223,56.7637,0.7217,25.4799
25-50:0154,25-50,46.751,scenic,0.5,shipped,55.5868,68.2923,4.932,7.0474,21.6489,0.0,46.5415,43.804,0.0,18.9688
25-50:0154,25-50,46.751,fastest,0.0,town_off,68.2988,48.5092,2.2263,1.715,32.7265,0.0,46.9223,56.7637,0.7217,25.4799
25-50:0154,25-50,46.751,scenic,0.5,town_off,56.0125,75.4489,5.8563,12.4606,17.9744,0.0,50.8838,38.1624,0.0,12.3183
25-50:0155,25-50,36.919,fastest,0.0,shipped,47.9826,41.7114,2.4033,3.075,18.3047,1.2023,40.8802,11.5699,0.0,16.2196
25-50:0155,25-50,36.919,scenic,0.5,shipped,42.9851,50.3314,4.7794,8.406,18.0431,3.6756,37.6978,17.6993,3.1197,14.2898
25-50:0155,25-50,36.919,fastest,0.0,town_off,47.9826,41.7114,2.3761,2.953,18.3047,1.2023,40.8802,11.5699,0.0,16.2196
25-50:0155,25-50,36.919,scenic,0.5,town_off,42.9851,50.3314,4.9642,9.5061,18.0431,3.6756,37.6978,17.6993,3.1197,14.2898
25-50:0156,25-50,45.034,fastest,0.0,shipped,63.4279,61.9711,4.2344,7.9508,9.6768,0.0,52.569,39.7032,3.4397,16.8049
25-50:0156,25-50,45.034,scenic,0.5,shipped,60.021,67.4279,5.1429,10.1805,14.4394,0.0,48.2839,36.3451,3.4397,20.447
25-50:0156,25-50,45.034,fastest,0.0,town_off,63.4279,61.9711,4.2619,9.4239,9.6768,0.0,52.569,39.7032,3.4397,16.8049
25-50:0156,25-50,45.034,scenic,0.5,town_off,60.021,67.4279,5.1625,11.3676,14.4394,0.0,48.2839,36.3451,3.4397,20.447
25-50:0157,25-50,49.842,fastest,0.0,shipped,79.2998,77.897,6.8856,41.9234,56.525,0.0,60.6862,73.4533,0.7441,22.9911
25-50:0157,25-50,49.842,scenic,0.5,shipped,79.2998,77.897,6.8856,41.9234,56.525,0.0,60.6862,73.4533,0.7441,22.9911
25-50:0157,25-50,49.842,fastest,0.0,town_off,79.2998,77.897,7.2457,49.1059,56.525,0.0,60.6862,73.4533,0.7441,22.9911
25-50:0157,25-50,49.842,scenic,0.5,town_off,79.2998,77.897,7.2457,49.1059,56.525,0.0,60.6862,73.4533,0.7441,22.9911
25-50:0158,25-50,42.46,fastest,0.0,shipped,65.8105,63.5793,3.9956,8.9186,27.1449,0.0,50.4131,57.4031,0.0999,27.2717
25-50:0158,25-50,42.46,scenic,0.5,shipped,57.9964,70.8065,6.4786,21.115,35.2804,0.0,52.2221,49.7539,0.0999,27.2846
25-50:0158,25-50,42.46,fastest,0.0,town_off,65.8105,63.5793,4.0728,9.1991,27.1449,0.0,50.4131,57.4031,0.0999,27.2717
25-50:0158,25-50,42.46,scenic,0.5,town_off,57.9964,70.8065,6.5211,20.0058,35.2804,0.0,52.2221,49.7539,0.0999,27.2846
25-50:0159,25-50,32.953,fastest,0.0,shipped,48.1323,38.1345,5.3946,9.2108,27.4335,0.0,44.0363,36.4973,0.7502,16.3584
25-50:0159,25-50,32.953,scenic,0.5,shipped,44.2343,40.0001,5.7698,10.7338,24.71,0.0,40.9598,39.0819,0.2451,12.8133
25-50:0159,25-50,32.953,fastest,0.0,town_off,48.1323,38.1345,5.6078,8.0752,27.4335,0.0,44.0363,36.4973,0.7502,16.3584
25-50:0159,25-50,32.953,scenic,0.5,town_off,45.0365,43.7405,6.5894,15.9649,27.9661,0.0,43.308,39.884,0.2451,14.8214
25-50:0160,25-50,45.163,fastest,0.0,shipped,71.3402,64.9907,3.0918,5.1393,23.5657,0.0,57.6359,35.8499,7.7458,12.6872
25-50:0160,25-50,45.163,scenic,0.5,shipped,70.1015,82.4075,6.0336,21.6954,26.605,0.0,57.1177,63.6794,5.9179,19.6574
25-50:0160,25-50,45.163,fastest,0.0,town_off,71.3402,64.9907,3.2947,6.3854,23.5657,0.0,57.6359,35.8499,7.7458,12.6872
25-50:0160,25-50,45.163,scenic,0.5,town_off,70.3395,82.0105,6.2019,26.4582,25.9983,0.0,57.9493,63.9175,5.9179,19.374
25-50:0161,25-50,32.928,fastest,0.0,shipped,42.3569,33.4247,2.2679,3.2827,17.5658,0.0,29.2227,10.2197,1.3925,14.7072
25-50:0161,25-50,32.928,scenic,0.5,shipped,37.4,44.4206,5.3412,8.079,11.1106,0.0,32.5366,21.4635,6.6524,12.0915
25-50:0161,25-50,32.928,fastest,0.0,town_off,42.3569,33.4247,2.3047,3.5172,17.5658,0.0,29.2227,10.2197,1.3925,14.7072
25-50:0161,25-50,32.928,scenic,0.5,town_off,37.4,44.4206,5.4042,9.6707,11.1106,0.0,32.5366,21.4635,6.6524,12.0915
25-50:0162,25-50,46.194,fastest,0.0,shipped,52.5623,41.6034,5.0318,14.0441,44.159,0.0,40.9341,50.6535,0.0,23.1555
25-50:0162,25-50,46.194,scenic,0.5,shipped,51.6007,53.5441,7.1626,28.1697,49.4245,0.0,35.7587,49.1466,0.0,23.4025
25-50:0162,25-50,46.194,fastest,0.0,town_off,52.5623,41.6034,5.3477,18.962,44.159,0.0,40.9341,50.6535,0.0,23.1555
25-50:0162,25-50,46.194,scenic,0.5,town_off,51.6007,53.5441,7.3209,34.2287,49.4245,0.0,35.7587,49.1466,0.0,23.4025
25-50:0163,25-50,27.494,fastest,0.0,shipped,33.3346,25.5222,1.2553,0.0,7.0236,3.6336,27.5534,1.0021,0.0,8.1137
25-50:0163,25-50,27.494,scenic,0.5,shipped,34.6942,38.0495,5.5084,9.5871,14.8588,21.736,26.1909,4.6962,0.0,25.147
25-50:0163,25-50,27.494,fastest,0.0,town_off,33.3346,25.5222,1.2695,0.0,7.0236,3.6336,27.5534,1.0021,0.0,8.1137
25-50:0163,25-50,27.494,scenic,0.5,town_off,34.6942,38.0495,5.1916,7.4685,14.8588,21.736,26.1909,4.6962,0.0,25.147
25-50:0164,25-50,43.975,fastest,0.0,shipped,54.3961,37.7107,2.1735,5.2397,14.7928,0.0,48.6098,54.2996,0.0,4.5935
25-50:0164,25-50,43.975,scenic,0.5,shipped,51.7514,57.6022,6.3096,18.778,23.2209,0.0,37.3356,43.0559,1.5856,21.1177
25-50:0164,25-50,43.975,fastest,0.0,town_off,54.3961,37.7107,2.5094,4.9172,14.7928,0.0,48.6098,54.2996,0.0,4.5935
25-50:0164,25-50,43.975,scenic,0.5,town_off,51.7514,57.6022,6.3555,21.8948,23.2209,0.0,37.3356,43.0559,1.5856,21.1177
25-50:0165,25-50,28.251,fastest,0.0,shipped,37.6147,36.9953,4.9233,2.488,9.9631,0.0,34.445,24.7745,0.7307,10.0505
25-50:0165,25-50,28.251,scenic,0.5,shipped,37.6147,36.9953,4.9233,2.488,9.9631,0.0,34.445,24.7745,0.7307,10.0505
25-50:0165,25-50,28.251,fastest,0.0,town_off,37.6147,36.9953,5.0013,1.3478,9.9631,0.0,34.445,24.7745,0.7307,10.0505
25-50:0165,25-50,28.251,scenic,0.5,town_off,37.6147,36.9953,5.0013,1.3478,9.9631,0.0,34.445,24.7745,0.7307,10.0505
25-50:0166,25-50,40.59,fastest,0.0,shipped,63.3183,48.0847,2.4423,7.4248,26.1567,0.0,46.997,21.4937,3.0253,19.725
25-50:0166,25-50,40.59,scenic,0.5,shipped,50.2789,58.4101,4.4905,2.8174,13.7677,0.0,34.0854,9.8701,2.3997,21.5055
25-50:0166,25-50,40.59,fastest,0.0,town_off,63.3183,48.0847,2.563,7.1725,26.1567,0.0,46.997,21.4937,3.0253,19.725
25-50:0166,25-50,40.59,scenic,0.5,town_off,50.2789,58.4101,4.2188,1.4779,13.7677,0.0,34.0854,9.8701,2.3997,21.5055
25-50:0167,25-50,47.847,fastest,0.0,shipped,86.7717,60.4901,2.3032,0.7787,32.9223,0.0,59.5961,62.1742,0.0,33.2613
25-50:0167,25-50,47.847,scenic,0.5,shipped,56.7819,70.9778,5.146,13.5077,29.7228,0.0,47.5136,39.2527,0.0,26.3924
25-50:0167,25-50,47.847,fastest,0.0,town_off,86.7717,60.4901,2.3782,0.3894,32.9223,0.0,59.5961,62.1742,0.0,33.2613
25-50:0167,25-50,47.847,scenic,0.5,town_off,56.7819,70.9778,5.1253,14.5164,29.7228,0.0,47.5136,39.2527,0.0,26.3924
25-50:0168,25-50,41.895,fastest,0.0,shipped,50.9066,54.0759,6.4992,24.3932,27.5192,0.0,46.1515,48.1005,0.0,25.2024
25-50:0168,25-50,41.895,scenic,0.5,shipped,49.4951,54.637,7.5501,35.5111,37.0713,0.0,47.5023,48.9434,0.0,25.5111
25-50:0168,25-50,41.895,fastest,0.0,town_off,50.9066,54.0759,6.5997,22.5197,27.5192,0.0,46.1515,48.1005,0.0,25.2024
25-50:0168,25-50,41.895,scenic,0.5,town_off,49.4951,54.637,7.7647,34.4119,37.0713,0.0,47.5023,48.9434,0.0,25.5111
25-50:0169,25-50,38.011,fastest,0.0,shipped,43.7362,29.0242,1.1406,0.3799,15.6265,0.0,25.8478,23.6122,1.464,9.7736
25-50:0169,25-50,38.011,scenic,0.5,shipped,41.4598,48.8043,4.3091,2.3543,18.1795,0.0,20.081,24.2211,0.5086,16.0627
25-50:0169,25-50,38.011,fastest,0.0,town_off,43.7362,29.0242,1.1683,0.6497,15.6265,0.0,25.8478,23.6122,1.464,9.7736
25-50:0169,25-50,38.011,scenic,0.5,town_off,45.8936,53.3888,5.3545,11.8232,25.1829,0.0,32.2511,28.0834,6.5382,13.8182
25-50:0170,25-50,42.789,fastest,0.0,shipped,63.7812,49.3421,2.3239,3.4146,24.9533,0.0,38.3886,27.929,0.9507,24.6048
25-50:0170,25-50,42.789,scenic,0.5,shipped,50.6186,65.2871,5.8544,12.3105,30.9322,0.0,42.1333,13.9871,0.0,17.0539
25-50:0170,25-50,42.789,fastest,0.0,town_off,63.7812,49.3421,2.3573,4.9117,24.9533,0.0,38.3886,27.929,0.9507,24.6048
25-50:0170,25-50,42.789,scenic,0.5,town_off,50.6186,65.2871,5.9929,17.1754,30.9322,0.0,42.1333,13.9871,0.0,17.0539
25-50:0171,25-50,41.385,fastest,0.0,shipped,81.0164,60.7685,1.9374,1.8467,29.7198,14.8784,39.5155,7.8781,0.0,44.2348
25-50:0171,25-50,41.385,scenic,0.5,shipped,68.6531,86.0238,4.5156,8.5682,25.8875,46.4224,27.9153,4.951,0.0,46.7527
25-50:0171,25-50,41.385,fastest,0.0,town_off,81.0164,60.7685,1.7573,2.7897,29.7198,14.8784,39.5155,7.8781,0.0,44.2348
25-50:0171,25-50,41.385,scenic,0.5,town_off,68.6751,86.0152,4.1644,7.834,25.8875,46.4444,27.9911,4.951,0.0,46.7527
25-50:0172,25-50,42.517,fastest,0.0,shipped,86.0465,52.9815,1.0213,3.1794,25.2548,0.0,67.7137,18.6268,1.679,29.4358
25-50:0172,25-50,42.517,scenic,0.5,shipped,49.0745,57.4311,4.9761,5.3154,15.1473,0.0,40.9922,9.6539,2.1435,21.1695
25-50:0172,25-50,42.517,fastest,0.0,town_off,86.0465,52.9815,1.0751,2.8739,25.2548,0.0,67.7137,18.6268,1.679,29.4358
25-50:0172,25-50,42.517,scenic,0.5,town_off,49.0745,57.4311,4.8424,5.2901,15.1473,0.0,40.9922,9.6539,2.1435,21.1695
25-50:0173,25-50,47.435,fastest,0.0,shipped,83.27,54.3536,1.7298,0.0599,32.2754,0.0,59.2808,36.6103,6.7895,15.7255
25-50:0173,25-50,47.435,scenic,0.5,shipped,61.4152,67.5767,5.0086,6.0437,33.3309,0.0,46.6156,37.0198,3.3198,25.9347
25-50:0173,25-50,47.435,fastest,0.0,town_off,83.27,54.3536,1.8587,3.3827,32.2754,0.0,59.2808,36.6103,6.7895,15.7255
25-50:0173,25-50,47.435,scenic,0.5,town_off,60.1113,69.2639,4.9873,3.9934,28.2033,0.0,46.7774,36.8622,3.3198,21.4767
25-50:0174,25-50,31.778,fastest,0.0,shipped,52.699,43.4383,2.4908,1.7145,24.9697,0.0,33.1707,49.7605,1.5316,9.7092
25-50:0174,25-50,31.778,scenic,0.5,shipped,41.6889,55.8957,5.9593,17.6373,19.6384,0.0,35.3604,39.5141,1.5316,13.8892
25-50:0174,25-50,31.778,fastest,0.0,town_off,52.699,43.4383,2.785,3.3226,24.9697,0.0,33.1707,49.7605,1.5316,9.7092
25-50:0174,25-50,31.778,scenic,0.5,town_off,41.6889,55.8957,6.1052,15.1337,19.6384,0.0,35.3604,39.5141,1.5316,13.8892
25-50:0175,25-50,39.405,fastest,0.0,shipped,64.13,39.5856,1.3383,0.4355,12.8286,0.0,54.5162,35.3966,0.5073,22.7379
25-50:0175,25-50,39.405,scenic,0.5,shipped,50.1902,62.5841,5.2904,6.113,12.2426,0.0,45.2723,24.7647,6.4293,18.4258
25-50:0175,25-50,39.405,fastest,0.0,town_off,64.13,39.5856,1.4308,0.0,12.8286,0.0,54.5162,35.3966,0.5073,22.7379
25-50:0175,25-50,39.405,scenic,0.5,town_off,50.1593,62.6129,5.3084,10.533,12.2426,0.0,45.2723,24.7647,6.4293,18.3949
25-50:0176,25-50,42.629,fastest,0.0,shipped,100.3042,77.0341,2.0458,4.8256,18.3889,23.583,88.8757,4.9703,0.0,23.0988
25-50:0176,25-50,42.629,scenic,0.5,shipped,100.4923,109.4118,5.7209,26.0923,30.5132,41.5962,87.9456,4.5356,1.7966,55.0246
25-50:0176,25-50,42.629,fastest,0.0,town_off,100.3042,77.0341,2.1028,5.7233,18.3889,23.583,88.8757,4.9703,0.0,23.0988
25-50:0176,25-50,42.629,scenic,0.5,town_off,100.4923,109.4118,5.5206,23.0977,30.5132,41.5962,87.9456,4.5356,1.7966,55.0246
25-50:0177,25-50,49.954,fastest,0.0,shipped,69.0568,44.0079,0.6374,0.2755,15.0006,0.0,47.3296,0.0,0.0,13.5263
25-50:0177,25-50,49.954,scenic,0.5,shipped,60.1819,77.0818,4.8845,5.3701,23.5249,0.0,48.1768,0.2953,7.5958,27.863
25-50:0177,25-50,49.954,fastest,0.0,town_off,69.0568,44.0079,0.6462,0.2755,15.0006,0.0,47.3296,0.0,0.0,13.5263
25-50:0177,25-50,49.954,scenic,0.5,town_off,59.7223,76.4153,4.6178,2.3737,20.7335,0.0,47.7172,0.2953,7.5958,25.4884
25-50:0178,25-50,39.657,fastest,0.0,shipped,58.3911,41.6806,1.9849,3.9615,24.3729,13.8011,31.6679,11.2269,0.0,23.0133
25-50:0178,25-50,39.657,scenic,0.5,shipped,48.8668,63.3657,6.0401,15.9481,19.1738,41.2962,26.3579,2.9566,0.0,37.1194
25-50:0178,25-50,39.657,fastest,0.0,town_off,58.3911,41.6806,1.9752,3.1406,24.3729,13.8011,31.6679,11.2269,0.0,23.0133
25-50:0178,25-50,39.657,scenic,0.5,town_off,48.8888,63.3571,5.6287,14.9348,19.1738,41.3182,26.4337,2.9566,0.0,37.1194
25-50:0179,25-50,32.041,fastest,0.0,shipped,36.1711,34.2895,4.6547,5.2926,17.064,0.0,19.5421,17.7191,0.4622,19.9368
25-50:0179,25-50,32.041,scenic,0.5,shipped,35.7666,34.3728,4.8163,5.2926,17.064,0.0,20.5331,17.5689,1.0978,20.1642
25-50:0179,25-50,32.041,fastest,0.0,town_off,36.1711,34.2895,4.4026,3.4859,17.064,0.0,19.5421,17.7191,0.4622,19.9368
25-50:0179,25-50,32.041,scenic,0.5,town_off,39.4514,44.1022,6.5846,16.9413,29.9584,0.0,29.5699,26.3214,6.7874,17.3244
25-50:0180,25-50,44.569,fastest,0.0,shipped,98.1282,75.4519,2.0833,4.7152,20.4224,23.5908,88.9678,3.9687,1.9634,18.2073
25-50:0180,25-50,44.569,scenic,0.5,shipped,96.5745,106.9494,5.8911,24.5646,28.5922,41.5611,85.0894,3.8272,1.7966,49.8577
25-50:0180,25-50,44.569,fastest,0.0,town_off,98.1282,75.4519,2.2001,5.6466,20.4224,23.5908,88.9678,3.9687,1.9634,18.2073
25-50:0180,25-50,44.569,scenic,0.5,town_off,96.5745,106.9494,5.7501,22.5258,28.5922,41.5611,85.0894,3.8272,1.7966,49.8577
25-50:0181,25-50,48.11,fastest,0.0,shipped,68.3663,51.7483,2.6163,0.5212,33.2725,0.0,44.3258,49.8464,0.7217,34.3814
25-50:0181,25-50,48.11,scenic,0.5,shipped,57.6502,77.0051,5.6505,11.946,21.1798,0.0,45.1479,42.2753,0.0,22.3254
25-50:0181,25-50,48.11,fastest,0.0,town_off,68.3663,51.7483,2.5623,0.0,33.2725,0.0,44.3258,49.8464,0.7217,34.3814
25-50:0181,25-50,48.11,scenic,0.5,town_off,57.4322,77.1741,5.6567,11.1743,20.9618,0.0,45.1023,43.0102,0.0,21.4753
25-50:0182,25-50,25.08,fastest,0.0,shipped,41.038,39.6243,3.2514,1.806,15.1076,11.3292,29.8865,17.9815,0.0,23.1232
25-50:0182,25-50,25.08,scenic,0.5,shipped,33.147,46.6241,6.3752,16.0683,14.0261,0.0894,32.4841,21.1916,0.0,7.8495
25-50:0182,25-50,25.08,fastest,0.0,town_off,41.038,39.6243,3.0737,1.9035,15.1076,11.3292,29.8865,17.9815,0.0,23.1232
25-50:0182,25-50,25.08,scenic,0.5,town_off,33.147,46.6241,6.5999,15.1108,14.0261,0.0894,32.4841,21.1916,0.0,7.8495
25-50:0183,25-50,41.704,fastest,0.0,shipped,58.5716,45.3384,3.3883,4.5009,21.2839,0.0,56.8375,42.4082,3.351,16.6495
25-50:0183,25-50,41.704,scenic,0.5,shipped,57.3097,65.2673,6.3804,18.6485,35.7001,0.0,55.169,34.8328,9.2731,24.2008
25-50:0183,25-50,41.704,fastest,0.0,town_off,58.5716,45.3384,3.626,6.9204,21.2839,0.0,56.8375,42.4082,3.351,16.6495
25-50:0183,25-50,41.704,scenic,0.5,town_off,57.527,65.3293,6.586,22.6757,35.7153,0.0,55.6037,35.4973,10.2129,23.1691
25-50:0184,25-50,37.764,fastest,0.0,shipped,72.8833,53.3523,1.5532,3.1595,16.7719,2.1382,51.5311,0.0,0.0,19.2436
25-50:0184,25-50,37.764,scenic,0.5,shipped,72.6246,88.6729,5.6738,16.896,31.7937,31.7823,47.9526,1.3281,0.0,48.6421
25-50:0184,25-50,37.764,fastest,0.0,town_off,72.8833,53.3523,1.5708,3.3131,16.7719,2.1382,51.5311,0.0,0.0,19.2436
25-50:0184,25-50,37.764,scenic,0.5,town_off,71.5713,89.5217,5.3858,14.5342,36.8777,26.8296,44.15,1.3719,0.0,41.6981
25-50:0185,25-50,31.696,fastest,0.0,shipped,38.7832,42.7145,5.5433,7.418,16.7934,0.0,35.0481,24.9278,1.7439,9.8909
25-50:0185,25-50,31.696,scenic,0.5,shipped,42.0193,43.706,6.2026,15.8028,28.5062,0.0,37.1201,27.2554,1.7439,17.8101
25-50:0185,25-50,31.696,fastest,0.0,town_off,38.7832,42.7145,5.7779,5.8769,16.7934,0.0,35.0481,24.9278,1.7439,9.8909
25-50:0185,25-50,31.696,scenic,0.5,town_off,42.0193,43.706,6.2879,14.2992,28.5062,0.0,37.1201,27.2554,1.7439,17.8101
25-50:0186,25-50,47.321,fastest,0.0,shipped,89.7076,69.2125,2.18,7.106,29.016,27.4362,41.4434,7.9434,0.0,49.2145
25-50:0186,25-50,47.321,scenic,0.5,shipped,78.6208,87.1911,3.869,11.3135,28.7146,34.5413,33.5365,11.3958,0.0,41.7799
25-50:0186,25-50,47.321,fastest,0.0,town_off,89.7076,69.2125,1.9209,4.96,29.016,27.4362,41.4434,7.9434,0.0,49.2145
25-50:0186,25-50,47.321,scenic,0.5,town_off,78.6208,87.1911,3.6876,11.0745,28.7146,34.5413,33.5365,11.3958,0.0,41.7799
25-50:0187,25-50,33.916,fastest,0.0,shipped,43.2934,34.9364,1.8305,0.978,11.6937,0.0,24.7638,7.5771,0.2861,10.9494
25-50:0187,25-50,33.916,scenic,0.5,shipped,39.0171,40.5735,3.2055,1.4211,15.3642,0.0,23.4995,8.7758,1.7499,10.7977
25-50:0187,25-50,33.916,fastest,0.0,town_off,43.2934,34.9364,1.7909,0.6808,11.6937,0.0,24.7638,7.5771,0.2861,10.9494
25-50:0187,25-50,33.916,scenic,0.5,town_off,39.1364,40.4009,3.2559,1.1946,15.569,0.0,24.037,8.7758,1.7499,10.9171
25-50:0188,25-50,47.003,fastest,0.0,shipped,94.309,60.6578,1.357,6.0246,32.9723,9.4195,75.4905,7.9584,0.6463,24.493
25-50:0188,25-50,47.003,scenic,0.5,shipped,80.1979,95.6324,6.3925,32.2229,55.5757,35.7287,55.3731,4.7582,6.1431,35.6927
25-50:0188,25-50,47.003,fastest,0.0,town_off,94.309,60.6578,1.3998,5.7417,32.9723,9.4195,75.4905,7.9584,0.6463,24.493
25-50:0188,25-50,47.003,scenic,0.5,town_off,79.2097,94.8327,6.3244,32.012,53.5035,32.5927,53.5599,4.7582,6.1431,32.8235
25-50:0189,25-50,29.654,fastest,0.0,shipped,45.3335,42.8769,1.993,0.9622,6.8158,0.0,29.3633,0.0,0.0,20.8989
25-50:0189,25-50,29.654,scenic,0.5,shipped,35.3913,47.681,5.0097,3.262,15.1748,0.0,26.5585,0.2165,2.7122,21.5766
25-50:0189,25-50,29.654,fastest,0.0,town_off,45.3335,42.8769,1.7887,0.7493,6.8158,0.0,29.3633,0.0,0.0,20.8989
25-50:0189,25-50,29.654,scenic,0.5,town_off,35.3913,47.681,4.5397,3.2168,15.1748,0.0,26.5585,0.2165,2.7122,21.5766
25-50:0190,25-50,28.946,fastest,0.0,shipped,46.2933,41.3795,2.5855,1.995,21.068,0.0,35.0765,25.3573,0.0,17.553
25-50:0190,25-50,28.946,scenic,0.5,shipped,46.7401,57.2008,6.9787,24.1914,36.9356,3.2447,38.3278,33.8933,0.7347,26.0042
25-50:0190,25-50,28.946,fastest,0.0,town_off,46.2933,41.3795,2.5788,1.9373,21.068,0.0,35.0765,25.3573,0.0,17.553
25-50:0190,25-50,28.946,scenic,0.5,town_off,43.3734,54.2128,6.6211,18.79,26.2546,0.0,38.6607,30.1791,0.7347,13.7867
25-50:0191,25-50,49.731,fastest,0.0,shipped,67.7668,55.4377,2.4961,4.0532,27.4297,0.0,42.5131,3.0006,3.6681,27.0859
25-50:0191,25-50,49.731,scenic,0.5,shipped,62.1274,79.6787,5.4967,12.768,28.4573,0.0,51.7897,3.5323,4.0994,36.3672
25-50:0191,25-50,49.731,fastest,0.0,town_off,67.7668,55.4377,2.4023,2.898,27.4297,0.0,42.5131,3.0006,3.6681,27.0859
25-50:0191,25-50,49.731,scenic,0.5,town_off,62.1274,79.6787,5.1234,9.1548,28.4573,0.0,51.7897,3.5323,4.0994,36.3672
25-50:0192,25-50,38.422,fastest,0.0,shipped,52.7649,39.606,1.5461,0.1861,12.9931,0.0,36.7662,0.0,0.467,27.9059
25-50:0192,25-50,38.422,scenic,0.5,shipped,43.6698,54.5703,4.2169,2.6318,11.1173,0.0,32.4801,0.0,3.0522,21.7437
25-50:0192,25-50,38.422,fastest,0.0,town_off,52.7649,39.606,1.3614,0.0,12.9931,0.0,36.7662,0.0,0.467,27.9059
25-50:0192,25-50,38.422,scenic,0.5,town_off,44.4407,54.5439,3.9818,1.9459,11.799,0.0,33.5815,0.0,3.0522,21.2512
25-50:0193,25-50,42.63,fastest,0.0,shipped,58.4703,40.8928,2.0287,2.5923,24.5101,0.0,49.5636,25.8597,0.0,16.7825
25-50:0193,25-50,42.63,scenic,0.5,shipped,50.0758,63.0595,5.6212,9.8655,22.6929,0.0,42.7066,13.9015,0.0,16.8745
25-50:0193,25-50,42.63,fastest,0.0,town_off,58.4703,40.8928,2.1731,2.199,24.5101,0.0,49.5636,25.8597,0.0,16.7825
25-50:0193,25-50,42.63,scenic,0.5,town_off,49.509,62.6092,5.6433,10.3439,19.8226,0.0,42.1956,13.9784,1.0602,15.1795
25-50:0194,25-50,35.712,fastest,0.0,shipped,43.2857,36.5453,4.4293,2.0902,25.9841,0.0,34.3671,40.3618,0.666,11.2985
25-50:0194,25-50,35.712,scenic,0.5,shipped,41.8467,40.2611,5.8388,6.5566,29.9231,0.0,28.2058,38.0396,0.666,14.3331
25-50:0194,25-50,35.712,fastest,0.0,town_off,43.2857,36.5453,4.6612,5.7243,25.9841,0.0,34.3671,40.3618,0.666,11.2985
25-50:0194,25-50,35.712,scenic,0.5,town_off,41.8467,40.2611,6.0514,11.7027,29.9231,0.0,28.2058,38.0396,0.666,14.3331
25-50:0195,25-50,39.825,fastest,0.0,shipped,54.4557,46.0593,2.2799,0.977,19.6589,0.0,44.9501,0.0,4.6679,18.5891
25-50:0195,25-50,39.825,scenic,0.5,shipped,47.9729,51.9587,3.8337,1.4091,16.1073,0.0,39.7295,0.0,6.81,23.535
25-50:0195,25-50,39.825,fastest,0.0,town_off,54.4557,46.0593,2.2301,0.5726,19.6589,0.0,44.9501,0.0,4.6679,18.5891
25-50:0195,25-50,39.825,scenic,0.5,town_off,47.9729,51.9587,3.6176,2.3426,16.1073,0.0,39.7295,0.0,6.81,23.535
25-50:0196,25-50,46.398,fastest,0.0,shipped,62.4937,50.4706,2.1671,3.5248,22.7219,4.2434,46.5138,0.0,4.6506,18.3171
25-50:0196,25-50,46.398,scenic,0.5,shipped,54.9885,66.8095,4.3853,1.3348,13.1485,3.0618,43.294,0.0,8.7962,22.5751
25-50:0196,25-50,46.398,fastest,0.0,town_off,62.4937,50.4706,2.1626,1.7099,22.7219,4.2434,46.5138,0.0,4.6506,18.3171
25-50:0196,25-50,46.398,scenic,0.5,town_off,54.9885,66.8095,4.2155,1.4778,13.1485,3.0618,43.294,0.0,8.7962,22.5751
25-50:0197,25-50,35.481,fastest,0.0,shipped,74.9597,79.754,5.8621,15.5208,35.8577,0.0,69.0075,44.8617,3.4051,27.3399
25-50:0197,25-50,35.481,scenic,0.5,shipped,75.0426,79.7726,5.8756,15.6107,35.9406,0.0,69.3768,44.9445,3.4051,27.4227
25-50:0197,25-50,35.481,fastest,0.0,town_off,74.9597,79.754,5.9703,17.1261,35.8577,0.0,69.0075,44.8617,3.4051,27.3399
25-50:0197,25-50,35.481,scenic,0.5,town_off,74.6325,80.7783,6.0639,18.9548,37.5643,0.0,69.0511,43.6772,3.4051,26.4045
25-50:0199,25-50,47.357,fastest,0.0,shipped,69.8655,46.8833,1.4121,2.8306,24.4802,14.8784,39.9656,7.0086,0.0,34.6944
25-50:0199,25-50,47.357,scenic,0.5,shipped,62.7044,75.925,4.001,5.8486,19.7986,23.3436,27.2584,2.633,0.9772,36.2009
25-50:0199,25-50,47.357,fastest,0.0,town_off,69.8655,46.8833,1.254,1.5998,24.4802,14.8784,39.9656,7.0086,0.0,34.6944
25-50:0199,25-50,47.357,scenic,0.5,town_off,62.4102,75.4134,3.5576,4.4782,19.7683,23.3436,25.2963,2.633,0.9772,35.9067
25-50:0200,25-50,44.117,fastest,0.0,shipped,56.2292,43.3988,2.9143,4.7564,13.7153,0.0,51.2237,19.9721,7.4353,19.0001
25-50:0200,25-50,44.117,scenic,0.5,shipped,48.9542,59.148,4.8227,3.0342,12.7497,0.0,40.0075,13.3458,6.2531,27.4796
25-50:0200,25-50,44.117,fastest,0.0,town_off,56.2292,43.3988,2.9326,6.4414,13.7153,0.0,51.2237,19.9721,7.4353,19.0001
25-50:0200,25-50,44.117,scenic,0.5,town_off,48.9542,59.148,4.5055,3.0592,12.7497,0.0,40.0075,13.3458,6.2531,27.4796
25-50:0201,25-50,45.327,fastest,0.0,shipped,62.2348,57.2204,3.4369,4.6092,17.5936,0.0,60.336,15.912,5.6003,25.4772
25-50:0201,25-50,45.327,scenic,0.5,shipped,61.1491,77.045,6.4718,22.9477,32.6834,0.0,55.8367,18.217,6.1116,37.0781
25-50:0201,25-50,45.327,fastest,0.0,town_off,62.2348,57.2204,3.304,5.9669,17.5936,0.0,60.336,15.912,5.6003,25.4772
25-50:0201,25-50,45.327,scenic,0.5,town_off,57.9652,74.7364,6.1231,13.5901,22.224,0.0,54.2693,11.8901,10.598,23.0154
25-50:0202,25-50,30.667,fastest,0.0,shipped,36.9656,24.988,1.1459,0.7092,11.8576,2.5394,18.0603,3.931,1.1503,10.8985
25-50:0202,25-50,30.667,scenic,0.5,shipped,33.1903,42.165,4.3788,4.2269,16.5167,1.794,14.8855,3.3302,1.6746,20.4811
25-50:0202,25-50,30.667,fastest,0.0,town_off,36.9656,24.988,1.1853,0.4233,11.8576,2.5394,18.0603,3.931,1.1503,10.8985
25-50:0202,25-50,30.667,scenic,0.5,town_off,33.3794,31.8708,2.5823,0.5694,13.8274,1.794,17.5337,3.931,1.6746,10.8171
25-50:0203,25-50,42.289,fastest,0.0,shipped,60.4889,39.1929,1.0722,0.0,21.4487,0.0,48.1996,8.9273,0.0,14.4266
25-50:0203,25-50,42.289,scenic,0.5,shipped,53.6837,70.4231,5.5563,8.209,14.1737,0.0,49.7136,9.4597,2.3084,19.5951
25-50:0203,25-50,42.289,fastest,0.0,town_off,60.4889,39.1929,1.1669,0.0,21.4487,0.0,48.1996,8.9273,0.0,14.4266
25-50:0203,25-50,42.289,scenic,0.5,town_off,53.921,70.0514,5.5738,10.3824,15.7177,0.0,49.9279,9.4842,2.3084,18.7808
25-50:0204,25-50,38.505,fastest,0.0,shipped,51.2289,47.8679,2.6688,0.8161,8.9492,0.0,42.1562,4.28,1.2061,14.5723
25-50:0204,25-50,38.505,scenic,0.5,shipped,44.5458,55.8339,4.7024,2.6845,13.702,0.0,35.5606,1.8364,0.0,23.2957
25-50:0204,25-50,38.505,fastest,0.0,town_off,51.2289,47.8679,2.689,2.5846,8.9492,0.0,42.1562,4.28,1.2061,14.5723
25-50:0204,25-50,38.505,scenic,0.5,town_off,47.1049,58.2841,5.0065,8.156,19.2529,0.0,39.8849,2.1524,0.7039,18.9507
25-50:0205,25-50,44.831,fastest,0.0,shipped,60.9489,39.2803,1.1569,2.3322,23.0268,9.568,30.7976,0.4468,1.0798,16.6322
25-50:0205,25-50,44.831,scenic,0.5,shipped,60.6981,71.8281,5.0824,6.4378,23.4623,4.4515,44.5888,7.2178,6.1721,26.6932
25-50:0205,25-50,44.831,fastest,0.0,town_off,60.9489,39.2803,1.1446,1.5916,23.0268,9.568,30.7976,0.4468,1.0798,16.6322
25-50:0205,25-50,44.831,scenic,0.5,town_off,59.4139,73.6972,5.0029,6.3851,26.7872,4.4515,44.059,9.0763,2.6002,25.9986
25-50:0206,25-50,27.601,fastest,0.0,shipped,72.0567,45.678,1.6857,3.5911,18.0385,0.0,53.3384,66.1646,0.0,15.3709
25-50:0206,25-50,27.601,scenic,0.5,shipped,44.2114,54.2711,6.5683,17.1796,34.9515,0.0,35.2086,38.8142,1.5744,21.0096
25-50:0206,25-50,27.601,fastest,0.0,town_off,72.0567,45.678,1.7561,5.4941,18.0385,0.0,53.3384,66.1646,0.0,15.3709
25-50:0206,25-50,27.601,scenic,0.5,town_off,44.2114,54.2711,6.6778,20.6655,34.9515,0.0,35.2086,38.8142,1.5744,21.0096
25-50:0207,25-50,39.045,fastest,0.0,shipped,61.4813,78.2062,5.4308,11.402,20.1992,0.0,58.1431,54.5125,2.3479,15.4453
25-50:0207,25-50,39.045,scenic,0.5,shipped,72.2918,82.0779,7.2445,39.3221,41.51,0.0,67.7398,61.8632,1.475,30.1335
25-50:0207,25-50,39.045,fastest,0.0,town_off,61.4813,78.2062,5.6813,15.8332,20.1992,0.0,58.1431,54.5125,2.3479,15.4453
25-50:0207,25-50,39.045,scenic,0.5,town_off,71.4429,81.3152,7.3564,39.8163,45.0664,0.0,66.8346,64.2695,1.475,19.4119
25-50:0208,25-50,44.763,fastest,0.0,shipped,69.7023,47.1042,1.252,0.0,23.581,5.5137,51.2527,0.0,3.8537,23.3367
25-50:0208,25-50,44.763,scenic,0.5,shipped,53.6959,66.3959,5.0402,5.2568,22.963,6.2363,41.6187,0.5803,8.0077,31.2359
25-50:0208,25-50,44.763,fastest,0.0,town_off,69.7023,47.1042,1.2051,0.0,23.581,5.5137,51.2527,0.0,3.8537,23.3367
25-50:0208,25-50,44.763,scenic,0.5,town_off,52.002,64.0071,4.3799,2.6086,14.8656,2.3837,42.8393,0.0,9.4811,19.1601
25-50:0209,25-50,48.734,fastest,0.0,shipped,61.7245,55.5003,3.353,5.3839,19.1862,1.3741,52.0822,19.0746,2.0792,30.116
25-50:0209,25-50,48.734,scenic,0.5,shipped,56.7339,72.2794,5.7522,8.3739,18.2788,1.3741,48.5473,18.2319,14.6806,15.8021
25-50:0209,25-50,48.734,fastest,0.0,town_off,61.7245,55.5003,3.1184,3.9428,19.1862,1.3741,52.0822,19.0746,2.0792,30.116
25-50:0209,25-50,48.734,scenic,0.5,town_off,56.7339,72.2794,5.8741,12.8814,18.2788,1.3741,48.5473,18.2319,14.6806,15.8021
25-50:0210,25-50,42.053,fastest,0.0,shipped,68.5495,45.1652,1.3215,2.1014,20.7181,0.0,50.7281,48.3892,0.0,20.9758
25-50:0210,25-50,42.053,scenic,0.5,shipped,50.669,61.692,5.8602,14.3924,23.9231,0.0,43.9506,37.1636,3.8978,15.7192
25-50:0210,25-50,42.053,fastest,0.0,town_off,68.5495,45.1652,1.3937,1.9893,20.7181,0.0,50.7281,48.3892,0.0,20.9758
25-50:0210,25-50,42.053,scenic,0.5,town_off,50.669,61.692,6.0177,15.7924,23.9231,0.0,43.9506,37.1636,3.8978,15.7192
25-50:0211,25-50,33.786,fastest,0.0,shipped,41.5844,37.1018,2.9212,2.6666,8.652,0.0,34.6277,13.7854,0.6896,18.5979
25-50:0211,25-50,33.786,scenic,0.5,shipped,37.7532,49.0728,5.4199,5.9568,9.5815,0.0,32.6167,23.3447,0.0,13.2662
25-50:0211,25-50,33.786,fastest,0.0,town_off,41.5844,37.1018,2.7624,1.7922,8.652,0.0,34.6277,13.7854,0.6896,18.5979
25-50:0211,25-50,33.786,scenic,0.5,town_off,39.984,52.407,6.2847,14.4812,19.9079,0.0,35.6352,24.3042,0.0,10.3555
25-50:0212,25-50,34.258,fastest,0.0,shipped,62.9327,49.0282,3.3246,8.5591,29.3741,0.0,58.8128,51.7193,0.5624,16.5527
25-50:0212,25-50,34.258,scenic,0.5,shipped,42.0985,51.7112,5.9231,12.5725,21.3029,0.0,36.5878,33.3602,3.8978,12.3051
25-50:0212,25-50,34.258,fastest,0.0,town_off,62.9327,49.0282,3.4705,9.4622,29.3741,0.0,58.8128,51.7193,0.5624,16.5527
25-50:0212,25-50,34.258,scenic,0.5,town_off,42.0985,51.7112,6.1243,14.2005,21.3029,0.0,36.5878,33.3602,3.8978,12.3051
25-50:0213,25-50,37.417,fastest,0.0,shipped,50.2321,46.2759,5.0597,6.0557,23.9954,0.0,39.6075,24.7054,5.6121,23.9137
25-50:0213,25-50,37.417,scenic,0.5,shipped,49.3282,47.069,5.072,5.94,22.3742,0.0,38.9819,23.8245,5.6121,24.4266
25-50:0213,25-50,37.417,fastest,0.0,town_off,50.2321,46.2759,4.9501,7.0178,23.9954,0.0,39.6075,24.7054,5.6121,23.9137
25-50:0213,25-50,37.417,scenic,0.5,town_off,49.3282,47.069,4.9444,7.0685,22.3742,0.0,38.9819,23.8245,5.6121,24.4266
25-50:0214,25-50,39.331,fastest,0.0,shipped,66.2639,45.438,1.9507,4.8783,20.1677,0.0,57.5649,37.252,0.0,22.6669
25-50:0214,25-50,39.331,scenic,0.5,shipped,50.2007,68.2024,6.1877,12.9604,21.4906,0.0,45.9995,29.897,2.559,33.1573
25-50:0214,25-50,39.331,fastest,0.0,town_off,66.2639,45.438,2.0315,4.6378,20.1677,0.0,57.5649,37.252,0.0,22.6669
25-50:0214,25-50,39.331,scenic,0.5,town_off,49.8056,64.2141,5.4112,10.5153,22.5343,0.0,45.635,28.8432,1.9483,28.4945
25-50:0215,25-50,39.892,fastest,0.0,shipped,57.1204,45.6843,1.4719,1.4768,9.8141,4.8933,36.4495,3.3007,0.0,28.6182
25-50:0215,25-50,39.892,scenic,0.5,shipped,48.9733,67.9411,4.9411,3.7891,12.3003,4.8244,31.8519,0.0,2.6215,33.3869
25-50:0215,25-50,39.892,fastest,0.0,town_off,57.1204,45.6843,1.2932,0.6355,9.8141,4.8933,36.4495,3.3007,0.0,28.6182
25-50:0215,25-50,39.892,scenic,0.5,town_off,54.3147,73.0955,5.6461,13.9028,16.4878,4.1754,45.7871,11.8963,3.9216,24.8791
25-50:0216,25-50,40.774,fastest,0.0,shipped,65.8736,45.1079,1.2156,0.1883,17.0493,8.5308,40.9271,0.4468,0.0,22.4502
25-50:0216,25-50,40.774,scenic,0.5,shipped,52.6273,64.6657,4.7472,4.5948,13.3335,0.0,44.9104,2.1538,3.6676,18.9496
25-50:0216,25-50,40.774,fastest,0.0,town_off,65.8736,45.1079,1.1282,0.1883,17.0493,8.5308,40.9271,0.4468,0.0,22.4502
25-50:0216,25-50,40.774,scenic,0.5,town_off,52.6273,64.6657,4.6667,3.6449,13.3335,0.0,44.9104,2.1538,3.6676,18.9496
25-50:0217,25-50,41.794,fastest,0.0,shipped,53.8484,43.8323,2.3332,1.2608,15.8851,0.0,46.8268,12.3438,1.2553,23.9866
25-50:0217,25-50,41.794,scenic,0.5,shipped,52.5682,70.4543,5.293,11.8657,19.2456,0.0,45.4926,9.6266,1.9767,27.08
25-50:0217,25-50,41.794,fastest,0.0,town_off,53.8484,43.8323,2.271,1.5878,15.8851,0.0,46.8268,12.3438,1.2553,23.9866
25-50:0217,25-50,41.794,scenic,0.5,town_off,54.3355,74.2963,5.7191,15.0931,18.644,0.0,47.8806,17.53,3.4884,18.3118
25-50:0218,25-50,37.0,fastest,0.0,shipped,65.7752,44.3768,1.2215,2.1288,12.8103,1.1933,54.0987,3.2313,0.6545,26.7365
25-50:0218,25-50,37.0,scenic,0.5,shipped,43.3851,54.5273,5.0062,3.7592,17.7779,1.1933,33.2874,0.0,3.6802,28.5448
25-50:0218,25-50,37.0,fastest,0.0,town_off,65.7752,44.3768,1.1304,1.9961,12.8103,1.1933,54.0987,3.2313,0.6545,26.7365
25-50:0218,25-50,37.0,scenic,0.5,town_off,43.3851,54.5273,4.4643,4.1051,17.7779,1.1933,33.2874,0.0,3.6802,28.5448
25-50:0219,25-50,35.049,fastest,0.0,shipped,40.0306,41.259,5.3656,11.6821,17.3931,0.0,38.4791,24.0597,0.0,19.004
25-50:0219,25-50,35.049,scenic,0.5,shipped,40.0306,41.259,5.3656,11.6821,17.3931,0.0,38.4791,24.0597,0.0,19.004
25-50:0219,25-50,35.049,fastest,0.0,town_off,40.0306,41.259,5.2775,12.7305,17.3931,0.0,38.4791,24.0597,0.0,19.004
25-50:0219,25-50,35.049,scenic,0.5,town_off,40.0306,41.259,5.2775,12.7305,17.3931,0.0,38.4791,24.0597,0.0,19.004
25-50:0220,25-50,42.998,fastest,0.0,shipped,63.5613,62.4724,3.8199,3.3899,23.1762,28.3072,42.1189,12.8178,0.0,13.8544
25-50:0220,25-50,42.998,scenic,0.5,shipped,62.627,67.33,4.5474,5.977,22.2056,30.785,39.0853,12.9583,0.0,14.2556
25-50:0220,25-50,42.998,fastest,0.0,town_off,63.5613,62.4724,4.0336,6.2536,23.1762,28.3072,42.1189,12.8178,0.0,13.8544
25-50:0220,25-50,42.998,scenic,0.5,town_off,64.0186,70.4507,5.1192,10.2014,22.5996,36.5817,42.1464,12.9583,0.0,12.8306
25-50:0221,25-50,43.837,fastest,0.0,shipped,74.7274,62.5478,3.8739,8.4582,35.8661,0.0,66.9765,63.3569,0.0,17.9383
25-50:0221,25-50,43.837,scenic,0.5,shipped,71.755,76.2753,5.6524,13.8428,38.948,0.0,66.1292,58.3032,0.0,15.9442
25-50:0221,25-50,43.837,fastest,0.0,town_off,74.7274,62.5478,4.2337,8.8082,35.8661,0.0,66.9765,63.3569,0.0,17.9383
25-50:0221,25-50,43.837,scenic,0.5,town_off,71.755,76.2753,6.0693,22.0999,38.948,0.0,66.1292,58.3032,0.0,15.9442
25-50:0222,25-50,46.722,fastest,0.0,shipped,64.2901,63.1265,4.4462,11.8719,16.2089,0.0,57.655,62.6932,0.0,14.0548
25-50:0222,25-50,46.722,scenic,0.5,shipped,60.4948,64.3351,6.5741,26.2926,32.4538,0.0,51.7649,56.9666,0.0,21.8896
25-50:0222,25-50,46.722,fastest,0.0,town_off,64.2901,63.1265,4.5669,11.3431,16.2089,0.0,57.655,62.6932,0.0,14.0548
25-50:0222,25-50,46.722,scenic,0.5,town_off,60.4948,64.3351,6.6571,24.8038,32.4538,0.0,51.7649,56.9666,0.0,21.8896
25-50:0223,25-50,38.831,fastest,0.0,shipped,70.0001,68.0408,4.9635,9.809,29.0939,0.0,61.6589,36.0583,0.609,26.6295
25-50:0223,25-50,38.831,scenic,0.5,shipped,68.3677,68.3608,5.2165,10.7324,31.286,0.0,61.2935,37.2331,0.609,27.4222
25-50:0223,25-50,38.831,fastest,0.0,town_off,70.0001,68.0408,4.9553,8.1253,29.0939,0.0,61.6589,36.0583,0.609,26.6295
25-50:0223,25-50,38.831,scenic,0.5,town_off,68.3677,68.3608,5.1876,8.7709,31.286,0.0,61.2935,37.2331,0.609,27.4222
25-50:0224,25-50,41.512,fastest,0.0,shipped,62.2012,49.393,1.7879,0.7612,21.4094,16.1533,25.2521,7.4798,0.0,36.9284
25-50:0224,25-50,41.512,scenic,0.5,shipped,57.532,69.5426,4.0237,5.2158,18.5955,31.654,22.9895,3.1043,0.0,36.6539
25-50:0224,25-50,41.512,fastest,0.0,town_off,62.2012,49.393,1.4916,0.0574,21.4094,16.1533,25.2521,7.4798,0.0,36.9284
25-50:0224,25-50,41.512,scenic,0.5,town_off,57.2171,69.3779,3.5919,5.0106,18.3302,31.7018,21.8381,2.6769,0.0,36.3537
25-50:0225,25-50,41.797,fastest,0.0,shipped,110.5126,80.985,2.0031,4.9316,40.0344,23.905,65.0322,14.3274,0.6844,55.0866
25-50:0225,25-50,41.797,scenic,0.5,shipped,86.7045,108.3997,5.4235,27.6289,32.8991,69.6207,43.56,6.0222,0.0,57.3185
25-50:0225,25-50,41.797,fastest,0.0,town_off,110.5126,80.985,1.8698,3.7557,40.0344,23.905,65.0322,14.3274,0.6844,55.0866
25-50:0225,25-50,41.797,scenic,0.5,town_off,86.7265,108.3911,5.1818,26.1595,32.8991,69.6426,43.6358,6.0222,0.0,57.3185
25-50:0226,25-50,31.931,fastest,0.0,shipped,39.2335,45.5636,5.5673,11.401,11.4792,0.0,37.7707,20.6654,3.3938,19.2769
25-50:0226,25-50,31.931,scenic,0.5,shipped,37.8664,47.0364,6.1572,11.6885,13.5234,0.0,35.9856,19.1498,3.3938,17.6112
25-50:0226,25-50,31.931,fastest,0.0,town_off,39.2335,45.5636,5.5564,8.5864,11.4792,0.0,37.7707,20.6654,3.3938,19.2769
25-50:0226,25-50,31.931,scenic,0.5,town_off,37.8664,47.0364,6.1636,9.3055,13.5234,0.0,35.9856,19.1498,3.3938,17.6112
25-50:0227,25-50,36.238,fastest,0.0,shipped,44.8362,40.5463,1.9887,0.7549,17.9894,5.1435,20.7253,4.9651,0.9399,17.6455
25-50:0227,25-50,36.238,scenic,0.5,shipped,44.4382,51.3275,4.7444,9.2773,20.5997,0.4042,40.7119,17.6145,4.0597,14.0326
25-50:0227,25-50,36.238,fastest,0.0,town_off,44.8362,40.5463,1.8605,1.0073,17.9894,5.1435,20.7253,4.9651,0.9399,17.6455
25-50:0227,25-50,36.238,scenic,0.5,town_off,44.4382,51.3275,4.9166,9.93,20.5997,0.4042,40.7119,17.6145,4.0597,14.0326
25-50:0228,25-50,40.92,fastest,0.0,shipped,51.8789,39.1524,2.2592,3.3813,23.3217,0.0,33.5772,26.978,0.0,11.5499
25-50:0228,25-50,40.92,scenic,0.5,shipped,44.6537,54.7581,4.7784,4.6786,15.0484,0.0,28.4638,24.2088,0.0,11.5637
25-50:0228,25-50,40.92,fastest,0.0,town_off,51.8789,39.1524,2.4226,5.039,23.3217,0.0,33.5772,26.978,0.0,11.5499
25-50:0228,25-50,40.92,scenic,0.5,town_off,44.7346,54.8487,4.8552,7.3496,15.0484,0.0,28.7996,24.2088,0.0,11.6836
25-50:0229,25-50,32.311,fastest,0.0,shipped,43.1508,35.2456,2.559,4.3564,8.8842,0.0,30.362,33.2265,0.0,19.7455
25-50:0229,25-50,32.311,scenic,0.5,shipped,43.8231,57.6347,5.759,9.165,15.9501,0.0,37.9192,34.6378,0.7347,16.1674
25-50:0229,25-50,32.311,fastest,0.0,town_off,43.1508,35.2456,2.4683,4.1705,8.8842,0.0,30.362,33.2265,0.0,19.7455
25-50:0229,25-50,32.311,scenic,0.5,town_off,43.9177,57.6085,5.8523,11.3884,16.0447,0.0,38.0138,34.7324,0.7347,16.064
25-50:0230,25-50,34.479,fastest,0.0,shipped,48.4211,53.2713,4.5742,7.4196,14.3462,0.0,35.017,39.1374,0.0,22.8483
25-50:0230,25-50,34.479,scenic,0.5,shipped,46.0223,53.7856,5.2752,7.2109,9.5076,0.0,39.1505,31.8418,0.0,15.4763
25-50:0230,25-50,34.479,fastest,0.0,town_off,48.4211,53.2713,4.4427,6.8238,14.3462,0.0,35.017,39.1374,0.0,22.8483
25-50:0230,25-50,34.479,scenic,0.5,town_off,46.0223,53.7856,5.3344,7.2278,9.5076,0.0,39.1505,31.8418,0.0,15.4763
25-50:0231,25-50,40.115,fastest,0.0,shipped,58.9917,42.0246,1.4384,1.0558,9.5516,0.0,40.1217,10.1558,0.583,20.114
25-50:0231,25-50,40.115,scenic,0.5,shipped,47.8462,59.7738,5.404,6.3955,18.6584,0.0,39.0207,8.3975,2.9624,30.2813
25-50:0231,25-50,40.115,fastest,0.0,town_off,58.9917,42.0246,1.3213,0.0,9.5516,0.0,40.1217,10.1558,0.583,20.114
25-50:0231,25-50,40.115,scenic,0.5,town_off,48.4526,59.8152,5.0122,4.8797,20.4409,0.0,39.6271,10.3774,2.9624,30.2813
25-50:0232,25-50,29.702,fastest,0.0,shipped,36.4663,46.5589,4.3685,1.2432,11.1579,0.0,24.2711,0.7858,0.0,20.7196
25-50:0232,25-50,29.702,scenic,0.5,shipped,38.229,50.0489,5.3265,4.8445,11.314,0.0,35.8777,2.7921,1.9243,23.2253
25-50:0232,25-50,29.702,fastest,0.0,town_off,36.4663,46.5589,3.9653,1.7686,11.1579,0.0,24.2711,0.7858,0.0,20.7196
25-50:0232,25-50,29.702,scenic,0.5,town_off,40.1991,52.1017,5.4423,6.6475,17.4258,0.0,38.4618,2.7921,0.4174,19.1208
25-50:0233,25-50,44.324,fastest,0.0,shipped,55.1211,49.0155,6.4007,21.8606,30.7154,0.0,48.1793,51.8825,1.5464,21.4965
25-50:0233,25-50,44.324,scenic,0.5,shipped,55.1211,49.0155,6.4007,21.8606,30.7154,0.0,48.1793,51.8825,1.5464,21.4965
25-50:0233,25-50,44.324,fastest,0.0,town_off,55.1211,49.0155,6.6282,23.714,30.7154,0.0,48.1793,51.8825,1.5464,21.4965
25-50:0233,25-50,44.324,scenic,0.5,town_off,55.1211,49.0155,6.6282,23.714,30.7154,0.0,48.1793,51.8825,1.5464,21.4965
25-50:0234,25-50,29.852,fastest,0.0,shipped,45.2139,40.5387,3.2018,7.168,19.2259,0.0,33.8617,9.4903,0.0,28.8968
25-50:0234,25-50,29.852,scenic,0.5,shipped,35.8671,42.0723,3.5754,1.6089,13.7923,0.0,25.8237,8.3647,0.0,24.1853
25-50:0234,25-50,29.852,fastest,0.0,town_off,45.2139,40.5387,2.7841,5.0326,19.2259,0.0,33.8617,9.4903,0.0,28.8968
25-50:0234,25-50,29.852,scenic,0.5,town_off,35.8671,42.0723,3.0733,2.4602,13.7923,0.0,25.8237,8.3647,0.0,24.1853
25-50:0235,25-50,44.578,fastest,0.0,shipped,54.2702,41.9039,5.0785,6.9462,15.6811,0.0,51.8812,46.3344,2.2163,12.8376
25-50:0235,25-50,44.578,scenic,0.5,shipped,54.5593,43.7853,5.3249,10.6816,18.4676,0.0,52.1703,44.263,2.2163,12.5328
25-50:0235,25-50,44.578,fastest,0.0,town_off,54.2702,41.9039,5.371,7.199,15.6811,0.0,51.8812,46.3344,2.2163,12.8376
25-50:0235,25-50,44.578,scenic,0.5,town_off,55.3615,47.5257,6.0325,16.9745,21.7237,0.0,54.5185,45.0651,2.2163,14.5408
25-50:0236,25-50,28.251,fastest,0.0,shipped,38.859,37.3122,6.3143,13.0397,17.7528,0.0,37.4403,26.3869,0.0,8.4477
25-50:0236,25-50,28.251,scenic,0.5,shipped,38.859,37.3122,6.3143,13.0397,17.7528,0.0,37.4403,26.3869,0.0,8.4477
25-50:0236,25-50,28.251,fastest,0.0,town_off,38.859,37.3122,6.553,15.3299,17.7528,0.0,37.4403,26.3869,0.0,8.4477
25-50:0236,25-50,28.251,scenic,0.5,town_off,38.859,37.3122,6.553,15.3299,17.7528,0.0,37.4403,26.3869,0.0,8.4477
25-50:0237,25-50,42.636,fastest,0.0,shipped,53.9893,54.7495,5.4178,7.7541,28.9974,0.0,41.4763,40.6439,2.1664,20.2681
25-50:0237,25-50,42.636,scenic,0.5,shipped,53.9893,54.7495,5.4178,7.7541,28.9974,0.0,41.4763,40.6439,2.1664,20.2681
25-50:0237,25-50,42.636,fastest,0.0,town_off,53.9893,54.7495,5.4763,6.0565,28.9974,0.0,41.4763,40.6439,2.1664,20.2681
25-50:0237,25-50,42.636,scenic,0.5,town_off,53.9959,54.7705,5.4802,6.3343,29.004,0.0,41.7615,40.8163,2.1664,20.2747
25-50:0238,25-50,46.933,fastest,0.0,shipped,77.1528,49.2551,0.6821,0.0,10.1125,0.0,59.2439,9.7641,1.2061,17.5088
25-50:0238,25-50,46.933,scenic,0.5,shipped,55.9414,70.7334,4.3023,3.8142,18.5837,0.0,38.4339,0.0,0.0,33.4061
25-50:0238,25-50,46.933,fastest,0.0,town_off,77.1528,49.2551,0.6811,0.5597,10.1125,0.0,59.2439,9.7641,1.2061,17.5088
25-50:0238,25-50,46.933,scenic,0.5,town_off,55.9414,70.7334,3.8466,2.8518,18.5837,0.0,38.4339,0.0,0.0,33.4061
25-50:0239,25-50,25.452,fastest,0.0,shipped,40.9131,35.7848,2.5576,1.3238,9.7657,0.0,27.8961,2.8318,0.6844,24.4665
25-50:0239,25-50,25.452,scenic,0.5,shipped,29.0727,40.8455,5.9204,9.5964,10.0076,16.4883,18.5691,3.8208,0.0,23.2146
25-50:0239,25-50,25.452,fastest,0.0,town_off,40.9131,35.7848,2.1806,0.6091,9.7657,0.0,27.8961,2.8318,0.6844,24.4665
25-50:0239,25-50,25.452,scenic,0.5,town_off,29.0727,40.8455,5.4662,7.429,10.0076,16.4883,18.5691,3.8208,0.0,23.2146
25-50:0240,25-50,28.472,fastest,0.0,shipped,35.5824,36.8786,5.5606,6.7258,14.5116,0.0,27.8586,19.3029,1.1645,17.054
25-50:0240,25-50,28.472,scenic,0.5,shipped,35.5824,36.8786,5.5606,6.7258,14.5116,0.0,27.8586,19.3029,1.1645,17.054
25-50:0240,25-50,28.472,fastest,0.0,town_off,35.5824,36.8786,5.4589,5.4459,14.5116,0.0,27.8586,19.3029,1.1645,17.054
25-50:0240,25-50,28.472,scenic,0.5,town_off,35.9625,37.3541,5.6031,6.0489,15.8991,0.0,29.5732,19.3029,1.1645,15.5566
25-50:0241,25-50,35.839,fastest,0.0,shipped,43.9691,35.3956,2.1443,1.3088,15.0405,0.0,27.9112,23.159,0.448,12.4275
25-50:0241,25-50,35.839,scenic,0.5,shipped,40.7585,49.7246,5.0798,8.3339,22.9205,0.0,23.1728,16.314,0.448,18.3808
25-50:0241,25-50,35.839,fastest,0.0,town_off,43.9691,35.3956,2.1627,0.432,15.0405,0.0,27.9112,23.159,0.448,12.4275
25-50:0241,25-50,35.839,scenic,0.5,town_off,40.7585,49.7246,4.9555,8.977,22.9205,0.0,23.1728,16.314,0.448,18.3808
25-50:0242,25-50,29.097,fastest,0.0,shipped,40.0758,37.8427,3.9222,5.4953,13.8625,0.0,33.3411,33.5856,0.0,14.0717
25-50:0242,25-50,29.097,scenic,0.5,shipped,36.3889,45.525,6.0966,10.2105,16.254,0.0,34.1437,33.4058,0.0,15.7688
25-50:0242,25-50,29.097,fastest,0.0,town_off,40.0758,37.8427,4.0676,7.2867,13.8625,0.0,33.3411,33.5856,0.0,14.0717
25-50:0242,25-50,29.097,scenic,0.5,town_off,36.3889,45.525,6.1178,9.5489,16.254,0.0,34.1437,33.4058,0.0,15.7688
25-50:0243,25-50,40.912,fastest,0.0,shipped,51.5617,46.5035,2.7723,1.1164,11.4333,0.0,47.6396,2.1724,0.0,16.8629
25-50:0243,25-50,40.912,scenic,0.5,shipped,47.78,59.5748,5.2678,5.6303,23.2784,0.0,42.0715,0.6272,1.8261,22.9366
25-50:0243,25-50,40.912,fastest,0.0,town_off,51.5617,46.5035,2.701,2.64,11.4333,0.0,47.6396,2.1724,0.0,16.8629
25-50:0243,25-50,40.912,scenic,0.5,town_off,47.78,59.5748,5.0808,6.689,23.2784,0.0,42.0715,0.6272,1.8261,22.9366
25-50:0244,25-50,48.566,fastest,0.0,shipped,63.0152,45.9536,1.5912,0.5787,16.9903,0.0,47.8672,1.0248,2.2658,21.9075
25-50:0244,25-50,48.566,scenic,0.5,shipped,57.421,66.8398,4.9556,4.7354,17.6154,0.0,47.2414,1.4349,4.8274,36.0086
25-50:0244,25-50,48.566,fastest,0.0,town_off,63.0152,45.9536,1.4634,0.4383,16.9903,0.0,47.8672,1.0248,2.2658,21.9075
25-50:0244,25-50,48.566,scenic,0.5,town_off,57.421,66.8398,4.5069,6.0093,17.6154,0.0,47.2414,1.4349,4.8274,36.0086
25-50:0245,25-50,48.499,fastest,0.0,shipped,65.5571,43.0087,1.1212,1.2845,24.2209,2.8307,51.1175,4.8186,2.4621,20.4365
25-50:0245,25-50,48.499,scenic,0.5,shipped,54.5801,66.808,5.1567,7.0727,17.6681,5.9873,44.3107,7.701,2.4795,25.3551
25-50:0245,25-50,48.499,fastest,0.0,town_off,65.5571,43.0087,1.0615,0.482,24.2209,2.8307,51.1175,4.8186,2.4621,20.4365
25-50:0245,25-50,48.499,scenic,0.5,town_off,54.5994,66.8108,4.8984,7.6137,17.6874,6.0067,44.33,7.701,2.4795,25.3551
25-50:0246,25-50,44.86,fastest,0.0,shipped,72.3983,63.2597,3.0128,5.7149,25.7385,0.0,60.8929,38.3173,5.0832,24.0775
25-50:0246,25-50,44.86,scenic,0.5,shipped,56.7341,65.4189,6.9321,31.0569,41.8138,0.0,47.7525,36.7073,5.6022,22.7191
25-50:0246,25-50,44.86,fastest,0.0,town_off,72.3983,63.2597,3.0993,6.9058,25.7385,0.0,60.8929,38.3173,5.0832,24.0775
25-50:0246,25-50,44.86,scenic,0.5,town_off,56.7341,65.4189,7.1255,31.9131,41.8138,0.0,47.7525,36.7073,5.6022,22.7191
25-50:0247,25-50,31.884,fastest,0.0,shipped,42.4889,50.7096,4.4788,2.1899,20.233,0.0,28.4026,7.5038,0.0,7.2855
25-50:0247,25-50,31.884,scenic,0.5,shipped,42.4889,50.7096,4.4788,2.1899,20.233,0.0,28.4026,7.5038,0.0,7.2855
25-50:0247,25-50,31.884,fastest,0.0,town_off,42.4889,50.7096,4.6616,1.5146,20.233,0.0,28.4026,7.5038,0.0,7.2855
25-50:0247,25-50,31.884,scenic,0.5,town_off,42.4889,50.7096,4.6616,1.5146,20.233,0.0,28.4026,7.5038,0.0,7.2855
25-50:0248,25-50,32.368,fastest,0.0,shipped,37.3379,34.0433,2.0296,1.2375,5.4249,3.5903,29.341,5.7705,0.7454,16.0468
25-50:0248,25-50,32.368,scenic,0.5,shipped,39.1029,54.3006,5.9039,12.6304,9.4017,2.8724,34.4861,17.3018,1.3,18.1592
25-50:0248,25-50,32.368,fastest,0.0,town_off,37.3379,34.0433,1.8182,0.4885,5.4249,3.5903,29.341,5.7705,0.7454,16.0468
25-50:0248,25-50,32.368,scenic,0.5,town_off,38.2058,42.6569,4.3609,10.2548,11.3824,2.8724,34.9894,13.6973,1.3,13.276
25-50:0249,25-50,45.601,fastest,0.0,shipped,71.1272,55.3762,4.5413,22.3961,40.2089,0.0,50.7289,50.8608,6.1957,17.5591
25-50:0249,25-50,45.601,scenic,0.5,shipped,64.6467,77.8574,7.239,37.579,35.807,0.0,57.6408,62.9772,5.3781,18.8918
25-50:0249,25-50,45.601,fastest,0.0,town_off,71.1272,55.3762,4.7455,23.3553,40.2089,0.0,50.7289,50.8608,6.1957,17.5591
25-50:0249,25-50,45.601,scenic,0.5,town_off,64.6467,77.8574,7.5056,34.6015,35.807,0.0,57.6408,62.9772,5.3781,18.8918
50-100:0000,50-100,60.998,fastest,0.0,shipped,76.0319,61.5079,3.6793,4.632,14.4434,0.0,71.5649,46.7043,4.3541,20.058
50-100:0000,50-100,60.998,scenic,0.5,shipped,75.2505,78.0633,5.5665,16.8132,25.1109,0.0,72.236,39.2194,9.4326,27.692
50-100:0000,50-100,60.998,fastest,0.0,town_off,76.0319,61.5079,3.874,3.8058,14.4434,0.0,71.5649,46.7043,4.3541,20.058
50-100:0000,50-100,60.998,scenic,0.5,town_off,75.2505,78.0633,5.678,17.3258,25.1109,0.0,72.236,39.2194,9.4326,27.692
50-100:0000,50-100,60.998,sweep,0.0,shipped,76.0319,61.5079,3.6793,4.632,14.4434,0.0,71.5649,46.7043,4.3541,20.058
50-100:0000,50-100,60.998,sweep,0.25,shipped,76.0319,61.5079,3.6793,4.632,14.4434,0.0,71.5649,46.7043,4.3541,20.058
50-100:0000,50-100,60.998,sweep,0.5,shipped,75.2505,78.0633,5.5665,16.8132,25.1109,0.0,72.236,39.2194,9.4326,27.692
50-100:0000,50-100,60.998,sweep,0.75,shipped,77.5297,86.6028,6.21,24.69,28.7797,0.0,72.1655,39.5597,10.9556,34.172
50-100:0000,50-100,60.998,sweep,1.0,shipped,77.5297,86.6028,6.21,24.69,28.7797,0.0,72.1655,39.5597,10.9556,34.172
50-100:0001,50-100,50.679,fastest,0.0,shipped,85.2127,52.0428,1.0328,1.7989,20.9401,8.1691,68.6172,7.4832,2.8531,12.0795
50-100:0001,50-100,50.679,scenic,0.5,shipped,71.0328,84.6828,5.3344,11.1774,25.0718,12.2147,53.9757,9.2049,8.1675,30.5501
50-100:0001,50-100,50.679,fastest,0.0,town_off,85.2127,52.0428,1.1582,5.1814,20.9401,8.1691,68.6172,7.4832,2.8531,12.0795
50-100:0001,50-100,50.679,scenic,0.5,town_off,69.8327,87.1252,5.3679,12.2069,28.2825,12.2147,54.1138,11.0634,7.31,30.2236
50-100:0001,50-100,50.679,sweep,0.0,shipped,85.2127,52.0428,1.0328,1.7989,20.9401,8.1691,68.6172,7.4832,2.8531,12.0795
50-100:0001,50-100,50.679,sweep,0.25,shipped,74.2937,59.0294,2.3536,4.0215,18.5225,8.1691,62.2,7.4832,4.5747,17.9486
50-100:0001,50-100,50.679,sweep,0.5,shipped,71.0328,84.6828,5.3344,11.1774,25.0718,12.2147,53.9757,9.2049,8.1675,30.5501
50-100:0001,50-100,50.679,sweep,0.75,shipped,71.4096,88.0512,5.5566,13.7984,29.941,18.3682,56.4568,11.1319,6.2665,35.5817
50-100:0001,50-100,50.679,sweep,1.0,shipped,71.6235,88.796,5.5833,15.0164,30.8717,18.5822,56.97,10.4152,6.2665,35.8373
50-100:0002,50-100,88.919,fastest,0.0,shipped,143.1267,91.08,1.2745,1.0297,33.4616,0.0,123.2271,87.538,0.0,22.243
50-100:0002,50-100,88.919,scenic,0.5,shipped,113.9497,136.4136,5.7938,31.4187,45.4654,0.0,100.7088,55.1519,5.565,39.2523
50-100:0002,50-100,88.919,fastest,0.0,town_off,143.1267,91.08,1.4451,0.9834,33.4616,0.0,123.2271,87.538,0.0,22.243
50-100:0002,50-100,88.919,scenic,0.5,town_off,113.9497,136.4136,5.8542,30.4975,45.4654,0.0,100.7088,55.1519,5.565,39.2523
50-100:0002,50-100,88.919,sweep,0.0,shipped,143.1267,91.08,1.2745,1.0297,33.4616,0.0,123.2271,87.538,0.0,22.243
50-100:0002,50-100,88.919,sweep,0.25,shipped,122.1424,102.226,2.7302,9.2107,41.2509,0.0,102.2865,77.0636,0.0,34.0313
50-100:0002,50-100,88.919,sweep,0.5,shipped,113.9497,136.4136,5.7938,31.4187,45.4654,0.0,100.7088,55.1519,5.565,39.2523
50-100:0002,50-100,88.919,sweep,0.75,shipped,112.0426,139.8455,5.809,32.0798,46.4114,0.0,98.6919,57.2347,4.6141,37.7172
50-100:0002,50-100,88.919,sweep,1.0,shipped,116.0324,151.0183,6.1005,33.5894,48.1509,0.0,107.3469,64.5593,5.1524,41.4309
50-100:0003,50-100,56.44,fastest,0.0,shipped,97.197,60.6411,1.2615,1.582,26.337,0.0,72.709,46.1885,6.6638,30.018
50-100:0003,50-100,56.44,scenic,0.5,shipped,69.339,84.2551,5.0333,12.0152,23.4846,0.0,52.535,29.66,2.3997,26.5581
50-100:0003,50-100,56.44,fastest,0.0,town_off,97.197,60.6411,1.3565,2.2857,26.337,0.0,72.709,46.1885,6.6638,30.018
50-100:0003,50-100,56.44,scenic,0.5,town_off,69.4821,85.0708,4.9871,12.2853,24.9618,0.0,52.6782,30.4933,2.3997,26.132
50-100:0003,50-100,56.44,sweep,0.0,shipped,97.197,60.6411,1.2615,1.582,26.337,0.0,72.709,46.1885,6.6638,30.018
50-100:0003,50-100,56.44,sweep,0.25,shipped,78.3268,66.6101,2.6539,1.7445,17.4119,0.0,49.8923,29.1155,1.7142,25.1187
50-100:0003,50-100,56.44,sweep,0.5,shipped,69.339,84.2551,5.0333,12.0152,23.4846,0.0,52.535,29.66,2.3997,26.5581
50-100:0003,50-100,56.44,sweep,0.75,shipped,71.4478,87.6172,5.3124,13.5288,27.885,0.0,56.6637,37.6054,3.8741,29.6761
50-100:0003,50-100,56.44,sweep,1.0,shipped,72.1004,89.8849,5.4064,16.3416,29.8716,0.0,58.0889,38.4387,3.8741,29.7594
50-100:0004,50-100,95.899,fastest,0.0,shipped,136.0281,98.2281,1.308,3.7466,29.4728,28.7906,95.1429,12.0617,6.6645,31.502
50-100:0004,50-100,95.899,scenic,0.5,shipped,127.4804,146.4977,4.5931,19.5577,38.0274,33.8531,86.2616,10.4107,10.51,63.6532
50-100:0004,50-100,95.899,fastest,0.0,town_off,136.0281,98.2281,1.3441,5.6068,29.4728,28.7906,95.1429,12.0617,6.6645,31.502
50-100:0004,50-100,95.899,scenic,0.5,town_off,130.399,148.1727,4.6239,19.3427,36.6368,44.957,89.8362,11.5023,9.4672,56.2864
50-100:0004,50-100,95.899,sweep,0.0,shipped,136.0281,98.2281,1.308,3.7466,29.4728,28.7906,95.1429,12.0617,6.6645,31.502
50-100:0004,50-100,95.899,sweep,0.25,shipped,133.8509,98.8923,1.4415,3.7466,30.1488,28.7906,93.7335,11.9858,7.6326,31.502
50-100:0004,50-100,95.899,sweep,0.5,shipped,127.4804,146.4977,4.5931,19.5577,38.0274,33.8531,86.2616,10.4107,10.51,63.6532
50-100:0004,50-100,95.899,sweep,0.75,shipped,133.4386,160.8917,5.2252,25.7535,49.6089,59.982,87.2445,15.9754,7.6131,77.6147
50-100:0004,50-100,95.899,sweep,1.0,shipped,137.4516,166.7269,5.4347,29.6998,49.2139,72.9976,91.6665,16.0683,6.5127,70.5209
50-100:0005,50-100,92.605,fastest,0.0,shipped,116.6999,71.276,0.9511,1.1062,42.9149,5.0778,84.4072,37.2035,1.6727,37.123
50-100:0005,50-100,92.605,scenic,0.5,shipped,106.1662,133.7385,5.0096,12.063,50.8761,3.9595,80.4299,28.2465,1.6727,52.6854
50-100:0005,50-100,92.605,fastest,0.0,town_off,116.6999,71.276,1.071,0.7953,42.9149,5.0778,84.4072,37.2035,1.6727,37.123
50-100:0005,50-100,92.605,scenic,0.5,town_off,105.4109,138.1286,5.0211,19.106,50.6524,3.9595,79.2141,26.8015,1.6727,51.3338
50-100:0005,50-100,92.605,sweep,0.0,shipped,116.6999,71.276,0.9511,1.1062,42.9149,5.0778,84.4072,37.2035,1.6727,37.123
50-100:0005,50-100,92.605,sweep,0.25,shipped,116.6999,71.276,0.9511,1.1062,42.9149,5.0778,84.4072,37.2035,1.6727,37.123
50-100:0005,50-100,92.605,sweep,0.5,shipped,106.1662,133.7385,5.0096,12.063,50.8761,3.9595,80.4299,28.2465,1.6727,52.6854
50-100:0005,50-100,92.605,sweep,0.75,shipped,115.1044,148.6975,5.827,31.2195,64.8062,3.9595,94.7242,20.4405,8.0273,75.4964
50-100:0005,50-100,92.605,sweep,1.0,shipped,114.9007,156.1975,5.9358,32.137,63.3953,3.3152,95.363,19.7433,8.0273,75.3917
50-100:0006,50-100,56.613,fastest,0.0,shipped,68.0189,47.5119,1.1987,0.4956,22.0551,0.0,31.3027,29.298,0.5086,14.2891
50-100:0006,50-100,56.613,scenic,0.5,shipped,62.9767,74.9594,5.0292,7.9711,16.8554,0.0,45.1304,30.4456,0.8216,25.2751
50-100:0006,50-100,56.613,fastest,0.0,town_off,68.0189,47.5119,1.2806,0.0,22.0551,0.0,31.3027,29.298,0.5086,14.2891
50-100:0006,50-100,56.613,scenic,0.5,town_off,62.3321,73.9192,4.9135,8.001,16.0109,0.0,44.6655,31.7071,1.6026,20.0914
50-100:0006,50-100,56.613,sweep,0.0,shipped,68.0189,47.5119,1.1987,0.4956,22.0551,0.0,31.3027,29.298,0.5086,14.2891
50-100:0006,50-100,56.613,sweep,0.25,shipped,67.9134,47.5352,1.1939,0.4956,22.0562,0.0,31.3037,29.246,0.5086,14.1836
50-100:0006,50-100,56.613,sweep,0.5,shipped,62.9767,74.9594,5.0292,7.9711,16.8554,0.0,45.1304,30.4456,0.8216,25.2751
50-100:0006,50-100,56.613,sweep,0.75,shipped,63.2553,75.3051,5.0651,7.9711,18.2867,0.0,45.1304,30.444,0.8216,26.1257
50-100:0006,50-100,56.613,sweep,1.0,shipped,63.3574,77.0988,5.1298,7.9711,19.8687,0.0,44.762,30.444,0.8216,25.8922
50-100:0007,50-100,73.383,fastest,0.0,shipped,96.0548,58.7505,1.0193,2.7946,25.4073,0.0,58.7484,31.66,2.8095,34.6273
50-100:0007,50-100,73.383,scenic,0.5,shipped,88.882,110.5849,5.7246,21.3633,46.4564,0.0,69.4876,20.6261,4.134,48.1531
50-100:0007,50-100,73.383,fastest,0.0,town_off,96.0548,58.7505,0.9982,2.2864,25.4073,0.0,58.7484,31.66,2.8095,34.6273
50-100:0007,50-100,73.383,scenic,0.5,town_off,88.882,110.5849,5.5017,20.0654,46.4564,0.0,69.4876,20.6261,4.134,48.1531
50-100:0007,50-100,73.383,sweep,0.0,shipped,96.0548,58.7505,1.0193,2.7946,25.4073,0.0,58.7484,31.66,2.8095,34.6273
50-100:0007,50-100,73.383,sweep,0.25,shipped,96.0548,58.7505,1.0193,2.7946,25.4073,0.0,58.7484,31.66,2.8095,34.6273
50-100:0007,50-100,73.383,sweep,0.5,shipped,88.882,110.5849,5.7246,21.3633,46.4564,0.0,69.4876,20.6261,4.134,48.1531
50-100:0007,50-100,73.383,sweep,0.75,shipped,89.781,113.1062,5.8653,23.583,47.3151,0.0,72.0909,20.7314,4.8672,48.5361
50-100:0007,50-100,73.383,sweep,1.0,shipped,96.9426,116.2097,6.2388,35.741,58.1119,0.0,80.6744,40.7658,6.3657,50.3781
50-100:0009,50-100,81.26,fastest,0.0,shipped,106.4188,72.2851,3.129,11.0808,39.485,0.0,97.2097,79.3698,8.4222,23.9592
50-100:0009,50-100,81.26,scenic,0.5,shipped,95.6432,94.1309,5.851,25.2872,46.9648,0.0,86.7276,62.1073,7.8455,33.7068
50-100:0009,50-100,81.26,fastest,0.0,town_off,106.4188,72.2851,3.3782,13.0337,39.485,0.0,97.2097,79.3698,8.4222,23.9592
50-100:0009,50-100,81.26,scenic,0.5,town_off,95.6432,94.1309,6.0208,34.6611,46.9648,0.0,86.7276,62.1073,7.8455,33.7068
50-100:0009,50-100,81.26,sweep,0.0,shipped,106.4188,72.2851,3.129,11.0808,39.485,0.0,97.2097,79.3698,8.4222,23.9592
50-100:0009,50-100,81.26,sweep,0.25,shipped,96.7403,79.4757,4.2291,16.1972,41.7751,0.0,86.8723,53.7824,6.629,28.3309
50-100:0009,50-100,81.26,sweep,0.5,shipped,95.6432,94.1309,5.851,25.2872,46.9648,0.0,86.7276,62.1073,7.8455,33.7068
50-100:0009,50-100,81.26,sweep,0.75,shipped,95.2018,99.6947,6.0506,25.7453,44.8437,0.0,81.9258,62.4163,7.8455,30.8757
50-100:0009,50-100,81.26,sweep,1.0,shipped,95.3949,101.0172,6.0827,26.3042,45.7459,0.0,82.0633,62.4163,7.8455,31.1097
50-100:0010,50-100,92.96,fastest,0.0,shipped,145.8899,82.2668,0.9774,0.0,53.9755,0.0,92.9572,46.9359,10.3275,61.9167
50-100:0010,50-100,92.96,scenic,0.5,shipped,127.6522,136.936,6.0632,44.8474,63.3986,0.0,115.3905,104.3035,3.5412,50.1253
50-100:0010,50-100,92.96,fastest,0.0,town_off,145.8899,82.2668,0.9447,0.0,53.9755,0.0,92.9572,46.9359,10.3275,61.9167
50-100:0010,50-100,92.96,scenic,0.5,town_off,128.6949,129.4974,5.99,46.17,66.9453,0.0,116.2145,106.9659,3.5412,49.9997
50-100:0010,50-100,92.96,sweep,0.0,shipped,145.8899,82.2668,0.9774,0.0,53.9755,0.0,92.9572,46.9359,10.3275,61.9167
50-100:0010,50-100,92.96,sweep,0.25,shipped,127.8705,84.8986,1.5196,3.3922,51.5432,0.0,86.5852,32.9001,10.3275,58.4865
50-100:0010,50-100,92.96,sweep,0.5,shipped,127.6522,136.936,6.0632,44.8474,63.3986,0.0,115.3905,104.3035,3.5412,50.1253
50-100:0010,50-100,92.96,sweep,0.75,shipped,129.8796,147.7096,6.4956,48.5001,61.7939,0.0,118.3107,103.6627,3.7888,48.111
50-100:0010,50-100,92.96,sweep,1.0,shipped,130.0591,147.993,6.5046,49.6313,61.9734,0.0,118.6627,104.3558,3.7888,48.111
50-100:0011,50-100,82.993,fastest,0.0,shipped,107.8173,67.0238,1.3357,1.1383,40.0182,1.524,96.8567,34.5346,2.6358,23.7013
50-100:0011,50-100,82.993,scenic,0.5,shipped,99.524,97.6736,3.9126,9.1344,44.3442,2.9625,92.0981,51.9576,3.1343,44.1506
50-100:0011,50-100,82.993,fastest,0.0,town_off,107.8173,67.0238,1.5134,2.6128,40.0182,1.524,96.8567,34.5346,2.6358,23.7013
50-100:0011,50-100,82.993,scenic,0.5,town_off,99.6047,98.5987,3.9072,8.0619,44.3341,2.9625,92.5993,51.9086,3.3474,43.1268
50-100:0011,50-100,82.993,sweep,0.0,shipped,107.8173,67.0238,1.3357,1.1383,40.0182,1.524,96.8567,34.5346,2.6358,23.7013
50-100:0011,50-100,82.993,sweep,0.25,shipped,107.493,67.092,1.4077,1.8489,40.4415,2.2044,96.7508,34.5346,2.6358,26.2223
50-100:0011,50-100,82.993,sweep,0.5,shipped,99.524,97.6736,3.9126,9.1344,44.3442,2.9625,92.0981,51.9576,3.1343,44.1506
50-100:0011,50-100,82.993,sweep,0.75,shipped,101.8155,134.1104,5.5072,19.3829,34.3159,16.4618,80.3187,54.3607,9.959,49.2334
50-100:0011,50-100,82.993,sweep,1.0,shipped,106.4382,149.2412,5.9857,28.5419,49.6805,9.1029,88.0618,56.7982,18.4849,39.5209
50-100:0012,50-100,78.331,fastest,0.0,shipped,114.3571,78.1044,1.565,3.3334,33.5762,0.0,78.2651,40.7491,3.0614,43.8967
50-100:0012,50-100,78.331,scenic,0.5,shipped,102.9398,115.8984,6.2158,33.529,61.6763,0.0,96.0732,87.1014,5.384,34.2937
50-100:0012,50-100,78.331,fastest,0.0,town_off,114.3571,78.1044,1.5784,2.9557,33.5762,0.0,78.2651,40.7491,3.0614,43.8967
50-100:0012,50-100,78.331,scenic,0.5,town_off,100.023,120.3591,6.5625,39.1858,54.0396,0.0,93.1598,79.3992,5.5435,24.3054
50-100:0012,50-100,78.331,sweep,0.0,shipped,114.3571,78.1044,1.565,3.3334,33.5762,0.0,78.2651,40.7491,3.0614,43.8967
50-100:0012,50-100,78.331,sweep,0.25,shipped,114.3564,78.1046,1.566,3.3334,34.3065,0.0,79.0899,40.0581,3.8546,42.7333
50-100:0012,50-100,78.331,sweep,0.5,shipped,102.9398,115.8984,6.2158,33.529,61.6763,0.0,96.0732,87.1014,5.384,34.2937
50-100:0012,50-100,78.331,sweep,0.75,shipped,98.1343,121.8864,6.208,29.4563,53.7131,0.0,91.7119,71.4259,9.3932,32.8588
50-100:0012,50-100,78.331,sweep,1.0,shipped,99.2005,123.6521,6.28,31.1151,55.2072,0.0,92.5028,71.636,8.7094,35.7273
50-100:0013,50-100,78.817,fastest,0.0,shipped,115.7639,72.2602,1.2655,1.5559,36.4475,0.0,94.4798,70.2545,2.4277,34.2334
50-100:0013,50-100,78.817,scenic,0.5,shipped,95.3509,106.3271,5.212,10.8904,44.8547,0.0,70.7183,45.1982,11.5736,42.4797
50-100:0013,50-100,78.817,fastest,0.0,town_off,115.7639,72.2602,1.3439,0.9075,36.4475,0.0,94.4798,70.2545,2.4277,34.2334
50-100:0013,50-100,78.817,scenic,0.5,town_off,95.3934,106.349,5.1709,14.6246,44.8462,0.0,70.6301,45.2406,11.5736,42.2154
50-100:0013,50-100,78.817,sweep,0.0,shipped,115.7639,72.2602,1.2655,1.5559,36.4475,0.0,94.4798,70.2545,2.4277,34.2334
50-100:0013,50-100,78.817,sweep,0.25,shipped,115.6711,72.361,1.2984,1.5559,36.4475,0.0,94.7668,70.4803,2.3235,35.4165
50-100:0013,50-100,78.817,sweep,0.5,shipped,95.3509,106.3271,5.212,10.8904,44.8547,0.0,70.7183,45.1982,11.5736,42.4797
50-100:0013,50-100,78.817,sweep,0.75,shipped,96.11,111.4665,5.3928,11.739,45.7033,0.0,74.199,45.7215,12.5974,39.1586
50-100:0013,50-100,78.817,sweep,1.0,shipped,122.9054,131.5406,6.6113,52.1415,70.0645,0.0,111.0135,80.6109,7.5143,48.6347
50-100:0014,50-100,64.566,fastest,0.0,shipped,91.8569,68.3425,3.8893,18.8504,76.0195,0.0,50.2067,81.825,1.1774,19.4756
50-100:0014,50-100,64.566,scenic,0.5,shipped,90.4876,96.876,6.9398,52.9408,87.6091,0.0,68.7351,80.6188,3.6922,26.92
50-100:0014,50-100,64.566,fastest,0.0,town_off,91.8569,68.3425,4.2126,24.5248,76.0195,0.0,50.2067,81.825,1.1774,19.4756
50-100:0014,50-100,64.566,scenic,0.5,town_off,90.4876,96.876,7.3493,61.3331,87.6091,0.0,68.7351,80.6188,3.6922,26.92
50-100:0014,50-100,64.566,sweep,0.0,shipped,91.8569,68.3425,3.8893,18.8504,76.0195,0.0,50.2067,81.825,1.1774,19.4756
50-100:0014,50-100,64.566,sweep,0.25,shipped,91.8739,68.3451,3.8946,18.8504,76.0366,0.0,50.2067,81.842,1.1774,19.4756
50-100:0014,50-100,64.566,sweep,0.5,shipped,90.4876,96.876,6.9398,52.9408,87.6091,0.0,68.7351,80.6188,3.6922,26.92
50-100:0014,50-100,64.566,sweep,0.75,shipped,89.0327,98.2627,6.9339,52.3748,86.1541,0.0,68.278,79.3783,3.6922,27.4475
50-100:0014,50-100,64.566,sweep,1.0,shipped,89.0138,100.6741,6.9743,53.5283,86.1353,0.0,68.7704,79.3219,3.6922,27.4475
50-100:0015,50-100,77.737,fastest,0.0,shipped,93.5373,58.2904,1.3203,2.0568,32.545,12.1671,52.0645,22.3659,2.7659,41.4594
50-100:0015,50-100,77.737,scenic,0.5,shipped,88.6555,106.8749,5.5926,29.7,58.3164,14.6258,54.6755,21.1464,1.6147,56.7514
50-100:0015,50-100,77.737,fastest,0.0,town_off,93.5373,58.2904,1.2368,1.109,32.545,12.1671,52.0645,22.3659,2.7659,41.4594
50-100:0015,50-100,77.737,scenic,0.5,town_off,89.2729,96.3046,4.8138,29.8485,56.1528,12.6421,58.6416,24.6548,3.6111,43.6542
50-100:0015,50-100,77.737,sweep,0.0,shipped,93.5373,58.2904,1.3203,2.0568,32.545,12.1671,52.0645,22.3659,2.7659,41.4594
50-100:0015,50-100,77.737,sweep,0.25,shipped,93.5373,58.2904,1.3203,2.0568,32.545,12.1671,52.0645,22.3659,2.7659,41.4594
50-100:0015,50-100,77.737,sweep,0.5,shipped,88.6555,106.8749,5.5926,29.7,58.3164,14.6258,54.6755,21.1464,1.6147,56.7514
50-100:0015,50-100,77.737,sweep,0.75,shipped,94.2427,118.658,6.4037,39.3949,68.0357,28.5003,63.3699,21.1464,1.2206,60.066
50-100:0015,50-100,77.737,sweep,1.0,shipped,97.0106,124.7071,6.632,43.2081,70.9541,28.8336,65.6972,22.6874,2.0298,63.2311
50-100:0016,50-100,67.654,fastest,0.0,shipped,98.837,75.1612,2.0124,3.2723,28.0815,37.367,61.5123,7.2639,0.0,48.1623
50-100:0016,50-100,67.654,scenic,0.5,shipped,97.6486,119.071,4.7092,13.3662,26.729,54.9464,51.6411,6.1599,0.6402,67.2508
50-100:0016,50-100,67.654,fastest,0.0,town_off,98.837,75.1612,1.8555,2.877,28.0815,37.367,61.5123,7.2639,0.0,48.1623
50-100:0016,50-100,67.654,scenic,0.5,town_off,97.4991,102.8825,3.4571,8.758,30.7266,54.976,52.2122,6.1599,0.0,58.301
50-100:0017,50-100,72.833,fastest,0.0,shipped,102.4667,59.5339,0.8998,1.2609,27.535,0.0,80.7449,36.9681,6.4518,14.3224
50-100:0017,50-100,72.833,scenic,0.5,shipped,87.4927,88.4402,5.1638,15.6156,52.5498,0.0,67.7649,35.867,13.5515,28.9757
50-100:0017,50-100,72.833,fastest,0.0,town_off,102.4667,59.5339,1.0272,1.1445,27.535,0.0,80.7449,36.9681,6.4518,14.3224
50-100:0017,50-100,72.833,scenic,0.5,town_off,87.4927,88.4402,5.242,24.2461,52.5498,0.0,67.7649,35.867,13.5515,28.9757
50-100:0018,50-100,79.256,fastest,0.0,shipped,94.62,55.104,0.9502,4.2244,22.2508,7.9154,82.2209,21.4502,2.5495,26.4851
50-100:0018,50-100,79.256,scenic,0.5,shipped,91.3992,112.2929,5.3058,12.9196,24.6916,12.7987,78.7398,18.5224,8.2678,49.8346
50-100:0018,50-100,79.256,fastest,0.0,town_off,94.62,55.104,0.9487,3.4147,22.2508,7.9154,82.2209,21.4502,2.5495,26.4851
50-100:0018,50-100,79.256,scenic,0.5,town_off,91.0015,110.1868,5.0219,7.2579,17.2812,13.5429,80.499,16.9937,8.9499,40.1871
50-100:0019,50-100,62.505,fastest,0.0,shipped,83.1695,63.4878,2.4153,3.53,32.6116,0.0,48.0226,34.0041,3.9641,32.6431
50-100:0019,50-100,62.505,scenic,0.5,shipped,72.5786,74.5946,4.7387,7.8282,37.5539,0.0,46.746,26.4363,7.8657,33.8379
50-100:0019,50-100,62.505,fastest,0.0,town_off,83.1695,63.4878,2.1908,2.989,32.6116,0.0,48.0226,34.0041,3.9641,32.6431
50-100:0019,50-100,62.505,scenic,0.5,town_off,80.7298,86.176,6.0327,26.1488,49.311,0.0,62.3628,44.3027,8.9092,23.8074
50-100:0020,50-100,92.189,fastest,0.0,shipped,124.7352,89.0953,1.7125,2.6116,32.2381,5.0933,96.6423,12.7238,3.1962,35.0909
50-100:0020,50-100,92.189,scenic,0.5,shipped,108.9102,128.451,4.8502,14.511,38.0798,3.7385,84.569,18.1513,7.7225,50.4014
50-100:0020,50-100,92.189,fastest,0.0,town_off,124.7352,89.0953,1.6694,3.6118,32.2381,5.0933,96.6423,12.7238,3.1962,35.0909
50-100:0020,50-100,92.189,scenic,0.5,town_off,107.5375,129.8323,4.6624,12.0145,36.1914,3.7385,87.113,18.1513,6.7185,45.2387
50-100:0021,50-100,68.987,fastest,0.0,shipped,98.8171,93.1954,4.6014,8.172,42.3585,0.0,78.0641,24.4344,3.9046,17.4842
50-100:0021,50-100,68.987,scenic,0.5,shipped,97.4944,95.0024,4.6686,8.172,42.8635,0.0,79.8799,24.656,3.9046,17.2631
50-100:0021,50-100,68.987,fastest,0.0,town_off,98.8171,93.1954,4.8366,14.0758,42.3585,0.0,78.0641,24.4344,3.9046,17.4842
50-100:0021,50-100,68.987,scenic,0.5,town_off,98.3129,100.5926,5.2784,16.6534,42.0197,0.0,84.5068,38.3155,3.9046,15.3238
50-100:0022,50-100,51.86,fastest,0.0,shipped,75.5725,52.3955,1.1691,0.7799,16.8338,0.0,59.6044,3.073,3.412,25.3917
50-100:0022,50-100,51.86,scenic,0.5,shipped,65.9844,80.1128,4.8475,7.6118,25.5923,0.0,49.2734,5.2589,0.0,29.7032
50-100:0022,50-100,51.86,fastest,0.0,town_off,75.5725,52.3955,1.1892,0.4614,16.8338,0.0,59.6044,3.073,3.412,25.3917
50-100:0022,50-100,51.86,scenic,0.5,town_off,65.2952,83.0614,4.9053,10.4405,24.2967,0.0,53.8892,4.0124,2.6215,24.1862
50-100:0023,50-100,81.531,fastest,0.0,shipped,166.8473,98.1494,1.0599,2.5121,46.5397,0.0,139.1019,82.945,4.3686,46.2219
50-100:0023,50-100,81.531,scenic,0.5,shipped,105.848,120.9293,6.0299,30.4472,55.3469,0.0,99.8965,62.7946,8.8413,53.9553
50-100:0023,50-100,81.531,fastest,0.0,town_off,166.8473,98.1494,1.1132,1.3942,46.5397,0.0,139.1019,82.945,4.3686,46.2219
50-100:0023,50-100,81.531,scenic,0.5,town_off,105.848,120.9293,5.9864,30.5342,55.3469,0.0,99.8965,62.7946,8.8413,53.9553
50-100:0024,50-100,95.543,fastest,0.0,shipped,119.9429,79.7363,1.5833,0.7116,29.5413,2.7129,93.1974,40.2279,9.8383,40.565
50-100:0024,50-100,95.543,scenic,0.5,shipped,116.8715,142.0832,5.7334,30.9183,56.4383,0.0,93.8398,28.8987,17.3711,64.5479
50-100:0024,50-100,95.543,fastest,0.0,town_off,119.9429,79.7363,1.571,0.7688,29.5413,2.7129,93.1974,40.2279,9.8383,40.565
50-100:0024,50-100,95.543,scenic,0.5,town_off,114.3222,139.5138,5.6708,25.253,42.2551,0.0,102.6749,37.4418,16.691,33.6562
50-100:0025,50-100,54.211,fastest,0.0,shipped,69.7239,53.7574,2.0314,3.4769,26.5011,2.9616,44.7495,1.5562,0.5419,23.9952
50-100:0025,50-100,54.211,scenic,0.5,shipped,66.2486,86.5924,5.6031,13.3809,28.0218,12.8505,48.6613,5.3357,1.805,35.4004
50-100:0025,50-100,54.211,fastest,0.0,town_off,69.7239,53.7574,2.0379,3.8684,26.5011,2.9616,44.7495,1.5562,0.5419,23.9952
50-100:0025,50-100,54.211,scenic,0.5,town_off,68.5116,88.6681,5.7946,17.2028,31.9233,12.8505,53.5574,9.9627,1.2751,30.323
50-100:0026,50-100,98.545,fastest,0.0,shipped,130.353,93.8307,3.4089,12.4138,65.6798,0.0,111.9766,106.0215,2.3392,35.7737
50-100:0026,50-100,98.545,scenic,0.5,shipped,125.6732,127.4837,6.2531,37.5314,79.3181,0.0,97.651,97.2265,5.0227,44.3438
50-100:0026,50-100,98.545,fastest,0.0,town_off,130.353,93.8307,3.655,15.3075,65.6798,0.0,111.9766,106.0215,2.3392,35.7737
50-100:0026,50-100,98.545,scenic,0.5,town_off,125.6132,127.3346,6.4099,51.47,79.2582,0.0,97.5755,97.1666,5.0227,44.2839
50-100:0027,50-100,84.868,fastest,0.0,shipped,146.101,106.8216,2.5134,5.9509,64.9249,0.0,120.9955,113.7102,1.6286,35.7276
50-100:0027,50-100,84.868,scenic,0.5,shipped,114.0248,141.7446,5.9957,37.8173,66.3198,0.0,88.7531,105.4604,0.0,40.4896
50-100:0027,50-100,84.868,fastest,0.0,town_off,146.101,106.8216,2.7007,10.4732,64.9249,0.0,120.9955,113.7102,1.6286,35.7276
50-100:0027,50-100,84.868,scenic,0.5,town_off,114.0248,141.7446,6.1655,47.9539,66.3198,0.0,88.7531,105.4604,0.0,40.4896
50-100:0028,50-100,53.294,fastest,0.0,shipped,59.5383,33.4079,0.6422,1.5146,16.2711,0.0,28.0253,10.0309,0.0,9.3958
50-100:0028,50-100,53.294,scenic,0.5,shipped,57.2808,34.9632,0.9445,4.5177,13.8104,0.0,27.3633,9.9021,0.0,10.2384
50-100:0028,50-100,53.294,fastest,0.0,town_off,59.5383,33.4079,0.6815,1.2773,16.2711,0.0,28.0253,10.0309,0.0,9.3958
50-100:0028,50-100,53.294,scenic,0.5,town_off,57.2808,34.9632,0.9551,4.1004,13.8104,0.0,27.3633,9.9021,0.0,10.2384
50-100:0029,50-100,87.66,fastest,0.0,shipped,100.968,61.5644,1.1968,0.0,38.9478,12.3781,57.6244,30.0806,3.509,44.8679
50-100:0029,50-100,87.66,scenic,0.5,shipped,99.8979,116.5204,5.3229,30.0849,62.0719,12.3223,64.7017,28.9986,1.6147,65.108
50-100:0029,50-100,87.66,fastest,0.0,town_off,100.968,61.5644,1.1198,0.0,38.9478,12.3781,57.6244,30.0806,3.509,44.8679
50-100:0029,50-100,87.66,scenic,0.5,town_off,101.9371,116.5965,5.1808,35.81,63.8001,14.7202,69.5873,32.8682,2.9238,55.4189
50-100:0030,50-100,88.203,fastest,0.0,shipped,133.0035,81.5144,1.0203,0.8095,41.5148,0.0,106.9731,26.2329,1.2488,43.095
50-100:0030,50-100,88.203,scenic,0.5,shipped,102.9154,131.6807,4.9207,6.8137,34.4378,0.0,82.7546,14.2577,0.0,48.4549
50-100:0030,50-100,88.203,fastest,0.0,town_off,133.0035,81.5144,1.0849,0.6708,41.5148,0.0,106.9731,26.2329,1.2488,43.095
50-100:0030,50-100,88.203,scenic,0.5,town_off,103.7182,132.2275,4.7847,9.0037,35.3966,0.0,84.9018,14.661,0.0,47.8448
50-100:0031,50-100,89.263,fastest,0.0,shipped,123.8511,83.5084,1.6432,0.8317,27.3247,0.0,104.6345,56.5213,12.5923,34.0375
50-100:0031,50-100,89.263,scenic,0.5,shipped,116.0488,136.0814,5.6094,26.6318,51.9557,0.0,100.5347,65.3548,11.3713,56.5606
50-100:0031,50-100,89.263,fastest,0.0,town_off,123.8511,83.5084,1.7055,2.7089,27.3247,0.0,104.6345,56.5213,12.5923,34.0375
50-100:0031,50-100,89.263,scenic,0.5,town_off,116.0488,136.0814,5.4833,25.1695,51.9557,0.0,100.5347,65.3548,11.3713,56.5606
50-100:0032,50-100,83.557,fastest,0.0,shipped,98.1606,58.2706,0.7362,0.5701,25.9327,3.4903,55.4396,12.7958,8.1938,42.0975
50-100:0032,50-100,83.557,scenic,0.5,shipped,97.497,109.3136,4.3693,16.5133,41.4451,0.7058,76.7237,31.2836,13.3798,43.7207
50-100:0032,50-100,83.557,fastest,0.0,town_off,98.1606,58.2706,0.6514,0.56,25.9327,3.4903,55.4396,12.7958,8.1938,42.0975
50-100:0032,50-100,83.557,scenic,0.5,town_off,98.6729,115.1026,4.7145,22.785,38.8701,1.3652,85.3359,29.4617,16.132,36.0577
50-100:0033,50-100,58.917,fastest,0.0,shipped,94.6765,74.3687,2.4438,3.4624,20.2803,2.6659,87.0427,32.5502,11.5622,31.4662
50-100:0033,50-100,58.917,scenic,0.5,shipped,68.9459,84.7298,5.804,13.1391,28.8958,0.0,65.5688,19.0192,8.8665,36.2483
50-100:0033,50-100,58.917,fastest,0.0,town_off,94.6765,74.3687,2.3757,2.9856,20.2803,2.6659,87.0427,32.5502,11.5622,31.4662
50-100:0033,50-100,58.917,scenic,0.5,town_off,68.9459,84.7298,5.6459,13.6876,28.8958,0.0,65.5688,19.0192,8.8665,36.2483
50-100:0034,50-100,74.907,fastest,0.0,shipped,94.4099,55.1799,0.6828,0.4694,24.2267,14.3683,52.084,8.1037,0.8551,38.0555
50-100:0034,50-100,74.907,scenic,0.5,shipped,91.0869,95.6817,3.5964,3.4528,33.0294,14.3683,54.5908,6.0201,1.8923,50.0154
50-100:0034,50-100,74.907,fastest,0.0,town_off,94.4099,55.1799,0.6343,0.0,24.2267,14.3683,52.084,8.1037,0.8551,38.0555
50-100:0034,50-100,74.907,scenic,0.5,town_off,91.217,95.7625,3.3526,3.8193,33.3966,14.3683,55.4819,6.0201,1.8923,50.1756
50-100:0035,50-100,74.456,fastest,0.0,shipped,119.6392,103.6576,6.0408,40.1601,53.525,0.0,102.3026,113.3894,1.81,34.1578
50-100:0035,50-100,74.456,scenic,0.5,shipped,106.4999,118.6822,6.8714,50.192,60.7666,0.0,88.6261,103.0598,2.444,32.7767
50-100:0035,50-100,74.456,fastest,0.0,town_off,119.6392,103.6576,6.3655,50.3199,53.525,0.0,102.3026,113.3894,1.81,34.1578
50-100:0035,50-100,74.456,scenic,0.5,town_off,106.4999,118.6822,7.2034,57.6632,60.7666,0.0,88.6261,103.0598,2.444,32.7767
50-100:0036,50-100,81.0,fastest,0.0,shipped,104.805,66.6886,1.3598,1.9347,38.5177,5.1109,71.7302,4.7154,4.1585,33.5711
50-100:0036,50-100,81.0,scenic,0.5,shipped,96.4825,97.5299,4.5243,10.472,36.1739,5.1109,66.9516,17.6318,14.3722,43.9364
50-100:0036,50-100,81.0,fastest,0.0,town_off,104.805,66.6886,1.3349,2.0147,38.5177,5.1109,71.7302,4.7154,4.1585,33.5711
50-100:0036,50-100,81.0,scenic,0.5,town_off,96.4825,97.5299,4.3854,11.9843,36.1739,5.1109,66.9516,17.6318,14.3722,43.9364
50-100:0037,50-100,87.658,fastest,0.0,shipped,140.9607,127.638,2.6527,2.5207,18.705,0.0,106.285,42.7685,0.0,21.9966
50-100:0037,50-100,87.658,scenic,0.5,shipped,120.7351,138.5352,3.9469,5.5737,31.4773,0.0,89.5409,42.6245,0.0,21.9681
50-100:0037,50-100,87.658,fastest,0.0,town_off,140.9607,127.638,2.7301,1.1836,18.705,0.0,106.285,42.7685,0.0,21.9966
50-100:0037,50-100,87.658,scenic,0.5,town_off,120.7351,138.5352,4.0783,6.1734,31.4773,0.0,89.5409,42.6245,0.0,21.9681
50-100:0038,50-100,59.722,fastest,0.0,shipped,87.7397,64.4112,2.0983,4.1585,33.8637,0.0,65.1794,56.0585,2.3662,26.0377
50-100:0038,50-100,59.722,scenic,0.5,shipped,68.7317,79.4941,5.7466,19.1352,34.659,0.0,59.2235,38.3182,2.2587,22.841
50-100:0038,50-100,59.722,fastest,0.0,town_off,87.7397,64.4112,2.2417,6.7817,33.8637,0.0,65.1794,56.0585,2.3662,26.0377
50-100:0038,50-100,59.722,scenic,0.5,town_off,68.7317,79.4941,5.893,22.9534,34.659,0.0,59.2235,38.3182,2.2587,22.841
50-100:0039,50-100,56.975,fastest,0.0,shipped,74.1808,55.6991,1.8329,0.7046,30.1459,0.0,58.5385,15.0158,0.0,19.3092
50-100:0039,50-100,56.975,scenic,0.5,shipped,68.3686,92.4021,5.3684,7.6619,25.8222,0.0,54.0363,20.0433,1.3631,29.9545
50-100:0039,50-100,56.975,fastest,0.0,town_off,74.1808,55.6991,1.9542,0.733,30.1459,0.0,58.5385,15.0158,0.0,19.3092
50-100:0039,50-100,56.975,scenic,0.5,town_off,70.3005,90.4391,5.3272,11.6062,26.6876,0.0,58.357,14.6841,2.3084,25.7942
50-100:0040,50-100,97.422,fastest,0.0,shipped,143.8548,131.3104,5.5816,49.3605,78.798,0.0,126.2569,113.5687,4.3725,36.2715
50-100:0040,50-100,97.422,scenic,0.5,shipped,135.7341,144.5436,6.9064,66.2846,87.9729,0.0,112.8693,113.6177,11.457,47.7651
50-100:0040,50-100,97.422,fastest,0.0,town_off,143.8548,131.3104,5.9104,54.0903,78.798,0.0,126.2569,113.5687,4.3725,36.2715
50-100:0040,50-100,97.422,scenic,0.5,town_off,135.7341,144.5436,7.1516,73.1902,87.9729,0.0,112.8693,113.6177,11.457,47.7651
50-100:0041,50-100,70.127,fastest,0.0,shipped,95.065,77.0736,3.2457,10.4179,26.0079,0.0,54.3171,85.7647,0.0,13.2955
50-100:0041,50-100,70.127,scenic,0.5,shipped,97.46,104.4094,5.8602,24.3822,57.6293,0.0,67.9656,85.1562,0.0,27.7309
50-100:0041,50-100,70.127,fastest,0.0,town_off,95.065,77.0736,3.5042,15.5197,26.0079,0.0,54.3171,85.7647,0.0,13.2955
50-100:0041,50-100,70.127,scenic,0.5,town_off,97.46,104.4094,6.1232,36.7535,57.6293,0.0,67.9656,85.1562,0.0,27.7309
50-100:0042,50-100,98.427,fastest,0.0,shipped,159.5852,95.0707,0.9157,0.6165,47.6492,5.3452,112.1042,75.3442,2.7659,48.3635
50-100:0042,50-100,98.427,scenic,0.5,shipped,113.4201,137.3205,5.7362,23.1842,58.1126,1.3741,100.2169,51.4868,9.1203,45.9881
50-100:0042,50-100,98.427,fastest,0.0,town_off,159.5852,95.0707,0.936,0.6165,47.6492,5.3452,112.1042,75.3442,2.7659,48.3635
50-100:0042,50-100,98.427,scenic,0.5,town_off,114.0414,137.4995,5.7683,24.256,56.6795,1.3741,101.6017,54.4496,6.8446,42.703
50-100:0043,50-100,61.65,fastest,0.0,shipped,85.4668,63.5681,3.1591,4.7415,51.8688,0.0,43.4551,67.0791,1.0464,17.3677
50-100:0043,50-100,61.65,scenic,0.5,shipped,83.2379,83.4182,5.9134,10.7623,58.1821,0.0,62.2781,72.3232,0.0,26.5437
50-100:0043,50-100,61.65,fastest,0.0,town_off,85.4668,63.5681,3.3777,13.385,51.8688,0.0,43.4551,67.0791,1.0464,17.3677
50-100:0043,50-100,61.65,scenic,0.5,town_off,83.2379,83.4182,6.1364,31.1503,58.1821,0.0,62.2781,72.3232,0.0,26.5437
50-100:0044,50-100,81.36,fastest,0.0,shipped,111.734,93.4196,4.7432,25.5872,49.7393,0.0,97.9873,89.3971,7.4562,24.6209
50-100:0044,50-100,81.36,scenic,0.5,shipped,100.1745,103.0188,6.7902,47.8891,62.2897,0.0,89.8691,80.0595,11.4473,29.2574
50-100:0044,50-100,81.36,fastest,0.0,town_off,111.734,93.4196,5.054,29.1822,49.7393,0.0,97.9873,89.3971,7.4562,24.6209
50-100:0044,50-100,81.36,scenic,0.5,town_off,100.1745,103.0188,7.11,52.8422,62.2897,0.0,89.8691,80.0595,11.4473,29.2574
50-100:0045,50-100,73.753,fastest,0.0,shipped,84.928,85.5333,5.7942,18.2003,38.5092,0.0,77.3047,59.2016,1.8101,24.6996
50-100:0045,50-100,73.753,scenic,0.5,shipped,83.8853,86.1242,5.8299,16.6253,38.1989,0.0,73.4185,57.2209,1.7596,27.2185
50-100:0045,50-100,73.753,fastest,0.0,town_off,84.928,85.5333,5.9819,23.6135,38.5092,0.0,77.3047,59.2016,1.8101,24.6996
50-100:0045,50-100,73.753,scenic,0.5,town_off,83.8853,86.1242,5.9736,22.056,38.1989,0.0,73.4185,57.2209,1.7596,27.2185
50-100:0046,50-100,96.003,fastest,0.0,shipped,127.4815,121.8503,5.0559,13.411,66.4713,0.0,97.9286,89.7799,2.8065,54.0812
50-100:0046,50-100,96.003,scenic,0.5,shipped,126.0582,129.3889,5.605,21.513,72.473,0.0,105.0511,86.2673,2.7197,54.8814
50-100:0046,50-100,96.003,fastest,0.0,town_off,127.4815,121.8503,5.0855,16.4566,66.4713,0.0,97.9286,89.7799,2.8065,54.0812
50-100:0046,50-100,96.003,scenic,0.5,town_off,124.2488,133.488,5.7946,27.0944,73.0562,0.0,104.5028,83.5552,2.7197,51.0673
50-100:0047,50-100,61.283,fastest,0.0,shipped,72.9638,44.6564,0.6503,0.0,10.0574,0.0,38.5321,26.4913,2.0118,23.7824
50-100:0047,50-100,61.283,scenic,0.5,shipped,74.9051,84.9492,5.0752,14.8636,29.0323,0.0,59.2324,34.1316,5.2924,35.597
50-100:0047,50-100,61.283,fastest,0.0,town_off,72.9638,44.6564,0.5475,0.0,10.0574,0.0,38.5321,26.4913,2.0118,23.7824
50-100:0047,50-100,61.283,scenic,0.5,town_off,74.626,84.8891,5.0095,14.0831,26.9784,0.0,59.8999,34.8399,5.4409,33.3785
50-100:0048,50-100,93.781,fastest,0.0,shipped,121.8026,72.9842,0.7467,0.4075,32.9006,0.0,78.2973,63.2282,2.7069,31.7643
50-100:0048,50-100,93.781,scenic,0.5,shipped,112.8099,135.7363,5.5371,26.2015,49.6336,0.0,85.0393,64.8416,3.8978,46.0273
50-100:0048,50-100,93.781,fastest,0.0,town_off,121.8026,72.9842,0.756,0.4075,32.9006,0.0,78.2973,63.2282,2.7069,31.7643
50-100:0048,50-100,93.781,scenic,0.5,town_off,112.8099,135.7363,5.519,30.5401,49.6336,0.0,85.0393,64.8416,3.8978,46.0273
50-100:0049,50-100,82.54,fastest,0.0,shipped,101.5969,69.0554,1.5306,2.6235,30.3594,0.0,71.5566,45.2167,4.8308,40.0839
50-100:0049,50-100,82.54,scenic,0.5,shipped,98.0243,95.4283,4.0962,18.3981,42.3694,0.0,77.3381,46.5496,0.8261,42.7183
50-100:0049,50-100,82.54,fastest,0.0,town_off,101.5969,69.0554,1.5292,3.3695,30.3594,0.0,71.5566,45.2167,4.8308,40.0839
50-100:0049,50-100,82.54,scenic,0.5,town_off,98.0243,95.4283,4.0825,20.9453,42.3694,0.0,77.3381,46.5496,0.8261,42.7183
50-100:0050,50-100,79.577,fastest,0.0,shipped,122.6195,77.9644,1.3242,1.6281,29.4895,21.2517,96.1768,12.3973,4.3447,44.4812
50-100:0050,50-100,79.577,scenic,0.5,shipped,103.3331,125.019,4.4278,10.1737,16.5692,26.203,83.6596,13.3979,23.758,34.6381
50-100:0050,50-100,79.577,fastest,0.0,town_off,122.6195,77.9644,1.2367,1.17,29.4895,21.2517,96.1768,12.3973,4.3447,44.4812
50-100:0050,50-100,79.577,scenic,0.5,town_off,106.2516,126.694,4.7292,13.8725,15.1786,37.3069,87.2342,14.4895,22.7151,27.2713
50-100:0051,50-100,55.724,fastest,0.0,shipped,70.0094,66.0211,4.321,9.6402,29.2317,0.0,55.3624,30.8039,2.6479,22.2771
50-100:0051,50-100,55.724,scenic,0.5,shipped,64.6635,77.0217,5.8913,12.4557,30.1146,0.0,55.4161,31.537,1.9793,26.9916
50-100:0051,50-100,55.724,fastest,0.0,town_off,70.0094,66.0211,4.5026,10.1637,29.2317,0.0,55.3624,30.8039,2.6479,22.2771
50-100:0051,50-100,55.724,scenic,0.5,town_off,65.5486,76.972,5.9419,14.6179,30.5094,0.0,58.4971,30.6084,1.9793,24.3903
50-100:0052,50-100,68.458,fastest,0.0,shipped,94.1385,62.7983,1.4962,0.9087,33.4763,14.3683,42.8425,8.3867,0.0,47.4664
50-100:0052,50-100,68.458,scenic,0.5,shipped,94.6514,99.807,4.1233,8.3268,30.6278,24.4727,52.3031,13.6345,1.2811,52.2317
50-100:0052,50-100,68.458,fastest,0.0,town_off,94.1385,62.7983,1.3172,0.2299,33.4763,14.3683,42.8425,8.3867,0.0,47.4664
50-100:0052,50-100,68.458,scenic,0.5,town_off,92.919,95.2071,3.5626,6.1873,31.4246,24.4727,46.2809,10.6985,0.0,46.7375
50-100:0053,50-100,51.319,fastest,0.0,shipped,101.1725,71.4606,1.7892,1.7919,28.9674,18.9247,72.2933,11.192,2.4581,31.5299
50-100:0053,50-100,51.319,scenic,0.5,shipped,67.5974,80.4752,4.4811,5.2055,13.865,19.2486,56.1584,11.4443,12.5001,26.2287
50-100:0053,50-100,51.319,fastest,0.0,town_off,101.1725,71.4606,1.7873,2.5822,28.9674,18.9247,72.2933,11.192,2.4581,31.5299
50-100:0053,50-100,51.319,scenic,0.5,town_off,71.1056,83.7461,5.098,11.2344,13.9915,28.3229,60.4936,12.5359,12.811,16.5745
50-100:0054,50-100,63.454,fastest,0.0,shipped,86.3738,56.9817,2.3532,10.9055,45.4622,0.0,42.4066,81.2215,2.8543,15.1685
50-100:0054,50-100,63.454,scenic,0.5,shipped,84.7151,95.9227,7.2593,53.3683,71.4645,0.0,63.416,77.4537,4.7296,28.8636
50-100:0054,50-100,63.454,fastest,0.0,town_off,86.3738,56.9817,2.5057,14.8341,45.4622,0.0,42.4066,81.2215,2.8543,15.1685
50-100:0054,50-100,63.454,scenic,0.5,town_off,84.7151,95.9227,7.5478,61.7714,71.4645,0.0,63.416,77.4537,4.7296,28.8636
50-100:0055,50-100,71.098,fastest,0.0,shipped,110.3424,93.6664,3.4156,2.9952,46.4917,0.0,90.5422,90.1085,5.7381,34.6125
50-100:0055,50-100,71.098,scenic,0.5,shipped,93.2999,122.111,6.2881,30.6344,43.043,0.0,91.0671,87.3577,7.3633,25.5418
50-100:0055,50-100,71.098,fastest,0.0,town_off,110.3424,93.6664,3.5592,7.701,46.4917,0.0,90.5422,90.1085,5.7381,34.6125
50-100:0055,50-100,71.098,scenic,0.5,town_off,93.1766,122.7817,6.7044,42.7618,43.7225,0.0,90.9438,87.94,8.1176,24.2938
50-100:0056,50-100,71.15,fastest,0.0,shipped,86.1076,72.992,3.4685,9.6058,32.0292,0.0,76.9877,63.4764,7.4723,28.8718
50-100:0056,50-100,71.15,scenic,0.5,shipped,81.4669,89.4793,5.1036,17.2323,40.3977,0.0,76.0929,41.5441,6.4719,33.3406
50-100:0056,50-100,71.15,fastest,0.0,town_off,86.1076,72.992,3.5467,9.5903,32.0292,0.0,76.9877,63.4764,7.4723,28.8718
50-100:0056,50-100,71.15,scenic,0.5,town_off,83.3135,92.5984,5.427,21.0708,40.262,0.0,78.0385,43.7592,7.2927,34.2958
50-100:0057,50-100,51.037,fastest,0.0,shipped,76.1645,53.115,1.5131,0.5297,22.7757,0.0,59.3787,12.4389,1.736,17.3874
50-100:0057,50-100,51.037,scenic,0.5,shipped,61.4782,67.0887,4.9378,4.743,28.7764,0.0,52.5915,15.3945,11.0827,16.1938
50-100:0057,50-100,51.037,fastest,0.0,town_off,76.1645,53.115,1.572,0.8947,22.7757,0.0,59.3787,12.4389,1.736,17.3874
50-100:0057,50-100,51.037,scenic,0.5,town_off,61.4782,67.0887,5.0867,12.0219,28.7764,0.0,52.5915,15.3945,11.0827,16.1938
50-100:0058,50-100,92.545,fastest,0.0,shipped,122.4779,80.8822,1.5169,3.2393,31.6219,2.8371,96.3841,41.1407,11.1872,41.7132
50-100:0058,50-100,92.545,scenic,0.5,shipped,109.8867,122.4053,4.557,9.6261,31.2416,2.8371,92.4535,39.8012,10.5218,43.7367
50-100:0058,50-100,92.545,fastest,0.0,town_off,122.4779,80.8822,1.575,4.2386,31.6219,2.8371,96.3841,41.1407,11.1872,41.7132
50-100:0058,50-100,92.545,scenic,0.5,town_off,109.7205,122.6294,4.4993,14.1864,31.2416,2.8371,92.0478,39.8012,10.5218,43.5705
50-100:0059,50-100,53.122,fastest,0.0,shipped,70.8256,41.9916,0.8526,1.6185,19.8051,0.0,54.8259,5.6875,0.0,22.2917
50-100:0059,50-100,53.122,scenic,0.5,shipped,64.8118,83.6084,5.4579,10.188,22.4063,0.0,58.8616,18.3584,2.685,24.6174
50-100:0059,50-100,53.122,fastest,0.0,town_off,70.8256,41.9916,0.7824,1.2647,19.8051,0.0,54.8259,5.6875,0.0,22.2917
50-100:0059,50-100,53.122,scenic,0.5,town_off,64.4103,82.1834,5.2835,7.6449,22.1234,0.0,57.1962,15.7928,0.659,23.1889
50-100:0060,50-100,82.837,fastest,0.0,shipped,122.7361,77.4301,1.2102,3.3986,36.0554,0.0,103.9539,33.657,5.3622,21.8688
50-100:0060,50-100,82.837,scenic,0.5,shipped,96.4826,120.4629,5.5359,13.1557,30.8251,0.0,78.5351,37.2026,2.8393,43.5147
50-100:0060,50-100,82.837,fastest,0.0,town_off,122.7361,77.4301,1.2871,3.4872,36.0554,0.0,103.9539,33.657,5.3622,21.8688
50-100:0060,50-100,82.837,scenic,0.5,town_off,96.4826,120.4629,5.4446,14.2936,30.8251,0.0,78.5351,37.2026,2.8393,43.5147
50-100:0061,50-100,75.195,fastest,0.0,shipped,106.8437,84.9318,2.594,4.1997,30.1931,0.0,78.3464,44.3069,3.992,39.2948
50-100:0061,50-100,75.195,scenic,0.5,shipped,90.5679,105.91,5.1285,13.2536,38.0629,0.0,58.8111,41.3488,7.3935,45.0339
50-100:0061,50-100,75.195,fastest,0.0,town_off,106.8437,84.9318,2.5655,3.3231,30.1931,0.0,78.3464,44.3069,3.992,39.2948
50-100:0061,50-100,75.195,scenic,0.5,town_off,91.2408,106.8488,5.0367,13.5164,38.5975,0.0,62.7315,45.5148,6.9922,41.0983
50-100:0062,50-100,79.622,fastest,0.0,shipped,98.5554,66.5047,1.7527,0.8777,25.6052,0.0,89.5935,97.7651,2.0013,9.9165
50-100:0062,50-100,79.622,scenic,0.5,shipped,99.2469,106.7652,6.6539,44.4802,57.5046,0.0,80.6459,96.3254,1.2705,33.7978
50-100:0062,50-100,79.622,fastest,0.0,town_off,98.5554,66.5047,2.0668,1.9274,25.6052,0.0,89.5935,97.7651,2.0013,9.9165
50-100:0062,50-100,79.622,scenic,0.5,town_off,99.2469,106.7652,6.9354,50.7841,57.5046,0.0,80.6459,96.3254,1.2705,33.7978
50-100:0063,50-100,86.238,fastest,0.0,shipped,95.3028,59.3719,0.9658,3.6707,28.3347,0.0,44.7085,23.8761,0.0,18.7199
50-100:0063,50-100,86.238,scenic,0.5,shipped,91.96,82.8993,2.9409,6.3559,21.7969,0.0,57.812,28.1569,1.5575,24.3656
50-100:0063,50-100,86.238,fastest,0.0,town_off,95.3028,59.3719,1.0266,3.4293,28.3347,0.0,44.7085,23.8761,0.0,18.7199
50-100:0063,50-100,86.238,scenic,0.5,town_off,91.6248,81.7066,2.8359,5.7005,19.3406,0.0,56.4,29.0456,1.5575,23.884
50-100:0064,50-100,80.91,fastest,0.0,shipped,115.6854,86.6175,3.3885,26.2116,62.3341,0.0,93.0351,80.7196,5.4751,32.4283
50-100:0064,50-100,80.91,scenic,0.5,shipped,114.1307,116.1512,7.2797,66.2001,71.8159,0.0,95.7795,113.3782,6.7125,34.8199
50-100:0064,50-100,80.91,fastest,0.0,town_off,115.6854,86.6175,3.5969,28.6945,62.3341,0.0,93.0351,80.7196,5.4751,32.4283
50-100:0064,50-100,80.91,scenic,0.5,town_off,114.1307,116.1512,7.5939,70.2821,71.8159,0.0,95.7795,113.3782,6.7125,34.8199
50-100:0065,50-100,87.314,fastest,0.0,shipped,155.8098,114.9093,4.2713,51.316,78.0616,0.0,114.3254,118.412,5.2251,33.2419
50-100:0065,50-100,87.314,scenic,0.5,shipped,114.632,122.5281,5.2465,20.9619,38.2767,0.0,93.8258,65.816,6.1669,32.6079
50-100:0065,50-100,87.314,fastest,0.0,town_off,155.8098,114.9093,4.5311,50.8208,78.0616,0.0,114.3254,118.412,5.2251,33.2419
50-100:0065,50-100,87.314,scenic,0.5,town_off,116.403,125.0925,5.4982,23.1703,43.9624,0.0,100.906,68.1086,6.1669,29.7816
50-100:0066,50-100,53.976,fastest,0.0,shipped,71.6649,77.6858,4.5076,6.3615,41.6225,0.0,40.177,25.8265,1.4118,15.3495
50-100:0066,50-100,53.976,scenic,0.5,shipped,71.879,86.6997,5.5176,11.0206,44.4491,0.0,59.3248,41.8229,0.3389,13.2514
50-100:0066,50-100,53.976,fastest,0.0,town_off,71.6649,77.6858,4.6925,14.035,41.6225,0.0,40.177,25.8265,1.4118,15.3495
50-100:0066,50-100,53.976,scenic,0.5,town_off,71.879,86.6997,5.8134,19.796,44.4491,0.0,59.3248,41.8229,0.3389,13.2514
50-100:0067,50-100,68.62,fastest,0.0,shipped,105.8095,111.6352,4.3645,7.4745,33.951,0.0,84.8667,56.8666,15.8176,30.1604
50-100:0067,50-100,68.62,scenic,0.5,shipped,105.7457,122.6453,6.6739,45.9633,52.6547,0.0,98.9063,97.6965,3.0311,33.3972
50-100:0067,50-100,68.62,fastest,0.0,town_off,105.8095,111.6352,4.4972,7.7717,33.951,0.0,84.8667,56.8666,15.8176,30.1604
50-100:0067,50-100,68.62,scenic,0.5,town_off,104.8046,125.7327,7.0945,54.3853,49.8366,0.0,98.599,98.4187,3.0311,33.4393
50-100:0068,50-100,80.866,fastest,0.0,shipped,100.7974,65.7571,1.7336,0.277,42.5886,7.7369,68.1957,58.1761,0.0,38.4976
50-100:0068,50-100,80.866,scenic,0.5,shipped,96.1418,108.6087,5.0666,22.4232,64.4461,10.6099,68.3614,57.0736,0.0,49.1345
50-100:0068,50-100,80.866,fastest,0.0,town_off,100.7974,65.7571,1.7866,1.0549,42.5886,7.7369,68.1957,58.1761,0.0,38.4976
50-100:0068,50-100,80.866,scenic,0.5,town_off,93.4131,115.134,5.3977,21.1852,54.984,6.6407,73.5812,54.0597,0.0,32.4878
50-100:0069,50-100,69.292,fastest,0.0,shipped,99.0141,58.8426,0.6414,0.6556,31.4259,0.0,69.6846,9.6388,0.0,30.5854
50-100:0069,50-100,69.292,scenic,0.5,shipped,80.4022,104.4101,4.8564,9.1211,31.1377,0.0,58.6373,14.283,2.05,48.6793
50-100:0069,50-100,69.292,fastest,0.0,town_off,99.0141,58.8426,0.6542,0.0,31.4259,0.0,69.6846,9.6388,0.0,30.5854
50-100:0069,50-100,69.292,scenic,0.5,town_off,81.6659,104.2942,4.5691,9.6675,34.5423,0.0,61.7192,17.4578,2.05,46.0111
50-100:0070,50-100,94.181,fastest,0.0,shipped,111.9024,67.3914,0.7128,0.0,26.6013,14.4281,78.7569,13.5931,1.2061,43.2015
50-100:0070,50-100,94.181,scenic,0.5,shipped,106.6226,136.3839,4.9751,17.9538,53.1797,19.9705,69.9841,11.2112,1.6687,68.7218
50-100:0070,50-100,94.181,fastest,0.0,town_off,111.9024,67.3914,0.5515,0.0,26.6013,14.4281,78.7569,13.5931,1.2061,43.2015
50-100:0070,50-100,94.181,scenic,0.5,town_off,105.3203,121.7206,3.8537,11.9596,48.1035,12.2764,71.914,9.0739,1.6687,56.2046
50-100:0071,50-100,80.9,fastest,0.0,shipped,141.3349,87.6246,1.8468,9.9252,60.7813,0.0,118.7885,82.3352,10.477,41.4173
50-100:0071,50-100,80.9,scenic,0.5,shipped,93.2875,103.8427,5.5101,13.3698,30.143,0.0,86.1453,58.6344,8.2557,31.68
50-100:0071,50-100,80.9,fastest,0.0,town_off,141.3349,87.6246,1.9806,11.5838,60.7813,0.0,118.7885,82.3352,10.477,41.4173
50-100:0071,50-100,80.9,scenic,0.5,town_off,93.2875,103.8427,5.6254,15.5327,30.143,0.0,86.1453,58.6344,8.2557,31.68
50-100:0072,50-100,93.703,fastest,0.0,shipped,112.6822,92.5993,3.0792,15.2159,40.4842,0.0,87.6063,40.7616,2.8798,45.9286
50-100:0072,50-100,93.703,scenic,0.5,shipped,111.4579,129.6322,6.0313,42.3557,72.3281,0.0,87.2709,44.3433,1.5089,64.6177
50-100:0072,50-100,93.703,fastest,0.0,town_off,112.6822,92.5993,3.0098,14.4825,40.4842,0.0,87.6063,40.7616,2.8798,45.9286
50-100:0072,50-100,93.703,scenic,0.5,town_off,111.4901,130.5631,5.8732,39.8798,72.6007,0.0,88.1039,44.3433,1.5089,63.9128
50-100:0073,50-100,62.461,fastest,0.0,shipped,99.8986,87.8208,2.55,6.8003,30.9008,0.0,39.7796,21.9801,1.4118,10.0356
50-100:0073,50-100,62.461,scenic,0.5,shipped,82.4575,105.3867,4.8137,9.1267,32.2575,0.0,62.3108,40.0328,0.5285,7.4351
50-100:0073,50-100,62.461,fastest,0.0,town_off,99.8986,87.8208,2.6959,9.0894,30.9008,0.0,39.7796,21.9801,1.4118,10.0356
50-100:0073,50-100,62.461,scenic,0.5,town_off,82.4575,105.3867,5.1142,11.2011,32.2575,0.0,62.3108,40.0328,0.5285,7.4351
50-100:0074,50-100,75.09,fastest,0.0,shipped,138.4635,101.8986,2.9336,10.4147,68.2309,0.0,98.7334,71.7574,6.5609,43.0105
50-100:0074,50-100,75.09,scenic,0.5,shipped,110.3516,125.0942,6.1622,32.3141,65.6922,0.0,99.2211,66.793,8.4704,45.7965
50-100:0074,50-100,75.09,fastest,0.0,town_off,138.4635,101.8986,2.9839,13.0549,68.2309,0.0,98.7334,71.7574,6.5609,43.0105
50-100:0074,50-100,75.09,scenic,0.5,town_off,110.3516,125.0942,6.1878,33.672,65.6922,0.0,99.2211,66.793,8.4704,45.7965
50-100:0075,50-100,90.931,fastest,0.0,shipped,118.5862,71.863,0.8931,1.6159,24.0316,0.0,78.796,53.2956,3.8033,48.6234
50-100:0075,50-100,90.931,scenic,0.5,shipped,122.1514,141.5196,5.28,24.6552,39.7755,0.0,102.9633,84.1604,3.8565,53.4383
50-100:0075,50-100,90.931,fastest,0.0,town_off,118.5862,71.863,0.811,2.0749,24.0316,0.0,78.796,53.2956,3.8033,48.6234
50-100:0075,50-100,90.931,scenic,0.5,town_off,122.9253,146.7676,5.536,42.665,59.8839,0.0,111.7129,83.442,10.7262,45.527
50-100:0076,50-100,90.656,fastest,0.0,shipped,111.0688,62.6921,0.642,0.7986,27.0596,3.0154,77.1445,7.7472,4.1983,32.4901
50-100:0076,50-100,90.656,scenic,0.5,shipped,111.7804,135.104,5.1861,16.6966,51.5952,10.1921,83.8814,8.744,5.1988,63.2431
50-100:0076,50-100,90.656,fastest,0.0,town_off,111.0688,62.6921,0.7036,0.9344,27.0596,3.0154,77.1445,7.7472,4.1983,32.4901
50-100:0076,50-100,90.656,scenic,0.5,town_off,111.9871,132.0683,4.7874,17.5462,52.3229,10.1921,83.8178,10.1282,5.2659,61.8259
50-100:0077,50-100,70.849,fastest,0.0,shipped,104.6794,72.9447,3.418,22.3961,51.5166,0.0,80.8715,65.3878,10.6037,29.937
50-100:0077,50-100,70.849,scenic,0.5,shipped,89.0543,102.2365,6.2041,31.1028,40.1993,0.0,73.3232,69.239,4.8518,28.1077
50-100:0077,50-100,70.849,fastest,0.0,town_off,104.6794,72.9447,3.5859,23.3553,51.5166,0.0,80.8715,65.3878,10.6037,29.937
50-100:0077,50-100,70.849,scenic,0.5,town_off,89.0421,102.2433,6.3492,30.4642,40.187,0.0,73.3232,69.239,4.8518,28.0954
50-100:0078,50-100,77.81,fastest,0.0,shipped,103.9819,79.4341,2.3714,4.4851,31.487,11.0472,83.8901,17.6548,2.8707,36.1209
50-100:0078,50-100,77.81,scenic,0.5,shipped,95.7112,120.1025,4.8843,10.7107,31.6263,4.7199,77.4884,15.8447,6.4251,46.3518
50-100:0078,50-100,77.81,fastest,0.0,town_off,103.9819,79.4341,2.3877,6.0804,31.487,11.0472,83.8901,17.6548,2.8707,36.1209
50-100:0078,50-100,77.81,scenic,0.5,town_off,96.106,109.8901,4.2136,4.9072,28.0877,5.2063,80.3052,13.5509,8.2211,37.0384
50-100:0079,50-100,83.604,fastest,0.0,shipped,105.6258,72.2398,1.4258,0.6504,30.4689,14.3683,67.6309,12.8236,0.7454,47.3211
50-100:0079,50-100,83.604,scenic,0.5,shipped,95.1138,117.0955,4.6516,9.6967,38.1825,1.2249,63.7989,14.089,3.3784,58.0674
50-100:0079,50-100,83.604,fastest,0.0,town_off,105.6258,72.2398,1.3382,0.0,30.4689,14.3683,67.6309,12.8236,0.7454,47.3211
50-100:0079,50-100,83.604,scenic,0.5,town_off,97.5074,108.3349,4.0498,8.6624,42.2588,5.7446,65.5185,15.5355,3.3784,56.1605
50-100:0080,50-100,62.931,fastest,0.0,shipped,73.476,45.0422,0.9326,0.8878,29.5848,1.819,51.5237,14.0257,0.0426,28.5247
50-100:0080,50-100,62.931,scenic,0.5,shipped,71.4401,91.5618,4.9866,9.2279,36.6514,0.3527,49.8601,21.6392,0.0,41.6803
50-100:0080,50-100,62.931,fastest,0.0,town_off,73.476,45.0422,1.0082,0.0,29.5848,1.819,51.5237,14.0257,0.0426,28.5247
50-100:0080,50-100,62.931,scenic,0.5,town_off,71.4401,91.5618,4.6911,7.2716,36.6514,0.3527,49.8601,21.6392,0.0,41.6803
50-100:0081,50-100,96.286,fastest,0.0,shipped,121.7674,72.1937,0.7109,0.4935,33.2042,10.6751,77.7863,11.9123,1.206,43.8017
50-100:0081,50-100,96.286,scenic,0.5,shipped,112.1199,136.4905,4.7759,11.6541,49.3559,0.0,84.9486,18.69,2.8366,53.4942
50-100:0081,50-100,96.286,fastest,0.0,town_off,121.7674,72.1937,0.6669,0.2173,33.2042,10.6751,77.7863,11.9123,1.206,43.8017
50-100:0081,50-100,96.286,scenic,0.5,town_off,112.7034,132.1235,4.5633,15.0021,56.0387,0.0,87.706,18.0966,3.7728,43.9366
50-100:0082,50-100,88.68,fastest,0.0,shipped,116.3387,112.0136,6.861,60.6524,83.53,0.0,90.3645,108.7545,2.9961,36.0468
50-100:0082,50-100,88.68,scenic,0.5,shipped,119.2486,112.5031,7.0146,66.3296,93.78,0.0,92.467,106.8306,2.1508,40.4995
50-100:0082,50-100,88.68,fastest,0.0,town_off,116.3387,112.0136,7.1585,62.6953,83.53,0.0,90.3645,108.7545,2.9961,36.0468
50-100:0082,50-100,88.68,scenic,0.5,town_off,119.168,112.2635,7.2936,68.4094,90.7424,0.0,93.1783,109.8752,2.9961,37.6165
50-100:0083,50-100,96.098,fastest,0.0,shipped,147.8519,110.1984,2.7634,0.9887,22.0557,0.0,125.5169,41.0856,0.0,11.4358
50-100:0083,50-100,96.098,scenic,0.5,shipped,130.843,116.4533,3.8319,4.6722,34.0393,0.0,111.579,44.4509,0.0,16.459
50-100:0083,50-100,96.098,fastest,0.0,town_off,147.8519,110.1984,3.0076,0.4259,22.0557,0.0,125.5169,41.0856,0.0,11.4358
50-100:0083,50-100,96.098,scenic,0.5,town_off,130.843,116.4533,4.097,5.9283,34.0393,0.0,111.579,44.4509,0.0,16.459
50-100:0084,50-100,72.871,fastest,0.0,shipped,102.7865,76.8871,2.1552,3.7327,42.3123,0.0,62.2123,34.8011,5.7966,46.0273
50-100:0084,50-100,72.871,scenic,0.5,shipped,97.5046,110.7685,5.6804,21.1932,46.3098,0.0,83.0326,22.7718,10.1001,29.9598
50-100:0084,50-100,72.871,fastest,0.0,town_off,102.7865,76.8871,1.9785,3.0036,42.3123,0.0,62.2123,34.8011,5.7966,46.0273
50-100:0084,50-100,72.871,scenic,0.5,town_off,97.3537,110.9246,5.7776,24.5059,46.1589,0.0,82.8816,22.7718,10.1001,29.8088
50-100:0085,50-100,66.911,fastest,0.0,shipped,98.148,60.0695,1.5794,0.6011,30.1699,0.0,75.8796,49.976,12.1349,38.0069
50-100:0085,50-100,66.911,scenic,0.5,shipped,80.4865,87.8568,5.5271,12.6545,24.912,0.0,69.5245,47.9119,18.731,33.7543
50-100:0085,50-100,66.911,fastest,0.0,town_off,98.148,60.0695,1.5818,0.0,30.1699,0.0,75.8796,49.976,12.1349,38.0069
50-100:0085,50-100,66.911,scenic,0.5,town_off,80.4865,87.8568,5.5433,13.1819,24.912,0.0,69.5245,47.9119,18.731,33.7543
50-100:0086,50-100,63.155,fastest,0.0,shipped,99.219,91.7585,5.4696,20.2199,35.0658,0.0,79.7352,83.912,0.0,38.3132
50-100:0086,50-100,63.155,scenic,0.5,shipped,92.6858,96.4709,6.1459,24.6932,35.2665,0.0,73.6551,84.6807,0.0,37.839
50-100:0086,50-100,63.155,fastest,0.0,town_off,99.219,91.7585,5.5643,21.4191,35.0658,0.0,79.7352,83.912,0.0,38.3132
50-100:0086,50-100,63.155,scenic,0.5,town_off,94.2924,96.9928,6.2922,36.3546,36.873,0.0,74.0959,85.6301,0.0,37.839
50-100:0087,50-100,88.426,fastest,0.0,shipped,142.0137,111.2452,4.3151,15.6883,58.2422,0.0,101.5513,121.3032,1.1654,33.7747
50-100:0087,50-100,88.426,scenic,0.5,shipped,125.6141,127.4783,6.1216,39.1519,56.6202,0.0,86.4069,106.3382,2.6851,40.7789
50-100:0087,50-100,88.426,fastest,0.0,town_off,142.0137,111.2452,4.582,20.4591,58.2422,0.0,101.5513,121.3032,1.1654,33.7747
50-100:0087,50-100,88.426,scenic,0.5,town_off,125.5335,127.2386,6.225,43.3753,53.5827,0.0,87.1182,109.3828,3.5304,37.8959
50-100:0088,50-100,74.431,fastest,0.0,shipped,116.1937,70.4568,1.2012,2.9439,39.9271,0.0,91.6616,53.9758,3.0253,28.7473
50-100:0088,50-100,74.431,scenic,0.5,shipped,91.9137,112.9901,5.1562,7.787,19.1036,0.0,77.5093,46.1717,3.2831,23.6134
50-100:0088,50-100,74.431,fastest,0.0,town_off,116.1937,70.4568,1.3616,3.0906,39.9271,0.0,91.6616,53.9758,3.0253,28.7473
50-100:0088,50-100,74.431,scenic,0.5,town_off,91.9137,112.9901,5.2326,12.0735,19.1036,0.0,77.5093,46.1717,3.2831,23.6134
50-100:0089,50-100,70.047,fastest,0.0,shipped,93.9712,59.6708,2.5515,3.4402,53.1003,0.0,76.9957,88.6649,0.0,38.9658
50-100:0089,50-100,70.047,scenic,0.5,shipped,85.2727,98.4224,6.0697,31.8894,65.0737,0.0,71.312,71.2838,0.0,37.1785
50-100:0089,50-100,70.047,fastest,0.0,town_off,93.9712,59.6708,2.6757,3.1469,53.1003,0.0,76.9957,88.6649,0.0,38.9658
50-100:0089,50-100,70.047,scenic,0.5,town_off,84.7811,100.1745,6.3732,38.4706,63.4606,0.0,71.5514,69.8025,0.0,35.704
50-100:0090,50-100,84.925,fastest,0.0,shipped,122.9379,81.0497,1.6646,2.1407,35.0236,8.075,104.9254,28.3554,4.0203,42.2167
50-100:0090,50-100,84.925,scenic,0.5,shipped,99.5279,129.5378,5.5817,18.5819,31.6432,3.6494,85.6006,38.5723,21.4848,46.1132
50-100:0090,50-100,84.925,fastest,0.0,town_off,122.9379,81.0497,1.5775,4.4273,35.0236,8.075,104.9254,28.3554,4.0203,42.2167
50-100:0090,50-100,84.925,scenic,0.5,town_off,99.4824,127.4328,5.3899,18.8874,31.3269,3.6703,85.6886,38.5723,21.4848,45.9192
50-100:0091,50-100,94.435,fastest,0.0,shipped,123.6554,70.4062,0.827,0.0,34.3211,0.0,81.8285,34.5116,4.0792,58.7077
50-100:0091,50-100,94.435,scenic,0.5,shipped,116.1468,147.1303,5.8254,24.9856,53.4683,0.0,101.9638,79.5312,12.3752,38.5098
50-100:0091,50-100,94.435,fastest,0.0,town_off,123.6554,70.4062,0.7506,0.0,34.3211,0.0,81.8285,34.5116,4.0792,58.7077
50-100:0091,50-100,94.435,scenic,0.5,town_off,134.016,138.9703,6.2426,54.7013,70.5316,0.0,123.2625,121.4117,4.3284,48.8469
50-100:0092,50-100,65.894,fastest,0.0,shipped,86.1769,74.9912,3.2019,7.3079,26.8875,0.0,71.7221,49.78,4.2479,20.4552
50-100:0092,50-100,65.894,scenic,0.5,shipped,78.4067,91.7899,5.1636,11.7618,35.4409,0.0,62.9076,37.486,5.6481,22.4449
50-100:0092,50-100,65.894,fastest,0.0,town_off,86.1769,74.9912,3.3354,5.8823,26.8875,0.0,71.7221,49.78,4.2479,20.4552
50-100:0092,50-100,65.894,scenic,0.5,town_off,78.2563,91.9817,5.3273,14.9265,35.4409,0.0,62.8188,37.486,5.6481,22.2945
50-100:0093,50-100,73.129,fastest,0.0,shipped,118.3464,90.1477,4.5947,39.7259,86.1025,0.0,74.1909,107.8271,0.829,29.6219
50-100:0093,50-100,73.129,scenic,0.5,shipped,96.3288,103.7787,7.0614,55.0327,74.5605,0.0,70.1219,86.9322,0.0,40.2228
50-100:0093,50-100,73.129,fastest,0.0,town_off,118.3464,90.1477,4.9035,44.5917,86.1025,0.0,74.1909,107.8271,0.829,29.6219
50-100:0093,50-100,73.129,scenic,0.5,town_off,96.4657,103.6079,7.2685,59.3176,74.9651,0.0,70.8469,87.1328,0.0,39.6138
50-100:0094,50-100,73.705,fastest,0.0,shipped,114.0755,95.664,3.6894,13.0482,49.3123,0.0,98.8014,112.0501,2.021,19.4699
50-100:0094,50-100,73.705,scenic,0.5,shipped,110.409,106.9266,7.0327,56.4847,68.152,0.0,91.6794,105.7582,0.6339,27.7384
50-100:0094,50-100,73.705,fastest,0.0,town_off,114.0755,95.664,4.0037,20.2459,49.3123,0.0,98.8014,112.0501,2.021,19.4699
50-100:0094,50-100,73.705,scenic,0.5,town_off,110.409,106.9266,7.3752,62.2292,68.152,0.0,91.6794,105.7582,0.6339,27.7384
50-100:0095,50-100,86.471,fastest,0.0,shipped,124.3681,112.1641,5.5557,34.7283,71.132,0.0,106.332,62.6486,6.7399,21.8635
50-100:0095,50-100,86.471,scenic,0.5,shipped,124.3681,112.1641,5.5557,34.7283,71.132,0.0,106.332,62.6486,6.7399,21.8635
50-100:0095,50-100,86.471,fastest,0.0,town_off,124.3681,112.1641,5.9446,40.5448,71.132,0.0,106.332,62.6486,6.7399,21.8635
50-100:0095,50-100,86.471,scenic,0.5,town_off,124.3681,112.1641,5.9446,40.5448,71.132,0.0,106.332,62.6486,6.7399,21.8635
50-100:0096,50-100,73.821,fastest,0.0,shipped,86.9536,51.5522,0.8317,0.0,23.8955,10.6751,50.7983,10.0301,0.0,37.078
50-100:0096,50-100,73.821,scenic,0.5,shipped,82.6835,90.087,3.4537,5.4003,26.1057,9.3381,48.5389,14.834,0.9161,40.7113
50-100:0096,50-100,73.821,fastest,0.0,town_off,86.9536,51.5522,0.7495,0.0,23.8955,10.6751,50.7983,10.0301,0.0,37.078
50-100:0096,50-100,73.821,scenic,0.5,town_off,84.2621,85.5791,3.1739,8.101,30.2775,10.6751,49.5024,16.6849,2.2161,38.2549
50-100:0097,50-100,95.013,fastest,0.0,shipped,134.4665,88.6312,1.3705,10.6198,36.7638,3.4294,103.9973,10.062,4.9375,30.4158
50-100:0097,50-100,95.013,scenic,0.5,shipped,133.3208,162.0186,5.7209,42.6104,75.5282,24.1137,101.2146,13.6682,4.155,76.7403
50-100:0097,50-100,95.013,fastest,0.0,town_off,134.4665,88.6312,1.3759,8.4805,36.7638,3.4294,103.9973,10.062,4.9375,30.4158
50-100:0097,50-100,95.013,scenic,0.5,town_off,129.858,159.4866,5.2497,24.907,63.9166,19.1611,96.7428,7.9887,9.1088,55.1874
50-100:0098,50-100,65.26,fastest,0.0,shipped,77.4404,62.9061,2.4029,3.5151,24.1883,0.0,50.2493,36.9779,2.0921,32.0527
50-100:0098,50-100,65.26,scenic,0.5,shipped,73.9271,93.8774,5.6016,16.6556,36.2799,0.0,54.875,31.9715,2.4195,31.7178
50-100:0098,50-100,65.26,fastest,0.0,town_off,77.4404,62.9061,2.3724,1.9142,24.1883,0.0,50.2493,36.9779,2.0921,32.0527
50-100:0098,50-100,65.26,scenic,0.5,town_off,73.9271,93.8774,5.5054,16.3839,36.2799,0.0,54.875,31.9715,2.4195,31.7178
50-100:0099,50-100,90.969,fastest,0.0,shipped,123.667,133.4134,3.3914,1.3942,32.6207,0.0,93.7015,30.835,0.0,14.7291
50-100:0099,50-100,90.969,scenic,0.5,shipped,113.1178,133.8383,4.0051,0.847,36.1838,0.0,99.0476,30.835,0.0,13.4332
50-100:0099,50-100,90.969,fastest,0.0,town_off,123.667,133.4134,3.5564,1.4294,32.6207,0.0,93.7015,30.835,0.0,14.7291
50-100:0099,50-100,90.969,scenic,0.5,town_off,113.1178,133.8383,4.2445,0.057,36.1838,0.0,99.0476,30.835,0.0,13.4332
50-100:0100,50-100,55.814,fastest,0.0,shipped,86.7852,66.4047,1.8827,3.5089,20.5047,2.0154,65.9948,2.9546,2.8924,36.4408
50-100:0100,50-100,55.814,scenic,0.5,shipped,65.4677,85.125,5.1213,6.3571,25.9218,2.0154,50.1038,2.2591,4.1954,37.0518
50-100:0100,50-100,55.814,fastest,0.0,town_off,86.7852,66.4047,1.7863,5.019,20.5047,2.0154,65.9948,2.9546,2.8924,36.4408
50-100:0100,50-100,55.814,scenic,0.5,town_off,65.8639,85.1817,4.8387,7.7078,26.5917,2.0154,51.03,2.2591,4.1954,35.2618
50-100:0101,50-100,80.214,fastest,0.0,shipped,151.1804,94.3197,1.6013,4.007,49.0471,0.0,122.7777,85.3896,7.1282,38.624
50-100:0101,50-100,80.214,scenic,0.5,shipped,116.1725,129.107,6.2442,42.8397,52.8036,0.0,96.3855,95.2217,7.0046,43.9625
50-100:0101,50-100,80.214,fastest,0.0,town_off,151.1804,94.3197,1.7101,5.4424,49.0471,0.0,122.7777,85.3896,7.1282,38.624
50-100:0101,50-100,80.214,scenic,0.5,town_off,116.7275,129.9583,6.4484,43.1341,54.3022,0.0,96.5461,95.9474,7.3698,44.2909
50-100:0102,50-100,97.23,fastest,0.0,shipped,140.9155,114.3228,3.6564,21.0222,55.354,0.0,124.2548,122.108,9.2078,28.0496
50-100:0102,50-100,97.23,scenic,0.5,shipped,131.8306,155.7046,6.5802,51.5107,57.1967,0.0,104.972,118.8168,6.8633,48.3015
50-100:0102,50-100,97.23,fastest,0.0,town_off,140.9155,114.3228,3.8868,22.7609,55.354,0.0,124.2548,122.108,9.2078,28.0496
50-100:0102,50-100,97.23,scenic,0.5,town_off,131.2489,157.1779,6.7527,51.0926,57.5854,0.0,104.3903,118.2351,6.8633,48.7116
50-100:0103,50-100,52.069,fastest,0.0,shipped,104.3339,87.9931,3.4184,9.3592,30.8688,0.0,88.4353,69.6601,3.8462,23.6567
50-100:0103,50-100,52.069,scenic,0.5,shipped,85.2859,98.3501,5.5895,14.0418,33.5386,0.0,79.44,60.0878,3.4051,29.0314
50-100:0103,50-100,52.069,fastest,0.0,town_off,104.3339,87.9931,3.4923,9.825,30.8688,0.0,88.4353,69.6601,3.8462,23.6567
50-100:0103,50-100,52.069,scenic,0.5,town_off,85.1103,99.2749,5.7751,17.4505,35.8091,0.0,79.0377,59.055,3.4051,27.9761
50-100:0104,50-100,88.469,fastest,0.0,shipped,122.1508,82.9442,1.5587,2.8679,30.396,14.8784,99.9095,25.2129,2.6602,41.7775
50-100:0104,50-100,88.469,scenic,0.5,shipped,107.8468,143.2658,5.8247,30.9995,60.5106,6.1931,87.6249,14.1415,8.255,71.081
50-100:0104,50-100,88.469,fastest,0.0,town_off,122.1508,82.9442,1.493,1.3866,30.396,14.8784,99.9095,25.2129,2.6602,41.7775
50-100:0104,50-100,88.469,scenic,0.5,town_off,105.8732,139.6154,5.4838,21.843,48.7148,6.3649,90.4548,17.3132,12.9617,45.275
50-100:0105,50-100,62.094,fastest,0.0,shipped,71.448,59.6623,3.5569,9.6884,32.4314,0.0,62.2674,51.3477,1.8134,17.0444
50-100:0105,50-100,62.094,scenic,0.5,shipped,70.6322,71.9528,4.6542,12.2956,39.2511,0.0,62.6146,44.5442,1.8134,17.7317
50-100:0105,50-100,62.094,fastest,0.0,town_off,71.448,59.6623,3.8034,8.608,32.4314,0.0,62.2674,51.3477,1.8134,17.0444
50-100:0105,50-100,62.094,scenic,0.5,town_off,70.6322,71.9528,4.8863,12.7789,39.2511,0.0,62.6146,44.5442,1.8134,17.7317
50-100:0106,50-100,92.557,fastest,0.0,shipped,128.5083,85.2627,1.2087,1.9656,32.3847,0.0,90.7211,48.3147,2.1234,29.4395
50-100:0106,50-100,92.557,scenic,0.5,shipped,111.1651,132.5572,5.3047,20.9442,40.9743,0.0,90.7013,37.3546,8.1558,49.4754
50-100:0106,50-100,92.557,fastest,0.0,town_off,128.5083,85.2627,1.3386,3.8099,32.3847,0.0,90.7211,48.3147,2.1234,29.4395
50-100:0106,50-100,92.557,scenic,0.5,town_off,110.307,140.5545,5.6305,20.5511,34.1129,0.0,97.6651,43.8244,8.3379,39.7075
50-100:0107,50-100,90.257,fastest,0.0,shipped,113.4709,75.0568,1.3606,3.1274,36.4743,0.0,88.4917,63.357,4.8701,34.9319
50-100:0107,50-100,90.257,scenic,0.5,shipped,109.9114,132.2322,5.2109,21.522,37.7338,0.0,95.6819,59.9167,7.1506,41.9775
50-100:0107,50-100,90.257,fastest,0.0,town_off,113.4709,75.0568,1.4696,1.9204,36.4743,0.0,88.4917,63.357,4.8701,34.9319
50-100:0107,50-100,90.257,scenic,0.5,town_off,111.6341,137.6407,5.6329,31.8939,44.9575,0.0,100.5849,62.77,6.0357,34.4107
50-100:0108,50-100,85.503,fastest,0.0,shipped,115.6258,60.4689,0.5152,0.344,35.3725,0.5116,90.2697,11.3291,4.775,28.0499
50-100:0108,50-100,85.503,scenic,0.5,shipped,99.7944,125.1626,5.3839,22.3591,47.3286,15.0152,69.8701,23.6138,1.3825,54.528
50-100:0108,50-100,85.503,fastest,0.0,town_off,115.6258,60.4689,0.5455,0.344,35.3725,0.5116,90.2697,11.3291,4.775,28.0499
50-100:0108,50-100,85.503,scenic,0.5,town_off,99.278,113.9184,4.5799,18.596,41.6957,13.0315,68.7747,24.0001,3.379,46.6846
50-100:0109,50-100,68.12,fastest,0.0,shipped,92.9911,51.7546,0.6251,0.2409,27.8033,5.4422,64.4081,8.8345,0.0,37.0638
50-100:0109,50-100,68.12,scenic,0.5,shipped,79.0664,104.6713,5.7917,20.0828,41.9413,3.8537,58.1819,18.3668,1.8432,47.4612
50-100:0109,50-100,68.12,fastest,0.0,town_off,92.9911,51.7546,0.4711,0.0174,27.8033,5.4422,64.4081,8.8345,0.0,37.0638
50-100:0109,50-100,68.12,scenic,0.5,town_off,78.643,93.081,4.9275,17.9542,31.6304,6.2205,63.377,16.8674,1.8285,34.3327
50-100:0110,50-100,91.434,fastest,0.0,shipped,121.0144,67.6152,1.0675,2.8875,36.4355,0.0,105.6588,67.1106,4.4423,25.9868
50-100:0110,50-100,91.434,scenic,0.5,shipped,105.0063,126.2695,5.6861,23.1018,40.1892,0.0,97.0159,56.4055,17.1969,40.3198
50-100:0110,50-100,91.434,fastest,0.0,town_off,121.0144,67.6152,1.2625,3.3766,36.4355,0.0,105.6588,67.1106,4.4423,25.9868
50-100:0110,50-100,91.434,scenic,0.5,town_off,105.0063,126.2695,5.6981,21.1079,40.1892,0.0,97.0159,56.4055,17.1969,40.3198
50-100:0111,50-100,50.895,fastest,0.0,shipped,68.4806,57.9892,1.9491,1.8617,20.5887,0.0,49.6597,14.3393,0.0,28.6723
50-100:0111,50-100,50.895,scenic,0.5,shipped,62.7145,76.155,5.2882,7.1267,34.5123,0.0,39.8321,23.9467,0.0,32.1228
50-100:0111,50-100,50.895,fastest,0.0,town_off,68.4806,57.9892,1.7707,1.1221,20.5887,0.0,49.6597,14.3393,0.0,28.6723
50-100:0111,50-100,50.895,scenic,0.5,town_off,62.7145,76.155,5.1325,5.9658,34.5123,0.0,39.8321,23.9467,0.0,32.1228
50-100:0112,50-100,81.823,fastest,0.0,shipped,101.7193,58.7074,0.7187,0.1572,37.0289,0.0,59.0953,34.4832,1.0229,39.5826
50-100:0112,50-100,81.823,scenic,0.5,shipped,91.2823,103.5424,4.6951,11.903,40.6964,0.0,64.8724,34.1742,1.6627,26.1255
50-100:0112,50-100,81.823,fastest,0.0,town_off,101.7193,58.7074,0.6435,0.0,37.0289,0.0,59.0953,34.4832,1.0229,39.5826
50-100:0112,50-100,81.823,scenic,0.5,town_off,91.4242,102.8611,4.7418,13.8955,40.2395,0.0,63.4382,34.1742,1.6627,24.9019
50-100:0113,50-100,99.542,fastest,0.0,shipped,143.1668,86.8671,0.9405,2.7081,42.6608,4.686,105.863,16.4462,3.7183,45.4211
50-100:0113,50-100,99.542,scenic,0.5,shipped,118.3668,138.3571,5.7843,25.6714,44.2106,0.0,114.317,32.0542,14.4687,48.2384
50-100:0113,50-100,99.542,fastest,0.0,town_off,143.1668,86.8671,0.8691,2.7081,42.6608,4.686,105.863,16.4462,3.7183,45.4211
50-100:0113,50-100,99.542,scenic,0.5,town_off,118.4291,140.7035,5.9304,31.5334,47.6328,0.0,114.3793,33.5405,13.5865,48.2384
50-100:0114,50-100,65.129,fastest,0.0,shipped,91.5585,72.6252,3.0992,7.464,34.448,0.0,69.6232,39.9016,12.1102,27.8198
50-100:0114,50-100,65.129,scenic,0.5,shipped,78.6412,90.3307,5.956,25.261,33.8579,0.0,64.8002,40.3055,17.7809,26.0555
50-100:0114,50-100,65.129,fastest,0.0,town_off,91.5585,72.6252,3.1645,14.8494,34.448,0.0,69.6232,39.9016,12.1102,27.8198
50-100:0114,50-100,65.129,scenic,0.5,town_off,78.6412,90.3307,6.1082,27.3238,33.8579,0.0,64.8002,40.3055,17.7809,26.0555
50-100:0115,50-100,52.765,fastest,0.0,shipped,79.2585,48.4284,0.871,0.0,18.0909,0.0,59.2089,23.7284,1.4008,24.1284
50-100:0115,50-100,52.765,scenic,0.5,shipped,62.8361,77.2598,5.8147,11.2624,31.5504,0.0,53.6546,18.3209,6.3341,28.5572
50-100:0115,50-100,52.765,fastest,0.0,town_off,79.2585,48.4284,0.8887,0.0,18.0909,0.0,59.2089,23.7284,1.4008,24.1284
50-100:0115,50-100,52.765,scenic,0.5,town_off,62.929,78.1313,5.8071,11.5529,31.6433,0.0,54.3473,18.3209,7.0673,28.2624
50-100:0116,50-100,78.93,fastest,0.0,shipped,105.6668,57.2051,0.3785,0.3054,20.5367,0.0,65.3384,27.2224,0.0,25.014
50-100:0116,50-100,78.93,scenic,0.5,shipped,95.1503,115.4955,5.5822,19.4093,48.5035,0.0,76.7599,46.2493,1.8823,28.4984
50-100:0116,50-100,78.93,fastest,0.0,town_off,105.6668,57.2051,0.3531,0.0,20.5367,0.0,65.3384,27.2224,0.0,25.014
50-100:0116,50-100,78.93,scenic,0.5,town_off,95.0506,116.1198,5.8381,25.6645,51.5163,0.0,77.3924,46.0556,2.704,23.2791
50-100:0117,50-100,76.693,fastest,0.0,shipped,88.0155,70.4955,2.5208,4.0087,37.3935,12.3781,57.6431,11.7938,5.8306,39.0186
50-100:0117,50-100,76.693,scenic,0.5,shipped,83.494,81.552,3.5528,4.8453,32.026,11.9556,48.9151,9.656,5.0658,45.4605
50-100:0117,50-100,76.693,fastest,0.0,town_off,88.0155,70.4955,2.3908,2.2298,37.3935,12.3781,57.6431,11.7938,5.8306,39.0186
50-100:0117,50-100,76.693,scenic,0.5,town_off,84.5379,84.1902,3.494,2.1449,30.6205,11.9556,51.2063,13.0816,3.8153,41.9834
50-100:0118,50-100,53.168,fastest,0.0,shipped,71.7947,48.0133,1.0643,0.9978,18.839,0.0,47.2301,5.8679,0.0,24.096
50-100:0118,50-100,53.168,scenic,0.5,shipped,64.5717,84.012,5.3016,7.0954,32.3831,0.0,48.0303,11.8729,1.8458,35.4595
50-100:0118,50-100,53.168,fastest,0.0,town_off,71.7947,48.0133,1.0607,0.7087,18.839,0.0,47.2301,5.8679,0.0,24.096
50-100:0118,50-100,53.168,scenic,0.5,town_off,64.5688,84.0518,5.0822,9.0317,32.3801,0.0,48.1885,11.9443,1.8458,35.4565
50-100:0119,50-100,79.348,fastest,0.0,shipped,117.0016,92.6547,3.4021,8.2792,33.4394,0.0,105.3489,81.6833,3.7326,30.2194
50-100:0119,50-100,79.348,scenic,0.5,shipped,93.5432,112.133,5.9819,20.1752,42.6267,0.0,90.3933,72.8775,0.0,22.561
50-100:0119,50-100,79.348,fastest,0.0,town_off,117.0016,92.6547,3.5573,8.9174,33.4394,0.0,105.3489,81.6833,3.7326,30.2194
50-100:0119,50-100,79.348,scenic,0.5,town_off,93.5432,112.133,6.2852,29.1718,42.6267,0.0,90.3933,72.8775,0.0,22.561
50-100:0120,50-100,58.027,fastest,0.0,shipped,74.5958,43.2937,0.7189,0.0,14.0475,0.0,63.3998,16.4875,2.3429,18.9104
50-100:0120,50-100,58.027,scenic,0.5,shipped,66.0452,54.6536,2.5857,5.0845,29.3646,0.0,50.0177,6.7706,2.2004,25.402
50-100:0120,50-100,58.027,fastest,0.0,town_off,74.5958,43.2937,0.7203,0.0,14.0475,0.0,63.3998,16.4875,2.3429,18.9104
50-100:0120,50-100,58.027,scenic,0.5,town_off,65.5763,56.923,2.6537,4.6773,24.8625,0.0,49.1603,7.879,2.2004,22.1249
50-100:0121,50-100,93.867,fastest,0.0,shipped,145.3323,102.7088,2.4866,7.8603,38.9096,0.0,115.7072,66.6556,17.4947,52.1727
50-100:0121,50-100,93.867,scenic,0.5,shipped,129.7622,141.6151,7.3079,72.2404,79.4895,0.0,119.3547,124.6932,6.0786,50.1162
50-100:0121,50-100,93.867,fastest,0.0,town_off,145.3323,102.7088,2.5068,7.5838,38.9096,0.0,115.7072,66.6556,17.4947,52.1727
50-100:0121,50-100,93.867,scenic,0.5,town_off,129.7622,141.6151,7.5703,75.5395,79.4895,0.0,119.3547,124.6932,6.0786,50.1162
50-100:0122,50-100,68.277,fastest,0.0,shipped,81.6011,54.0744,1.1335,1.8995,22.5827,6.7145,55.4698,10.2301,2.494,26.4872
50-100:0122,50-100,68.277,scenic,0.5,shipped,77.343,78.997,3.178,5.3932,31.3456,18.8869,44.4296,11.1027,1.7138,32.1398
50-100:0122,50-100,68.277,fastest,0.0,town_off,81.6011,54.0744,1.0819,1.038,22.5827,6.7145,55.4698,10.2301,2.494,26.4872
50-100:0122,50-100,68.277,scenic,0.5,town_off,75.7293,61.7761,1.8796,3.8042,27.1533,3.5813,50.9925,11.9053,2.494,23.1215
50-100:0123,50-100,55.831,fastest,0.0,shipped,69.2108,66.4264,3.7237,10.1663,26.5038,0.0,54.1828,31.1922,1.2405,16.1481
50-100:0123,50-100,55.831,scenic,0.5,shipped,65.9577,75.5934,4.8707,10.6476,19.2765,0.0,40.3191,31.7721,1.2405,31.0271
50-100:0123,50-100,55.831,fastest,0.0,town_off,69.2108,66.4264,3.9061,12.8616,26.5038,0.0,54.1828,31.1922,1.2405,16.1481
50-100:0123,50-100,55.831,scenic,0.5,town_off,67.0546,77.1121,4.8787,11.5973,22.4467,0.0,42.7833,32.2861,1.2405,29.7667
50-100:0124,50-100,89.588,fastest,0.0,shipped,123.8599,81.0012,1.4826,8.1019,37.323,0.0,80.9066,45.3991,5.4672,37.6246
50-100:0124,50-100,89.588,scenic,0.5,shipped,108.6398,131.9321,5.3016,18.9284,39.7193,0.0,92.0164,27.3739,13.255,38.41
50-100:0124,50-100,89.588,fastest,0.0,town_off,123.8599,81.0012,1.5406,7.2491,37.323,0.0,80.9066,45.3991,5.4672,37.6246
50-100:0124,50-100,89.588,scenic,0.5,town_off,108.0877,133.1216,5.399,21.022,37.2637,0.0,92.8823,27.3739,13.8284,36.15
50-100:0125,50-100,77.548,fastest,0.0,shipped,115.3956,77.4036,1.7902,1.8397,19.4803,0.0,111.3288,62.7533,5.1135,25.9843
50-100:0125,50-100,77.548,scenic,0.5,shipped,93.0766,104.6868,5.2787,18.1608,39.9172,0.0,87.0596,45.1294,6.1576,29.1181
50-100:0125,50-100,77.548,fastest,0.0,town_off,115.3956,77.4036,1.8954,1.6376,19.4803,0.0,111.3288,62.7533,5.1135,25.9843
50-100:0125,50-100,77.548,scenic,0.5,town_off,93.0766,104.6868,5.4087,19.7464,39.9172,0.0,87.0596,45.1294,6.1576,29.1181
50-100:0126,50-100,82.547,fastest,0.0,shipped,96.2703,56.9052,0.7068,0.3153,20.8679,12.7149,67.7294,6.7731,0.7648,37.2574
50-100:0126,50-100,82.547,scenic,0.5,shipped,101.1678,124.4136,5.0195,10.7536,45.353,15.0407,63.4987,7.2599,4.2125,60.5535
50-100:0126,50-100,82.547,fastest,0.0,town_off,96.2703,56.9052,0.6383,0.0,20.8679,12.7149,67.7294,6.7731,0.7648,37.2574
50-100:0126,50-100,82.547,scenic,0.5,town_off,102.0372,117.3501,4.4837,14.2282,45.7461,15.8578,64.2561,9.1815,5.5126,52.5714
50-100:0127,50-100,83.781,fastest,0.0,shipped,119.3657,103.9764,5.424,31.8133,46.1674,0.0,103.0122,107.6804,1.5641,32.9333
50-100:0127,50-100,83.781,scenic,0.5,shipped,109.7314,110.1324,6.849,51.0366,56.62,0.0,97.3796,99.9799,2.941,32.3547
50-100:0127,50-100,83.781,fastest,0.0,town_off,119.3657,103.9764,5.6882,46.3583,46.1674,0.0,103.0122,107.6804,1.5641,32.9333
50-100:0127,50-100,83.781,scenic,0.5,town_off,109.7314,110.1324,7.1679,58.6757,56.62,0.0,97.3796,99.9799,2.941,32.3547
50-100:0128,50-100,81.504,fastest,0.0,shipped,107.6371,68.9249,1.0879,2.1642,27.7764,0.0,73.1203,29.1174,2.7064,35.7015
50-100:0128,50-100,81.504,scenic,0.5,shipped,99.3114,122.8669,5.7306,19.4365,44.1796,0.0,88.2347,36.8742,7.2954,42.8001
50-100:0128,50-100,81.504,fastest,0.0,town_off,107.6371,68.9249,1.0988,3.8889,27.7764,0.0,73.1203,29.1174,2.7064,35.7015
50-100:0128,50-100,81.504,scenic,0.5,town_off,99.7645,122.6538,5.7302,18.9243,45.3764,0.0,88.5526,36.8477,9.4182,36.9827
50-100:0129,50-100,99.696,fastest,0.0,shipped,109.8741,100.3633,4.5042,10.7057,44.7289,0.0,66.9218,66.6125,13.8017,52.461
50-100:0129,50-100,99.696,scenic,0.5,shipped,110.6492,119.8402,5.8843,30.002,48.1356,0.0,71.1116,72.7182,8.1608,39.6703
50-100:0129,50-100,99.696,fastest,0.0,town_off,109.8741,100.3633,4.3392,7.2571,44.7289,0.0,66.9218,66.6125,13.8017,52.461
50-100:0129,50-100,99.696,scenic,0.5,town_off,110.5686,119.6005,5.8785,31.4124,45.0981,0.0,71.823,75.7628,9.0062,36.7873
50-100:0130,50-100,85.02,fastest,0.0,shipped,136.2694,78.4274,1.576,3.4963,45.0076,0.0,123.4102,114.9836,1.6286,22.672
50-100:0130,50-100,85.02,scenic,0.5,shipped,125.5159,140.4126,7.1457,76.1096,81.1954,0.0,104.0925,117.6483,3.5362,45.9925
50-100:0130,50-100,85.02,fastest,0.0,town_off,136.2694,78.4274,1.8691,2.9333,45.0076,0.0,123.4102,114.9836,1.6286,22.672
50-100:0130,50-100,85.02,scenic,0.5,town_off,125.5159,140.4126,7.358,84.6016,81.1954,0.0,104.0925,117.6483,3.5362,45.9925
50-100:0131,50-100,61.324,fastest,0.0,shipped,78.3012,53.0113,1.3013,3.0546,18.264,10.4732,54.5266,16.3345,1.2061,29.0958
50-100:0131,50-100,61.324,scenic,0.5,shipped,71.283,93.4581,4.8924,12.4279,31.8117,1.801,47.8562,10.489,1.1738,42.9238
50-100:0131,50-100,61.324,fastest,0.0,town_off,78.3012,53.0113,1.271,3.247,18.264,10.4732,54.5266,16.3345,1.2061,29.0958
50-100:0131,50-100,61.324,scenic,0.5,town_off,73.5236,88.1126,4.4031,11.6361,36.4142,1.801,50.0586,8.9136,1.1738,38.5058
50-100:0132,50-100,78.824,fastest,0.0,shipped,158.2814,101.9862,3.6335,31.5668,78.6389,0.0,116.0596,130.8934,0.0,28.1153
50-100:0132,50-100,78.824,scenic,0.5,shipped,130.204,130.8598,6.2014,42.6253,58.2953,0.0,115.5342,94.414,5.0847,35.6676
50-100:0132,50-100,78.824,fastest,0.0,town_off,158.2814,101.9862,3.9972,33.3204,78.6389,0.0,116.0596,130.8934,0.0,28.1153
50-100:0132,50-100,78.824,scenic,0.5,town_off,130.204,130.8598,6.3935,48.1199,58.2953,0.0,115.5342,94.414,5.0847,35.6676
50-100:0133,50-100,89.957,fastest,0.0,shipped,121.6734,86.563,1.6644,2.3989,34.3528,4.686,90.4224,9.8009,2.5219,31.8724
50-100:0133,50-100,89.957,scenic,0.5,shipped,105.3495,124.6311,4.6237,13.2079,35.3027,4.7199,77.7101,13.1458,5.1535,53.4954
50-100:0133,50-100,89.957,fastest,0.0,town_off,121.6734,86.563,1.6278,3.1892,34.3528,4.686,90.4224,9.8009,2.5219,31.8724
50-100:0133,50-100,89.957,scenic,0.5,town_off,106.1822,115.1771,3.9916,6.4212,35.6172,5.2063,79.4739,10.8521,6.9495,45.0852
50-100:0134,50-100,80.211,fastest,0.0,shipped,110.0321,70.3862,1.2395,2.1685,33.5052,7.2964,84.2355,14.2285,0.0,39.0072
50-100:0134,50-100,80.211,scenic,0.5,shipped,91.1546,99.8485,4.6056,13.9438,35.9121,10.9238,71.6754,14.0742,4.1963,53.963
50-100:0134,50-100,80.211,fastest,0.0,town_off,110.0321,70.3862,1.1543,1.1971,33.5052,7.2964,84.2355,14.2285,0.0,39.0072
50-100:0134,50-100,80.211,scenic,0.5,town_off,91.493,101.01,4.3149,12.4527,38.6384,10.9238,72.6621,14.0742,4.1963,53.2671
50-100:0135,50-100,88.602,fastest,0.0,shipped,109.4721,114.5062,5.8677,28.4284,47.0845,0.0,68.7149,83.0329,9.1011,32.0975
50-100:0135,50-100,88.602,scenic,0.5,shipped,107.6356,116.0544,5.9872,28.6062,46.1499,0.0,76.6862,90.5731,9.563,32.988
50-100:0135,50-100,88.602,fastest,0.0,town_off,109.4721,114.5062,6.0212,35.2351,47.0845,0.0,68.7149,83.0329,9.1011,32.0975
50-100:0135,50-100,88.602,scenic,0.5,town_off,107.6356,116.0544,6.1652,36.1494,46.1499,0.0,76.6862,90.5731,9.563,32.988
50-100:0136,50-100,80.804,fastest,0.0,shipped,106.4247,86.5249,2.0708,4.8319,31.0551,11.3623,77.9666,34.0092,2.494,36.0899
50-100:0136,50-100,80.804,scenic,0.5,shipped,96.3025,104.9866,4.2524,15.118,39.5961,15.266,67.0557,40.8151,2.4485,36.4291
50-100:0136,50-100,80.804,fastest,0.0,town_off,106.4247,86.5249,2.0461,3.6165,31.0551,11.3623,77.9666,34.0092,2.494,36.0899
50-100:0136,50-100,80.804,scenic,0.5,town_off,96.3025,104.9866,4.3032,17.1163,39.5961,15.266,67.0557,40.8151,2.4485,36.4291
50-100:0137,50-100,84.426,fastest,0.0,shipped,102.136,65.7106,1.2078,0.3269,41.8037,15.6368,67.6783,17.4895,0.0426,41.9665
50-100:0137,50-100,84.426,scenic,0.5,shipped,95.8371,119.5528,4.7267,11.8692,45.1145,14.7151,66.684,28.2146,0.0,52.9599
50-100:0137,50-100,84.426,fastest,0.0,town_off,102.136,65.7106,1.2564,0.6898,41.8037,15.6368,67.6783,17.4895,0.0426,41.9665
50-100:0137,50-100,84.426,scenic,0.5,town_off,95.8371,119.5528,4.5019,11.103,45.1145,14.7151,66.684,28.2146,0.0,52.9599
50-100:0138,50-100,61.474,fastest,0.0,shipped,73.3014,45.0241,0.9342,0.5956,13.0908,0.0,65.0862,43.4519,1.3874,17.8513
50-100:0138,50-100,61.474,scenic,0.5,shipped,71.3136,90.7197,6.2388,22.5688,33.3614,0.0,59.1521,40.8946,3.1926,31.4149
50-100:0138,50-100,61.474,fastest,0.0,town_off,73.3014,45.0241,1.0042,0.1334,13.0908,0.0,65.0862,43.4519,1.3874,17.8513
50-100:0138,50-100,61.474,scenic,0.5,town_off,69.9556,91.2185,6.1463,19.769,31.0856,0.0,60.6827,37.421,5.9256,26.5358
50-100:0139,50-100,67.223,fastest,0.0,shipped,94.2011,64.0673,1.3741,5.137,33.2747,2.015,60.2473,26.6446,2.0544,40.7782
50-100:0139,50-100,67.223,scenic,0.5,shipped,80.5175,106.2621,5.7885,19.8377,39.3481,0.5487,64.957,29.1347,9.0501,42.8815
50-100:0139,50-100,67.223,fastest,0.0,town_off,94.2011,64.0673,1.3631,3.2878,33.2747,2.015,60.2473,26.6446,2.0544,40.7782
50-100:0139,50-100,67.223,scenic,0.5,town_off,83.9256,104.9357,5.8556,16.6486,50.981,0.5487,74.3548,28.004,5.7545,34.4436
50-100:0140,50-100,85.58,fastest,0.0,shipped,135.416,82.9217,0.9523,0.4053,35.8163,0.0,81.6583,39.2933,0.5086,26.3514
50-100:0140,50-100,85.58,scenic,0.5,shipped,105.6096,113.5394,5.5946,21.7762,42.703,0.0,96.9689,59.8862,9.2724,26.5895
50-100:0140,50-100,85.58,fastest,0.0,town_off,135.416,82.9217,1.0109,0.2689,35.8163,0.0,81.6583,39.2933,0.5086,26.3514
50-100:0140,50-100,85.58,scenic,0.5,town_off,108.2378,116.6243,6.0806,34.0222,53.1144,0.0,100.5305,63.6154,9.179,26.7076
50-100:0141,50-100,58.16,fastest,0.0,shipped,81.5238,80.9451,6.0337,20.217,35.2107,0.0,70.0943,71.0876,1.1277,24.2918
50-100:0141,50-100,58.16,scenic,0.5,shipped,82.1623,82.5409,6.4192,25.2065,40.6799,0.0,70.9184,74.0824,1.1277,26.2504
50-100:0141,50-100,58.16,fastest,0.0,town_off,81.5238,80.9451,6.2045,24.8664,35.2107,0.0,70.0943,71.0876,1.1277,24.2918
50-100:0141,50-100,58.16,scenic,0.5,town_off,82.1623,82.5409,6.5956,30.3355,40.6799,0.0,70.9184,74.0824,1.1277,26.2504
50-100:0142,50-100,75.189,fastest,0.0,shipped,107.8835,78.5833,2.5962,19.6785,46.5472,5.0267,91.9855,56.7964,0.0,39.5414
50-100:0142,50-100,75.189,scenic,0.5,shipped,92.4573,117.2655,6.1286,30.3009,45.8049,4.1417,83.5225,45.1249,3.3778,49.8308
50-100:0142,50-100,75.189,fastest,0.0,town_off,107.8835,78.5833,2.7122,19.2472,46.5472,5.0267,91.9855,56.7964,0.0,39.5414
50-100:0142,50-100,75.189,scenic,0.5,town_off,92.1248,117.2001,6.0486,32.7964,39.5309,4.1417,83.4058,52.112,10.0826,32.5907
50-100:0143,50-100,52.616,fastest,0.0,shipped,64.6044,47.629,1.9392,3.6591,21.8296,0.0,41.7455,27.1818,0.9507,26.1568
50-100:0143,50-100,52.616,scenic,0.5,shipped,61.8286,79.2719,5.7713,19.1097,33.3665,0.0,45.5567,25.1478,1.0607,24.6103
50-100:0143,50-100,52.616,fastest,0.0,town_off,64.6044,47.629,1.9643,3.2247,21.8296,0.0,41.7455,27.1818,0.9507,26.1568
50-100:0143,50-100,52.616,scenic,0.5,town_off,61.8286,79.2719,5.8117,19.7492,33.3665,0.0,45.5567,25.1478,1.0607,24.6103
50-100:0144,50-100,99.236,fastest,0.0,shipped,148.955,87.8989,0.9053,4.2462,35.7192,0.0,129.6633,65.7212,2.7329,34.0167
50-100:0144,50-100,99.236,scenic,0.5,shipped,120.0202,146.3736,5.682,29.7753,49.8617,0.0,100.9932,33.8902,13.2075,57.6226
50-100:0144,50-100,99.236,fastest,0.0,town_off,148.955,87.8989,1.0374,4.2646,35.7192,0.0,129.6633,65.7212,2.7329,34.0167
50-100:0144,50-100,99.236,scenic,0.5,town_off,120.0825,148.7201,5.6033,26.615,53.2839,0.0,101.0554,35.3764,12.3253,57.6226
50-100:0145,50-100,90.589,fastest,0.0,shipped,111.4315,81.4214,1.9395,4.5711,45.5786,0.0,95.1793,40.0607,4.8613,30.1738
50-100:0145,50-100,90.589,scenic,0.5,shipped,110.1018,117.2504,4.4929,16.2457,56.7376,0.0,99.1621,63.9177,5.0794,52.9901
50-100:0145,50-100,90.589,fastest,0.0,town_off,111.4315,81.4214,2.0649,4.9901,45.5786,0.0,95.1793,40.0607,4.8613,30.1738
50-100:0145,50-100,90.589,scenic,0.5,town_off,110.1825,118.1755,4.4263,19.2657,56.7275,0.0,99.6633,63.8686,5.2924,51.9663
50-100:0146,50-100,80.055,fastest,0.0,shipped,139.6914,100.4905,3.2789,22.3075,69.2989,0.0,116.2883,129.5488,6.3935,21.588
50-100:0146,50-100,80.055,scenic,0.5,shipped,117.9221,133.5119,7.355,74.0857,76.8803,0.0,103.2684,117.2704,0.8866,35.1841
50-100:0146,50-100,80.055,fastest,0.0,town_off,139.6914,100.4905,3.5794,28.0248,69.2989,0.0,116.2883,129.5488,6.3935,21.588
50-100:0146,50-100,80.055,scenic,0.5,town_off,117.9221,133.5119,7.7096,84.074,76.8803,0.0,103.2684,117.2704,0.8866,35.1841
50-100:0147,50-100,69.118,fastest,0.0,shipped,80.6351,91.0951,5.8684,16.2566,24.0658,0.0,75.1553,55.1707,11.3032,21.8769
50-100:0147,50-100,69.118,scenic,0.5,shipped,80.6351,91.0951,5.8684,16.2566,24.0658,0.0,75.1553,55.1707,11.3032,21.8769
50-100:0147,50-100,69.118,fastest,0.0,town_off,80.6351,91.0951,6.0514,23.183,24.0658,0.0,75.1553,55.1707,11.3032,21.8769
50-100:0147,50-100,69.118,scenic,0.5,town_off,80.6351,91.0951,6.0514,23.183,24.0658,0.0,75.1553,55.1707,11.3032,21.8769
50-100:0148,50-100,82.097,fastest,0.0,shipped,125.5472,112.1184,5.8501,41.4,50.6576,0.0,107.5557,118.846,0.0,32.4939
50-100:0148,50-100,82.097,scenic,0.5,shipped,126.1321,114.2405,6.0721,46.4301,53.5432,0.0,109.6664,119.8823,0.0,32.5694
50-100:0148,50-100,82.097,fastest,0.0,town_off,125.5472,112.1184,6.1887,47.0723,50.6576,0.0,107.5557,118.846,0.0,32.4939
50-100:0148,50-100,82.097,scenic,0.5,town_off,126.1321,114.2405,6.4364,52.1529,53.5432,0.0,109.6664,119.8823,0.0,32.5694
50-100:0149,50-100,64.567,fastest,0.0,shipped,89.6157,83.7824,4.0905,7.7188,17.595,0.0,72.7955,63.8904,7.3494,27.6302
50-100:0149,50-100,64.567,scenic,0.5,shipped,85.6245,100.1471,5.4771,14.8924,26.4147,0.0,73.0999,54.0406,9.1319,30.6726
50-100:0149,50-100,64.567,fastest,0.0,town_off,89.6157,83.7824,4.0993,9.1858,17.595,0.0,72.7955,63.8904,7.3494,27.6302
50-100:0149,50-100,64.567,scenic,0.5,town_off,85.6712,100.065,5.5318,19.2299,27.1583,0.0,73.1466,54.0698,9.1319,31.0415
50-100:0150,50-100,65.739,fastest,0.0,shipped,79.8603,52.3418,1.3626,0.0,25.8606,3.7045,47.9102,29.1751,3.3606,36.0761
50-100:0150,50-100,65.739,scenic,0.5,shipped,81.2487,105.1203,6.4788,35.2441,59.5931,4.1113,61.4947,30.7957,1.522,54.976
50-100:0150,50-100,65.739,fastest,0.0,town_off,79.8603,52.3418,1.2788,0.0,25.8606,3.7045,47.9102,29.1751,3.3606,36.0761
50-100:0150,50-100,65.739,scenic,0.5,town_off,82.0104,103.943,6.2373,36.9959,58.9829,4.1113,64.6198,34.3041,3.5185,45.2513
50-100:0151,50-100,98.261,fastest,0.0,shipped,122.0375,76.7014,1.0812,2.287,36.4859,10.4732,70.2353,11.4808,0.0,43.822
50-100:0151,50-100,98.261,scenic,0.5,shipped,117.9981,146.9602,4.7697,16.0132,40.3203,19.714,78.0,16.4402,3.3391,67.7429
50-100:0151,50-100,98.261,fastest,0.0,town_off,122.0375,76.7014,1.0145,1.319,36.4859,10.4732,70.2353,11.4808,0.0,43.822
50-100:0151,50-100,98.261,scenic,0.5,town_off,116.6614,126.4078,3.5988,14.5265,40.42,19.714,60.1139,16.4787,2.1575,58.1163
50-100:0152,50-100,66.902,fastest,0.0,shipped,95.7959,59.645,0.8924,2.5118,29.0742,0.0,54.2551,18.3297,2.8884,39.5892
50-100:0152,50-100,66.902,scenic,0.5,shipped,78.6206,94.9323,4.1874,5.6507,19.3682,0.0,54.4525,11.5098,9.3622,32.879
50-100:0152,50-100,66.902,fastest,0.0,town_off,95.7959,59.645,0.8589,2.2525,29.0742,0.0,54.2551,18.3297,2.8884,39.5892
50-100:0152,50-100,66.902,scenic,0.5,town_off,80.1216,101.1616,4.5562,11.0327,26.126,0.0,61.9893,12.8031,13.0431,29.7864
50-100:0153,50-100,84.078,fastest,0.0,shipped,115.7127,71.5841,0.8442,2.1067,29.9599,6.4616,89.0588,7.4255,1.2488,33.5285
50-100:0153,50-100,84.078,scenic,0.5,shipped,104.3007,123.4983,5.625,19.654,42.8946,23.0294,85.44,7.1646,4.5013,60.533
50-100:0153,50-100,84.078,fastest,0.0,town_off,115.7127,71.5841,0.8337,2.2181,29.9599,6.4616,89.0588,7.4255,1.2488,33.5285
50-100:0153,50-100,84.078,scenic,0.5,town_off,103.7305,124.3535,5.4288,19.4948,42.449,23.0294,87.1805,7.1646,2.5505,55.2789
50-100:0154,50-100,55.196,fastest,0.0,shipped,71.6511,60.2489,3.126,7.2147,34.1642,0.0,57.9987,23.6901,1.7974,32.1919
50-100:0154,50-100,55.196,scenic,0.5,shipped,63.4807,78.8871,5.2197,8.6899,29.1803,0.0,45.8937,29.7379,2.0909,23.444
50-100:0154,50-100,55.196,fastest,0.0,town_off,71.6511,60.2489,3.1144,7.909,34.1642,0.0,57.9987,23.6901,1.7974,32.1919
50-100:0154,50-100,55.196,scenic,0.5,town_off,63.4807,78.8871,5.2294,9.4081,29.1803,0.0,45.8937,29.7379,2.0909,23.444
50-100:0155,50-100,69.673,fastest,0.0,shipped,121.7361,84.0733,3.8193,34.1239,73.1647,0.0,77.8275,117.8033,1.1774,24.673
50-100:0155,50-100,69.673,scenic,0.5,shipped,95.5686,102.4276,7.1727,56.182,73.774,0.0,76.9965,92.0459,0.0,36.4037
50-100:0155,50-100,69.673,fastest,0.0,town_off,121.7361,84.0733,4.1149,38.3625,73.1647,0.0,77.8275,117.8033,1.1774,24.673
50-100:0155,50-100,69.673,scenic,0.5,town_off,95.5686,102.4276,7.457,61.3075,73.774,0.0,76.9965,92.0459,0.0,36.4037
50-100:0156,50-100,69.718,fastest,0.0,shipped,87.7669,57.7824,1.074,1.0184,25.3322,10.6751,46.7708,7.7772,0.0,45.4312
50-100:0156,50-100,69.718,scenic,0.5,shipped,85.6809,104.3667,4.7566,12.9478,30.7632,23.4537,52.2019,9.045,0.0,60.5917
50-100:0156,50-100,69.718,fastest,0.0,town_off,87.7669,57.7824,0.9258,1.4316,25.3322,10.6751,46.7708,7.7772,0.0,45.4312
50-100:0156,50-100,69.718,scenic,0.5,town_off,84.2666,110.224,4.7945,11.7683,27.8057,20.7795,60.5981,8.5206,0.0,40.6586
50-100:0157,50-100,62.226,fastest,0.0,shipped,84.2828,69.5828,3.9312,12.1542,36.8074,0.0,63.8034,80.6076,0.0,24.7873
50-100:0157,50-100,62.226,scenic,0.5,shipped,81.3075,85.1591,6.5414,36.5383,46.5352,0.0,64.7863,77.8261,0.733,31.2962
50-100:0157,50-100,62.226,fastest,0.0,town_off,84.2828,69.5828,4.0984,16.0409,36.8074,0.0,63.8034,80.6076,0.0,24.7873
50-100:0157,50-100,62.226,scenic,0.5,town_off,81.3075,85.1591,6.7952,40.9754,46.5352,0.0,64.7863,77.8261,0.733,31.2962
50-100:0158,50-100,96.144,fastest,0.0,shipped,138.873,138.1503,5.4068,26.4789,67.5377,0.0,111.3975,102.0658,13.4298,45.0605
50-100:0158,50-100,96.144,scenic,0.5,shipped,149.1259,155.9723,7.3542,86.0824,81.5301,0.0,137.5875,131.3885,10.9089,32.9385
50-100:0158,50-100,96.144,fastest,0.0,town_off,138.873,138.1503,5.5918,34.687,67.5377,0.0,111.3975,102.0658,13.4298,45.0605
50-100:0158,50-100,96.144,scenic,0.5,town_off,155.3031,160.6312,8.0267,117.0163,94.2352,0.0,145.6691,136.1173,13.8689,22.1058
50-100:0159,50-100,76.804,fastest,0.0,shipped,105.4904,83.0576,2.7667,13.5001,48.2725,0.0,86.2902,65.0457,9.6345,23.2633
50-100:0159,50-100,76.804,scenic,0.5,shipped,100.4519,104.2327,6.3814,34.5269,50.0041,0.0,84.6755,78.3683,12.2857,34.0653
50-100:0159,50-100,76.804,fastest,0.0,town_off,105.4904,83.0576,2.9866,15.6353,48.2725,0.0,86.2902,65.0457,9.6345,23.2633
50-100:0159,50-100,76.804,scenic,0.5,town_off,100.2788,103.9461,6.6087,42.2225,54.9644,0.0,85.7174,81.0318,24.9697,31.2703
50-100:0160,50-100,62.881,fastest,0.0,shipped,102.9259,61.6924,1.0733,2.3003,31.2303,0.0,77.8379,74.755,0.8087,28.8699
50-100:0160,50-100,62.881,scenic,0.5,shipped,74.0285,85.0151,6.2956,27.0043,45.299,0.0,64.5536,48.7613,2.3141,29.0658
50-100:0160,50-100,62.881,fastest,0.0,town_off,102.9259,61.6924,1.153,2.4797,31.2303,0.0,77.8379,74.755,0.8087,28.8699
50-100:0160,50-100,62.881,scenic,0.5,town_off,74.0285,85.0151,6.4348,24.6649,45.299,0.0,64.5536,48.7613,2.3141,29.0658
50-100:0162,50-100,95.363,fastest,0.0,shipped,119.9901,74.6786,0.8097,0.1907,30.1472,10.6751,76.2793,12.2596,0.7454,37.2593
50-100:0162,50-100,95.363,scenic,0.5,shipped,111.634,127.1968,4.3037,10.3132,44.8568,0.0,91.1569,16.6685,3.5982,45.2516
50-100:0162,50-100,95.363,fastest,0.0,town_off,119.9901,74.6786,0.7813,0.0,30.1472,10.6751,76.2793,12.2596,0.7454,37.2593
50-100:0162,50-100,95.363,scenic,0.5,town_off,110.8959,123.8831,4.0513,10.5211,44.1808,0.0,91.0054,15.7794,4.6672,41.1463
50-100:0163,50-100,54.609,fastest,0.0,shipped,73.1356,44.8043,2.1946,0.4164,41.3398,0.0,65.6463,62.2539,1.4374,18.5245
50-100:0163,50-100,54.609,scenic,0.5,shipped,68.5368,75.69,6.2814,24.6302,49.0117,0.0,49.9876,53.7488,3.7786,24.9036
50-100:0163,50-100,54.609,fastest,0.0,town_off,73.1356,44.8043,2.4502,0.3137,41.3398,0.0,65.6463,62.2539,1.4374,18.5245
50-100:0163,50-100,54.609,scenic,0.5,town_off,71.0622,78.1123,6.8524,42.8397,59.6992,0.0,53.7616,59.9585,5.2192,21.3954
50-100:0164,50-100,81.791,fastest,0.0,shipped,102.1064,62.6537,1.0592,0.8922,27.2641,0.0,73.0025,20.2379,0.0,33.0187
50-100:0164,50-100,81.791,scenic,0.5,shipped,94.96,121.2806,5.315,11.9757,46.763,0.0,75.0849,20.7857,4.5327,42.4203
50-100:0164,50-100,81.791,fastest,0.0,town_off,102.1064,62.6537,1.0766,1.8949,27.2641,0.0,73.0025,20.2379,0.0,33.0187
50-100:0164,50-100,81.791,scenic,0.5,town_off,94.7564,121.1973,5.2801,16.1351,45.5059,0.0,75.7344,21.7934,4.6812,40.2514
50-100:0165,50-100,70.637,fastest,0.0,shipped,109.9981,78.3781,2.5721,6.4029,35.3494,0.0,87.7394,50.9116,10.1767,42.3041
50-100:0165,50-100,70.637,scenic,0.5,shipped,84.0657,93.6643,5.8094,17.5125,33.794,0.0,69.7524,42.9811,4.6301,34.9614
50-100:0165,50-100,70.637,fastest,0.0,town_off,109.9981,78.3781,2.5654,12.7203,35.3494,0.0,87.7394,50.9116,10.1767,42.3041
50-100:0165,50-100,70.637,scenic,0.5,town_off,83.7727,90.5642,5.6616,16.2215,30.4289,0.0,69.154,42.1453,4.0104,29.3257
50-100:0166,50-100,94.23,fastest,0.0,shipped,145.032,86.7923,1.4315,3.4478,58.0291,0.0,95.2473,92.4266,3.9641,48.9909
50-100:0166,50-100,94.23,scenic,0.5,shipped,118.1042,132.4749,5.59,23.0043,53.491,0.0,100.3805,89.4862,0.6917,42.5026
50-100:0166,50-100,94.23,fastest,0.0,town_off,145.032,86.7923,1.4731,2.7187,58.0291,0.0,95.2473,92.4266,3.9641,48.9909
50-100:0166,50-100,94.23,scenic,0.5,town_off,116.5904,135.7947,5.7511,30.1199,49.8446,0.0,100.5136,87.8041,0.6917,37.8347
50-100:0167,50-100,83.059,fastest,0.0,shipped,141.3248,90.5269,1.2478,3.7409,41.2359,0.0,101.2705,55.2779,4.4185,38.6993
50-100:0167,50-100,83.059,scenic,0.5,shipped,104.8827,118.7054,5.7879,34.1371,41.7662,0.0,97.1783,66.0442,4.7464,40.0683
50-100:0167,50-100,83.059,fastest,0.0,town_off,141.3248,90.5269,1.3528,3.9741,41.2359,0.0,101.2705,55.2779,4.4185,38.6993
50-100:0167,50-100,83.059,scenic,0.5,town_off,111.3977,119.6021,6.3444,49.5552,54.7194,0.0,103.4764,78.5039,5.9588,37.3304
50-100:0168,50-100,52.384,fastest,0.0,shipped,90.2756,69.4079,1.9252,7.2525,21.6614,16.2971,67.7344,8.6061,0.0,25.7813
50-100:0168,50-100,52.384,scenic,0.5,shipped,83.4203,106.6895,5.8446,21.2517,37.203,35.7292,52.1055,7.4286,2.0418,50.5662
50-100:0168,50-100,52.384,fastest,0.0,town_off,90.2756,69.4079,1.9298,7.328,21.6614,16.2971,67.7344,8.6061,0.0,25.7813
50-100:0168,50-100,52.384,scenic,0.5,town_off,82.7931,106.3064,5.5488,16.867,37.1924,33.6834,51.9218,6.6895,2.0418,46.9319
50-100:0169,50-100,96.229,fastest,0.0,shipped,156.8846,100.7108,1.5433,1.8458,27.7248,0.0,137.6384,74.3556,10.3242,45.1715
50-100:0169,50-100,96.229,scenic,0.5,shipped,110.9333,132.3248,5.4635,20.0407,47.5592,0.0,91.2626,43.7813,4.0321,50.7487
50-100:0169,50-100,96.229,fastest,0.0,town_off,156.8846,100.7108,1.5592,2.8226,27.7248,0.0,137.6384,74.3556,10.3242,45.1715
50-100:0169,50-100,96.229,scenic,0.5,town_off,112.0258,131.0025,5.5008,24.1178,51.9058,0.0,94.6052,58.2708,4.8926,40.7674
50-100:0170,50-100,54.802,fastest,0.0,shipped,83.5841,50.914,1.0122,0.2013,31.2961,0.0,68.9254,13.8832,0.0,22.1962
50-100:0170,50-100,54.802,scenic,0.5,shipped,68.9555,84.3841,5.5332,8.7261,32.8818,0.0,56.7906,21.1244,2.4954,30.7449
50-100:0170,50-100,54.802,fastest,0.0,town_off,83.5841,50.914,1.1423,0.0565,31.2961,0.0,68.9254,13.8832,0.0,22.1962
50-100:0170,50-100,54.802,scenic,0.5,town_off,68.3159,84.4832,5.4379,8.5528,28.9459,0.0,55.9302,21.4503,2.4954,26.2358
50-100:0171,50-100,60.465,fastest,0.0,shipped,89.0604,72.4857,2.527,7.5483,23.874,0.0,84.8459,39.2847,4.8823,32.1853
50-100:0171,50-100,60.465,scenic,0.5,shipped,74.3956,89.3631,5.3049,8.2457,19.7109,0.0,69.894,20.4298,4.6052,37.4033
50-100:0171,50-100,60.465,fastest,0.0,town_off,89.0604,72.4857,2.3915,5.6521,23.874,0.0,84.8459,39.2847,4.8823,32.1853
50-100:0171,50-100,60.465,scenic,0.5,town_off,76.1665,92.9323,5.4893,18.7289,25.9814,0.0,71.8184,26.4831,9.5553,35.2259
50-100:0172,50-100,61.716,fastest,0.0,shipped,85.9238,71.7572,2.4506,4.7274,29.4965,0.0,59.5126,35.4471,1.4523,31.6487
50-100:0172,50-100,61.716,scenic,0.5,shipped,70.2041,86.1051,5.1334,13.584,24.7293,0.0,54.3715,35.9352,2.1416,24.3528
50-100:0172,50-100,61.716,fastest,0.0,town_off,85.9238,71.7572,2.4508,3.4851,29.4965,0.0,59.5126,35.4471,1.4523,31.6487
50-100:0172,50-100,61.716,scenic,0.5,town_off,72.3325,87.8499,5.4311,13.3659,25.9915,0.0,59.7698,42.303,1.6936,20.0285
50-100:0173,50-100,96.8,fastest,0.0,shipped,115.1584,82.4191,1.6124,1.7438,28.7539,0.0,98.2699,67.2327,4.8042,27.21
50-100:0173,50-100,96.8,scenic,0.5,shipped,117.2007,139.3599,5.2471,21.0822,40.402,0.0,92.7171,55.9417,6.9077,49.8219
50-100:0173,50-100,96.8,fastest,0.0,town_off,115.1584,82.4191,1.7847,2.1946,28.7539,0.0,98.2699,67.2327,4.8042,27.21
50-100:0173,50-100,96.8,scenic,0.5,town_off,118.8974,146.5929,5.5407,31.2087,42.4195,0.0,108.4612,63.9283,4.8854,36.563
50-100:0174,50-100,95.881,fastest,0.0,shipped,147.6752,96.3859,1.511,3.4579,43.5699,16.453,106.9024,3.9212,10.4725,45.657
50-100:0174,50-100,95.881,scenic,0.5,shipped,121.9091,139.4837,4.5736,15.7703,36.7207,41.9372,88.552,19.2516,15.0071,56.7842
50-100:0174,50-100,95.881,fastest,0.0,town_off,147.6752,96.3859,1.4227,3.5434,43.5699,16.453,106.9024,3.9212,10.4725,45.657
50-100:0174,50-100,95.881,scenic,0.5,town_off,125.0267,141.532,4.6907,18.5635,36.0475,54.8634,94.7577,19.7637,13.4793,49.3401
50-100:0175,50-100,88.111,fastest,0.0,shipped,127.9694,109.4054,5.092,39.8432,63.2131,0.0,111.2518,122.597,2.687,23.7309
50-100:0175,50-100,88.111,scenic,0.5,shipped,122.659,132.6792,6.8482,58.4825,64.3112,0.0,103.3844,116.3735,1.5813,39.7936
50-100:0175,50-100,88.111,fastest,0.0,town_off,127.9694,109.4054,5.4841,47.229,63.2131,0.0,111.2518,122.597,2.687,23.7309
50-100:0175,50-100,88.111,scenic,0.5,town_off,122.5141,132.8703,7.1219,69.6191,64.3112,0.0,103.2396,116.2286,1.5813,39.6487
50-100:0176,50-100,69.586,fastest,0.0,shipped,87.2,84.7954,5.5114,32.3913,47.9933,0.0,73.9556,69.4037,9.0676,25.5099
50-100:0176,50-100,69.586,scenic,0.5,shipped,85.7015,87.8153,5.7098,32.6627,44.5204,0.0,71.1424,70.0208,14.4326,21.3369
50-100:0176,50-100,69.586,fastest,0.0,town_off,87.2,84.7954,5.7816,39.5482,47.9933,0.0,73.9556,69.4037,9.0676,25.5099
50-100:0176,50-100,69.586,scenic,0.5,town_off,90.2484,99.608,6.8959,46.0349,59.1412,0.0,75.3288,79.9098,24.7184,27.9019
50-100:0177,50-100,76.932,fastest,0.0,shipped,113.9843,113.0516,3.4937,12.219,22.7013,0.0,68.7948,104.6538,0.0,10.3144
50-100:0177,50-100,76.932,scenic,0.5,shipped,99.3653,122.1758,5.1494,18.0914,38.058,0.0,66.6534,88.7311,0.0158,21.5281
50-100:0177,50-100,76.932,fastest,0.0,town_off,113.9843,113.0516,3.8562,15.0912,22.7013,0.0,68.7948,104.6538,0.0,10.3144
50-100:0177,50-100,76.932,scenic,0.5,town_off,99.3653,122.1758,5.5092,26.4676,38.058,0.0,66.6534,88.7311,0.0158,21.5281
50-100:0178,50-100,84.804,fastest,0.0,shipped,115.1374,68.2401,1.0233,2.0095,34.7664,6.2247,85.0725,10.8241,0.0,44.6349
50-100:0178,50-100,84.804,scenic,0.5,shipped,97.8831,120.7981,6.1666,33.509,56.7772,1.1314,75.5721,41.1669,3.9708,54.5236
50-100:0178,50-100,84.804,fastest,0.0,town_off,115.1374,68.2401,0.8471,1.1498,34.7664,6.2247,85.0725,10.8241,0.0,44.6349
50-100:0178,50-100,84.804,scenic,0.5,town_off,98.3053,122.344,6.0602,34.6642,59.8598,1.1314,79.037,43.6715,3.9708,46.9561
50-100:0179,50-100,80.005,fastest,0.0,shipped,118.9527,84.4967,3.3735,20.4284,34.0862,0.0,94.1097,108.3064,4.9495,20.1434
50-100:0179,50-100,80.005,scenic,0.5,shipped,107.2748,116.5969,6.5572,39.7555,68.8543,0.0,75.4692,95.7766,8.8476,29.4352
50-100:0179,50-100,80.005,fastest,0.0,town_off,118.9527,84.4967,3.6045,29.4695,34.0862,0.0,94.1097,108.3064,4.9495,20.1434
50-100:0179,50-100,80.005,scenic,0.5,town_off,107.2748,116.5969,6.8253,51.0657,68.8543,0.0,75.4692,95.7766,8.8476,29.4352
50-100:0180,50-100,87.879,fastest,0.0,shipped,154.0084,99.0026,1.5153,7.0757,46.698,1.4312,124.584,91.654,3.2208,32.681
50-100:0180,50-100,87.879,scenic,0.5,shipped,107.4711,126.0783,6.0505,29.5424,56.7081,1.4049,102.7485,58.8394,8.3986,36.0953
50-100:0180,50-100,87.879,fastest,0.0,town_off,154.0084,99.0026,1.7298,7.5365,46.698,1.4312,124.584,91.654,3.2208,32.681
50-100:0180,50-100,87.879,scenic,0.5,town_off,107.4711,126.0783,6.1991,36.6928,56.7081,1.4049,102.7485,58.8394,8.3986,36.0953
50-100:0181,50-100,68.176,fastest,0.0,shipped,105.8406,89.6751,3.901,7.1072,44.7496,0.0,84.9342,57.465,1.3451,19.0286
50-100:0181,50-100,68.176,scenic,0.5,shipped,96.0896,117.7043,6.1945,34.6309,60.2474,0.0,86.6226,66.4036,2.9159,41.4588
50-100:0181,50-100,68.176,fastest,0.0,town_off,105.8406,89.6751,4.0705,9.7262,44.7496,0.0,84.9342,57.465,1.3451,19.0286
50-100:0181,50-100,68.176,scenic,0.5,town_off,96.0896,117.7043,6.223,33.6418,60.2474,0.0,86.6226,66.4036,2.9159,41.4588
50-100:0182,50-100,87.044,fastest,0.0,shipped,127.0132,76.6117,0.8994,1.0217,46.3188,0.0,90.1877,8.113,4.1585,40.2854
50-100:0182,50-100,87.044,scenic,0.5,shipped,103.2282,127.3186,4.9434,10.8574,38.0739,0.0,87.2802,18.3065,2.7261,38.068
50-100:0182,50-100,87.044,fastest,0.0,town_off,127.0132,76.6117,0.9096,1.7255,46.3188,0.0,90.1877,8.113,4.1585,40.2854
50-100:0182,50-100,87.044,scenic,0.5,town_off,113.0235,120.3152,5.0669,27.1115,65.7184,0.0,96.9683,18.5707,7.6596,37.9552
50-100:0183,50-100,51.681,fastest,0.0,shipped,73.5769,48.792,1.2367,2.0057,18.4757,10.6751,51.0128,11.6984,0.7454,36.1715
50-100:0183,50-100,51.681,scenic,0.5,shipped,58.3341,79.3357,4.9192,8.49,28.8209,1.2249,38.5411,6.2876,1.1757,36.505
50-100:0183,50-100,51.681,fastest,0.0,town_off,73.5769,48.792,1.1007,1.2249,18.4757,10.6751,51.0128,11.6984,0.7454,36.1715
50-100:0183,50-100,51.681,scenic,0.5,town_off,58.3253,79.5404,4.607,8.0716,28.8874,1.2249,38.198,6.2876,1.1757,36.4962
50-100:0184,50-100,71.358,fastest,0.0,shipped,137.3204,99.1048,4.1153,40.304,90.7343,0.0,91.7137,127.6003,2.3035,32.3895
50-100:0184,50-100,71.358,scenic,0.5,shipped,99.4451,113.0069,6.9395,50.5272,65.3631,0.0,82.8016,90.6757,0.0999,39.6729
50-100:0184,50-100,71.358,fastest,0.0,town_off,137.3204,99.1048,4.4003,46.6284,90.7343,0.0,91.7137,127.6003,2.3035,32.3895
50-100:0184,50-100,71.358,scenic,0.5,town_off,99.4451,113.0069,7.1701,53.1948,65.3631,0.0,82.8016,90.6757,0.0999,39.6729
50-100:0185,50-100,88.886,fastest,0.0,shipped,101.1198,66.6557,1.4379,3.7741,33.5676,0.0,79.0969,46.1624,1.4579,32.5552
50-100:0185,50-100,88.886,scenic,0.5,shipped,102.7491,134.993,6.2107,37.936,62.9122,0.0,87.7088,47.5197,0.4871,56.8902
50-100:0185,50-100,88.886,fastest,0.0,town_off,101.1198,66.6557,1.5227,2.2981,33.5676,0.0,79.0969,46.1624,1.4579,32.5552
50-100:0185,50-100,88.886,scenic,0.5,town_off,104.2204,131.9032,6.0349,31.8857,66.4442,0.0,87.2715,40.7299,1.0962,45.7537
50-100:0186,50-100,70.884,fastest,0.0,shipped,89.4541,60.1334,2.7645,14.3696,31.0133,0.0,60.2269,84.3098,15.9727,11.5784
50-100:0186,50-100,70.884,scenic,0.5,shipped,93.3265,103.3271,7.0969,49.7144,75.9359,0.0,68.2397,80.6274,14.7645,27.0803
50-100:0186,50-100,70.884,fastest,0.0,town_off,89.4541,60.1334,3.1043,21.5108,31.0133,0.0,60.2269,84.3098,15.9727,11.5784
50-100:0186,50-100,70.884,scenic,0.5,town_off,93.3265,103.3271,7.3906,63.2919,75.9359,0.0,68.2397,80.6274,14.7645,27.0803
50-100:0187,50-100,71.831,fastest,0.0,shipped,89.9424,75.4628,2.6156,4.9452,25.1963,2.2921,76.8306,37.8291,9.5097,23.6109
50-100:0187,50-100,71.831,scenic,0.5,shipped,87.4943,104.7541,5.6072,13.7524,22.0369,2.2921,85.239,21.0023,12.3737,32.8773
50-100:0187,50-100,71.831,fastest,0.0,town_off,89.9424,75.4628,2.6699,5.4199,25.1963,2.2921,76.8306,37.8291,9.5097,23.6109
50-100:0187,50-100,71.831,scenic,0.5,town_off,87.4943,104.7541,5.6613,14.646,22.0369,2.2921,85.239,21.0023,12.3737,32.8773
50-100:0188,50-100,57.773,fastest,0.0,shipped,84.0858,52.7979,1.592,1.2658,17.2803,0.0,63.0403,77.5182,0.0,13.8607
50-100:0188,50-100,57.773,scenic,0.5,shipped,72.5696,84.0018,6.3835,25.9915,34.5981,0.0,57.7654,59.1973,0.5196,26.0722
50-100:0188,50-100,57.773,fastest,0.0,town_off,84.0858,52.7979,1.7402,4.9109,17.2803,0.0,63.0403,77.5182,0.0,13.8607
50-100:0188,50-100,57.773,scenic,0.5,town_off,72.59,84.0056,6.4817,28.9259,34.6186,0.0,57.7859,59.2178,0.5196,26.0722
50-100:0189,50-100,93.701,fastest,0.0,shipped,132.0078,102.0705,2.3927,6.9386,54.4203,1.3054,74.6767,35.4983,2.8471,65.446
50-100:0189,50-100,93.701,scenic,0.5,shipped,111.6903,129.978,5.0046,10.5905,46.901,2.2086,87.3997,33.042,4.3763,40.2419
50-100:0189,50-100,93.701,fastest,0.0,town_off,132.0078,102.0705,2.2504,5.8526,54.4203,1.3054,74.6767,35.4983,2.8471,65.446
50-100:0189,50-100,93.701,scenic,0.5,town_off,112.295,128.8488,4.9422,9.3873,41.0163,1.3054,92.4573,35.4014,3.9832,35.8239
50-100:0190,50-100,95.783,fastest,0.0,shipped,133.7634,125.972,5.9045,36.4799,87.7034,0.0,121.2068,115.8868,0.0,33.9212
50-100:0190,50-100,95.783,scenic,0.5,shipped,129.5488,128.2921,6.4724,44.6388,89.3027,0.0,118.4872,111.4096,0.0,37.8745
50-100:0190,50-100,95.783,fastest,0.0,town_off,133.7634,125.972,6.3065,55.2139,87.7034,0.0,121.2068,115.8868,0.0,33.9212
50-100:0190,50-100,95.783,scenic,0.5,town_off,129.5488,128.2921,6.838,63.0051,89.3027,0.0,118.4872,111.4096,0.0,37.8745
50-100:0191,50-100,65.704,fastest,0.0,shipped,83.1799,59.4064,1.3083,0.3449,31.1428,0.0,47.6747,11.2804,0.583,38.2531
50-100:0191,50-100,65.704,scenic,0.5,shipped,80.5369,95.7391,5.2757,13.2768,32.2139,0.0,67.5924,16.6015,12.6695,29.276
50-100:0191,50-100,65.704,fastest,0.0,town_off,83.1799,59.4064,1.0853,0.2252,31.1428,0.0,47.6747,11.2804,0.583,38.2531
50-100:0191,50-100,65.704,scenic,0.5,town_off,80.5369,95.7391,5.2959,15.0926,32.2139,0.0,67.5924,16.6015,12.6695,29.276
50-100:0192,50-100,52.003,fastest,0.0,shipped,68.9502,51.6263,1.8915,1.4032,17.9261,0.0,56.3042,9.2652,1.9732,32.286
50-100:0192,50-100,52.003,scenic,0.5,shipped,66.5701,86.6273,5.6701,10.6167,23.6896,0.0,59.6611,10.2241,3.9666,31.4011
50-100:0192,50-100,52.003,fastest,0.0,town_off,68.9502,51.6263,1.8866,1.6328,17.9261,0.0,56.3042,9.2652,1.9732,32.286
50-100:0192,50-100,52.003,scenic,0.5,town_off,67.5389,89.5102,5.9015,18.5491,28.4136,0.0,62.6284,8.5687,5.0262,26.925
50-100:0193,50-100,92.486,fastest,0.0,shipped,140.5749,84.2462,1.2776,3.63,35.6916,5.1081,121.7193,60.9051,4.0319,42.612
50-100:0193,50-100,92.486,scenic,0.5,shipped,110.1737,130.7984,5.9021,27.8182,52.0819,0.0,99.7339,59.2365,10.343,51.276
50-100:0193,50-100,92.486,fastest,0.0,town_off,140.5749,84.2462,1.3794,4.0723,35.6916,5.1081,121.7193,60.9051,4.0319,42.612
50-100:0193,50-100,92.486,scenic,0.5,town_off,111.1483,134.9153,6.1103,33.2992,49.3955,0.0,103.9364,59.6167,13.6672,45.9986
50-100:0194,50-100,67.366,fastest,0.0,shipped,83.8787,46.3094,0.7198,0.2473,22.0286,0.0,71.497,49.8655,0.0,18.1014
50-100:0194,50-100,67.366,scenic,0.5,shipped,80.5806,81.8679,4.4399,5.9969,31.9256,0.0,50.2334,41.5559,0.9916,44.8159
50-100:0194,50-100,67.366,fastest,0.0,town_off,83.8787,46.3094,0.8387,0.9043,22.0286,0.0,71.497,49.8655,0.0,18.1014
50-100:0194,50-100,67.366,scenic,0.5,town_off,80.2546,82.3912,4.218,5.3866,30.5668,0.0,51.814,40.0192,0.9916,40.3477
50-100:0195,50-100,97.131,fastest,0.0,shipped,119.0592,88.7221,2.1443,6.3787,48.6599,13.3183,78.9437,12.4317,5.8306,47.8029
50-100:0195,50-100,97.131,scenic,0.5,shipped,112.8001,125.6546,4.0981,9.7166,39.0481,4.4329,77.0794,9.796,7.951,49.8895
50-100:0195,50-100,97.131,fastest,0.0,town_off,119.0592,88.7221,2.0575,3.8826,48.6599,13.3183,78.9437,12.4317,5.8306,47.8029
50-100:0195,50-100,97.131,scenic,0.5,town_off,113.6751,127.041,3.9933,8.2441,42.4883,3.8841,78.2442,10.8328,7.951,47.2736
50-100:0196,50-100,96.074,fastest,0.0,shipped,124.4296,80.7646,1.2486,4.1492,36.8213,0.0,83.3134,33.9466,4.1576,51.7437
50-100:0196,50-100,96.074,scenic,0.5,shipped,114.8007,135.8649,4.9286,13.5349,50.0437,0.0,89.8773,52.8971,11.1847,43.5833
50-100:0196,50-100,96.074,fastest,0.0,town_off,124.4296,80.7646,1.1933,3.6315,36.8213,0.0,83.3134,33.9466,4.1576,51.7437
50-100:0196,50-100,96.074,scenic,0.5,town_off,113.4125,129.4901,4.6267,23.1004,48.1165,0.0,93.2801,40.7264,11.7358,29.192
50-100:0197,50-100,97.753,fastest,0.0,shipped,117.7964,81.5888,1.6761,1.7655,40.8655,15.2407,73.4986,21.591,3.509,45.9644
50-100:0197,50-100,97.753,scenic,0.5,shipped,112.0046,121.463,4.4244,14.7696,47.2588,16.7516,68.5212,18.4082,8.1803,75.991
50-100:0197,50-100,97.753,fastest,0.0,town_off,117.7964,81.5888,1.6317,2.4772,40.8655,15.2407,73.4986,21.591,3.509,45.9644
50-100:0197,50-100,97.753,scenic,0.5,town_off,109.5123,106.5687,3.331,8.6695,40.3758,15.0175,73.6391,17.3056,3.8762,45.2499
50-100:0198,50-100,99.543,fastest,0.0,shipped,121.8932,75.7843,0.9023,1.8338,27.767,0.0,79.05,24.4071,3.0422,32.3753
50-100:0198,50-100,99.543,scenic,0.5,shipped,115.6469,126.7637,4.525,19.7899,48.0269,16.2203,85.9881,26.1923,1.4646,46.7698
50-100:0198,50-100,99.543,fastest,0.0,town_off,121.8932,75.7843,0.9082,1.7274,27.767,0.0,79.05,24.4071,3.0422,32.3753
50-100:0198,50-100,99.543,scenic,0.5,town_off,115.6469,126.7637,4.5211,21.4851,48.0269,16.2203,85.9881,26.1923,1.4646,46.7698
50-100:0199,50-100,88.655,fastest,0.0,shipped,105.1025,57.7993,0.7298,3.4003,32.3483,0.0,61.5937,80.0325,1.0229,13.5021
50-100:0199,50-100,88.655,scenic,0.5,shipped,103.6547,107.8004,5.0986,11.5817,45.1007,0.0,79.43,76.9863,1.0229,27.5036
50-100:0199,50-100,88.655,fastest,0.0,town_off,105.1025,57.7993,0.8727,2.3619,32.3483,0.0,61.5937,80.0325,1.0229,13.5021
50-100:0199,50-100,88.655,scenic,0.5,town_off,103.6392,107.7801,5.2701,24.2929,45.1007,0.0,79.4145,76.9863,1.0229,27.4052
50-100:0200,50-100,95.477,fastest,0.0,shipped,167.7546,110.3835,1.7617,6.1702,62.7375,0.0,132.9994,78.9562,10.5289,45.3691
50-100:0200,50-100,95.477,scenic,0.5,shipped,135.6499,159.3027,6.3239,45.9263,51.1486,0.0,125.8019,107.1982,10.8999,44.2566
50-100:0200,50-100,95.477,fastest,0.0,town_off,167.7546,110.3835,1.8613,4.778,62.7375,0.0,132.9994,78.9562,10.5289,45.3691
50-100:0200,50-100,95.477,scenic,0.5,town_off,136.6296,159.2337,6.5337,53.1333,57.1052,0.0,124.4704,104.968,15.6204,36.2186
50-100:0201,50-100,84.522,fastest,0.0,shipped,134.5235,103.1652,2.5513,7.4131,29.1411,0.0,105.6187,59.4219,13.8581,48.5127
50-100:0201,50-100,84.522,scenic,0.5,shipped,122.8492,137.4114,6.2488,43.8088,52.9067,0.0,109.0162,94.734,10.8778,49.6288
50-100:0201,50-100,84.522,fastest,0.0,town_off,134.5235,103.1652,2.529,7.7113,29.1411,0.0,105.6187,59.4219,13.8581,48.5127
50-100:0201,50-100,84.522,scenic,0.5,town_off,122.8492,137.4114,6.3994,46.2288,52.9067,0.0,109.0162,94.734,10.8778,49.6288
50-100:0202,50-100,53.188,fastest,0.0,shipped,66.745,65.233,4.4145,5.1558,15.0182,0.0,63.7771,25.7034,6.0652,27.1152
50-100:0202,50-100,53.188,scenic,0.5,shipped,68.9293,81.6412,6.0826,17.3258,34.6286,0.0,66.3588,33.7518,8.8024,28.4672
50-100:0202,50-100,53.188,fastest,0.0,town_off,66.745,65.233,4.3061,7.6008,15.0182,0.0,63.7771,25.7034,6.0652,27.1152
50-100:0202,50-100,53.188,scenic,0.5,town_off,68.9293,81.6412,6.1362,20.0308,34.6286,0.0,66.3588,33.7518,8.8024,28.4672
50-100:0203,50-100,98.008,fastest,0.0,shipped,163.4485,107.7759,1.7522,6.5923,29.5279,0.0,137.7299,90.563,10.6513,44.8301
50-100:0203,50-100,98.008,scenic,0.5,shipped,119.0893,131.9791,5.4478,29.1395,50.8022,0.0,101.7844,58.5074,5.8139,46.0488
50-100:0203,50-100,98.008,fastest,0.0,town_off,163.4485,107.7759,1.8496,6.7467,29.5279,0.0,137.7299,90.563,10.6513,44.8301
50-100:0203,50-100,98.008,scenic,0.5,town_off,119.0893,131.9791,5.4898,29.4489,50.8022,0.0,101.7844,58.5074,5.8139,46.0488
50-100:0204,50-100,52.297,fastest,0.0,shipped,72.1149,44.8864,0.6556,0.1907,14.617,0.0,54.5746,8.0016,2.2004,20.2364
50-100:0204,50-100,52.297,scenic,0.5,shipped,66.0085,84.7377,6.6133,26.2039,49.3354,0.0,49.8869,23.994,1.9894,39.2943
50-100:0204,50-100,52.297,fastest,0.0,town_off,72.1149,44.8864,0.6051,0.0,14.617,0.0,54.5746,8.0016,2.2004,20.2364
50-100:0204,50-100,52.297,scenic,0.5,town_off,63.2076,83.7028,6.2381,21.3276,42.8211,0.0,51.7488,21.1959,1.9894,31.2795
50-100:0205,50-100,71.749,fastest,0.0,shipped,105.024,76.766,2.0354,5.0358,38.9538,13.7425,81.6733,4.5838,6.8712,38.4271
50-100:0205,50-100,71.749,scenic,0.5,shipped,90.172,106.5779,4.9899,13.4302,31.4332,16.4955,72.7856,3.1982,4.4964,50.2154
50-100:0205,50-100,71.749,fastest,0.0,town_off,105.024,76.766,1.9444,3.2907,38.9538,13.7425,81.6733,4.5838,6.8712,38.4271
50-100:0205,50-100,71.749,scenic,0.5,town_off,89.6171,115.933,5.2574,14.2629,29.4262,17.6964,79.65,3.1982,7.006,44.9459
50-100:0206,50-100,66.087,fastest,0.0,shipped,90.1378,74.0566,2.9615,5.8997,17.1644,0.0,72.6715,35.7785,9.0996,36.527
50-100:0206,50-100,66.087,scenic,0.5,shipped,78.3233,91.9746,4.8475,10.6449,24.139,0.0,72.1441,35.718,7.6386,27.2797
50-100:0206,50-100,66.087,fastest,0.0,town_off,90.1378,74.0566,2.9499,5.8808,17.1644,0.0,72.6715,35.7785,9.0996,36.527
50-100:0206,50-100,66.087,scenic,0.5,town_off,78.1806,92.8301,5.0057,15.3512,23.8413,0.0,72.0014,35.1734,6.9334,25.9206
50-100:0207,50-100,66.559,fastest,0.0,shipped,80.1003,55.166,1.6112,1.6801,28.7545,0.0,54.8713,45.9473,0.8087,28.058
50-100:0207,50-100,66.559,scenic,0.5,shipped,79.8934,100.5778,6.0898,24.1733,41.5388,0.0,69.3603,44.5346,2.6046,34.5363
50-100:0207,50-100,66.559,fastest,0.0,town_off,80.1003,55.166,1.6601,0.3133,28.7545,0.0,54.8713,45.9473,0.8087,28.058
50-100:0207,50-100,66.559,scenic,0.5,town_off,79.8934,100.5778,6.1026,23.3561,41.5388,0.0,69.3603,44.5346,2.6046,34.5363
50-100:0208,50-100,74.303,fastest,0.0,shipped,104.104,81.1839,2.0249,9.0897,19.5855,12.6463,84.0808,19.5528,5.6632,31.8509
50-100:0208,50-100,74.303,scenic,0.5,shipped,93.575,121.049,6.0315,29.3265,41.8258,17.3868,68.5472,14.8734,1.1249,64.3931
50-100:0208,50-100,74.303,fastest,0.0,town_off,104.104,81.1839,1.9609,8.0895,19.5855,12.6463,84.0808,19.5528,5.6632,31.8509
50-100:0208,50-100,74.303,scenic,0.5,town_off,91.3496,118.8578,5.4313,18.63,30.8641,18.9067,64.9209,14.5808,4.2344,52.1073
50-100:0209,50-100,73.996,fastest,0.0,shipped,84.2089,52.5364,0.9489,0.4192,22.6037,10.4732,48.4278,6.7823,0.6545,34.0189
50-100:0209,50-100,73.996,scenic,0.5,shipped,86.2019,90.3559,3.5493,9.1116,24.7062,19.714,44.5388,5.7025,1.6317,48.4845
50-100:0209,50-100,73.996,fastest,0.0,town_off,84.2089,52.5364,0.8981,0.0,22.6037,10.4732,48.4278,6.7823,0.6545,34.0189
50-100:0209,50-100,73.996,scenic,0.5,town_off,88.2682,93.5477,3.7445,11.9032,28.9329,20.3344,50.4015,7.6865,0.0,40.8972
50-100:0210,50-100,53.54,fastest,0.0,shipped,80.5489,52.5094,1.1559,1.4698,25.3668,3.13,55.8187,0.2233,2.4586,21.0216
50-100:0210,50-100,53.54,scenic,0.5,shipped,62.3873,75.6389,4.2989,2.6098,21.9165,0.0,42.602,0.2233,3.0257,40.0118
50-100:0210,50-100,53.54,fastest,0.0,town_off,80.5489,52.5094,1.0763,1.6744,25.3668,3.13,55.8187,0.2233,2.4586,21.0216
50-100:0210,50-100,53.54,scenic,0.5,town_off,64.1477,73.3157,3.8309,6.1582,29.8692,0.0,47.2227,0.2233,1.004,24.6406
50-100:0211,50-100,61.299,fastest,0.0,shipped,72.0293,46.2189,1.2643,1.0518,15.8636,0.0,53.1267,10.991,1.736,17.536
50-100:0211,50-100,61.299,scenic,0.5,shipped,70.4922,83.8332,5.2771,6.3138,33.5573,0.0,56.0208,10.868,11.4586,26.3551
50-100:0211,50-100,61.299,fastest,0.0,town_off,72.0293,46.2189,1.3212,0.5252,15.8636,0.0,53.1267,10.991,1.736,17.536
50-100:0211,50-100,61.299,scenic,0.5,town_off,70.7052,83.9202,5.257,15.1014,33.7703,0.0,56.4696,10.868,11.4586,26.3551
50-100:0212,50-100,65.614,fastest,0.0,shipped,106.9501,82.9259,4.6555,12.9288,50.8074,0.0,97.495,89.6383,2.2163,28.1344
50-100:0212,50-100,65.614,scenic,0.5,shipped,96.4387,108.4677,6.321,33.0661,49.0425,0.0,82.4222,83.5028,1.4277,33.3445
50-100:0212,50-100,65.614,fastest,0.0,town_off,106.9501,82.9259,4.9046,12.9361,50.8074,0.0,97.495,89.6383,2.2163,28.1344
50-100:0212,50-100,65.614,scenic,0.5,town_off,96.4387,108.4677,6.5841,38.8704,49.0425,0.0,82.4222,83.5028,1.4277,33.3445
50-100:0213,50-100,98.411,fastest,0.0,shipped,135.2036,88.0821,1.6337,2.129,33.8025,0.0,100.5309,78.4234,0.0,26.1301
50-100:0213,50-100,98.411,scenic,0.5,shipped,129.4387,137.9332,5.3777,18.8066,51.5862,0.0,109.6563,76.5831,15.8562,47.325
50-100:0213,50-100,98.411,fastest,0.0,town_off,135.2036,88.0821,1.7314,2.8284,33.8025,0.0,100.5309,78.4234,0.0,26.1301
50-100:0213,50-100,98.411,scenic,0.5,town_off,124.2482,146.9399,5.7464,29.4328,54.552,0.0,101.8407,78.1729,0.0,30.2806
50-100:0214,50-100,57.429,fastest,0.0,shipped,78.193,51.9025,1.1628,1.34,28.1509,5.8657,51.5738,0.0,2.2501,14.1261
50-100:0214,50-100,57.429,scenic,0.5,shipped,67.8629,90.2125,5.1149,9.3473,27.287,3.7833,57.337,0.0,2.908,26.4547
50-100:0214,50-100,57.429,fastest,0.0,town_off,78.193,51.9025,1.2639,2.3719,28.1509,5.8657,51.5738,0.0,2.2501,14.1261
50-100:0214,50-100,57.429,scenic,0.5,town_off,67.8065,87.9319,4.8952,12.5391,28.3551,3.7833,56.2691,0.0,2.908,22.5265
50-100:0215,50-100,91.583,fastest,0.0,shipped,154.23,88.8328,0.6433,1.0739,37.8659,0.0,79.2271,52.966,2.0118,36.5597
50-100:0215,50-100,91.583,scenic,0.5,shipped,110.0948,117.7453,5.4835,20.2802,39.939,0.0,98.8519,65.1524,4.5669,37.6621
50-100:0215,50-100,91.583,fastest,0.0,town_off,154.23,88.8328,0.6802,0.6011,37.8659,0.0,79.2271,52.966,2.0118,36.5597
50-100:0215,50-100,91.583,scenic,0.5,town_off,113.8003,137.411,6.7001,43.0279,57.4239,0.0,109.3268,84.4918,8.3781,34.6385
50-100:0216,50-100,55.094,fastest,0.0,shipped,81.8603,48.0119,1.7026,3.1827,31.6151,0.0,48.1954,76.781,0.0,18.545
50-100:0216,50-100,55.094,scenic,0.5,shipped,68.5574,85.6164,6.5754,31.8778,41.8362,0.0,57.316,62.2819,3.5793,27.776
50-100:0216,50-100,55.094,fastest,0.0,town_off,81.8603,48.0119,1.8804,2.186,31.6151,0.0,48.1954,76.781,0.0,18.545
50-100:0216,50-100,55.094,scenic,0.5,town_off,68.5574,85.6164,6.7175,31.5414,41.8362,0.0,57.316,62.2819,3.5793,27.776
50-100:0217,50-100,66.954,fastest,0.0,shipped,95.5115,68.4797,2.2192,5.0609,32.8077,0.0,78.8688,64.594,0.8311,34.4881
50-100:0217,50-100,66.954,scenic,0.5,shipped,80.8851,104.7049,5.6025,23.2256,43.0969,0.0,70.6963,48.11,1.0618,43.2769
50-100:0217,50-100,66.954,fastest,0.0,town_off,95.5115,68.4797,2.3094,5.0772,32.8077,0.0,78.8688,64.594,0.8311,34.4881
50-100:0217,50-100,66.954,scenic,0.5,town_off,88.4403,106.424,5.9827,32.4856,44.1573,0.0,77.0805,66.9276,1.6917,42.8459
50-100:0218,50-100,64.162,fastest,0.0,shipped,86.5867,52.3495,0.5422,0.0,14.9458,0.0,57.4707,21.6677,0.3979,18.2764
50-100:0218,50-100,64.162,scenic,0.5,shipped,77.2822,94.754,5.5385,12.7387,36.2492,0.0,62.8519,42.3846,1.8823,20.8034
50-100:0218,50-100,64.162,fastest,0.0,town_off,86.5867,52.3495,0.5357,0.0,14.9458,0.0,57.4707,21.6677,0.3979,18.2764
50-100:0218,50-100,64.162,scenic,0.5,town_off,77.2822,94.754,5.7366,18.945,36.2492,0.0,62.8519,42.3846,1.8823,20.8034
50-100:0219,50-100,82.806,fastest,0.0,shipped,129.8134,120.786,5.0524,41.5344,81.491,0.0,93.5607,121.4223,1.1774,32.1764
50-100:0219,50-100,82.806,scenic,0.5,shipped,119.2365,138.1038,6.8111,60.1752,73.4862,0.0,96.506,110.0006,0.2712,39.6159
50-100:0219,50-100,82.806,fastest,0.0,town_off,129.8134,120.786,5.3671,54.3759,81.491,0.0,93.5607,121.4223,1.1774,32.1764
50-100:0219,50-100,82.806,scenic,0.5,town_off,119.2365,138.1038,7.0933,65.5847,73.4862,0.0,96.506,110.0006,0.2712,39.6159
50-100:0220,50-100,58.638,fastest,0.0,shipped,122.2597,76.0117,1.198,2.0805,35.6422,0.0,99.9002,89.1636,3.1545,30.8262
50-100:0220,50-100,58.638,scenic,0.5,shipped,69.8807,79.4318,5.9373,19.2554,34.2822,0.0,60.4232,50.0025,1.1346,31.4769
50-100:0220,50-100,58.638,fastest,0.0,town_off,122.2597,76.0117,1.3218,3.0187,35.6422,0.0,99.9002,89.1636,3.1545,30.8262
50-100:0220,50-100,58.638,scenic,0.5,town_off,69.8426,80.4703,6.102,15.8151,33.7092,0.0,64.4393,49.2822,1.8262,19.1826
50-100:0221,50-100,88.403,fastest,0.0,shipped,132.7765,87.2098,2.8396,10.8776,36.9243,0.0,98.6827,112.423,11.923,19.942
50-100:0221,50-100,88.403,scenic,0.5,shipped,108.8381,119.8138,6.2142,34.1187,73.9727,0.0,70.0312,91.8087,13.5197,31.0822
50-100:0221,50-100,88.403,fastest,0.0,town_off,132.7765,87.2098,3.0711,19.7499,36.9243,0.0,98.6827,112.423,11.923,19.942
50-100:0221,50-100,88.403,scenic,0.5,town_off,108.8381,119.8138,6.4289,43.6283,73.9727,0.0,70.0312,91.8087,13.5197,31.0822
50-100:0222,50-100,98.844,fastest,0.0,shipped,126.6175,85.0675,1.6863,2.2731,34.7107,0.0,105.5557,26.889,5.0086,33.6705
50-100:0222,50-100,98.844,scenic,0.5,shipped,116.2733,143.3215,6.4182,47.9282,73.3294,0.0,99.8083,62.3731,8.4084,53.2403
50-100:0222,50-100,98.844,fastest,0.0,town_off,126.6175,85.0675,1.737,4.9933,34.7107,0.0,105.5557,26.889,5.0086,33.6705
50-100:0222,50-100,98.844,scenic,0.5,town_off,117.3519,144.0509,6.5306,53.1834,76.7433,0.0,103.9877,65.4951,8.4084,47.9312
50-100:0223,50-100,80.788,fastest,0.0,shipped,104.6883,67.2262,1.185,0.764,35.3186,0.0,71.6014,27.3676,9.3994,48.297
50-100:0223,50-100,80.788,scenic,0.5,shipped,91.0723,109.5547,5.3542,12.3549,30.4258,0.0,81.2486,54.2703,15.2399,19.6735
50-100:0223,50-100,80.788,fastest,0.0,town_off,104.6883,67.2262,1.1004,0.4779,35.3186,0.0,71.6014,27.3676,9.3994,48.297
50-100:0223,50-100,80.788,scenic,0.5,town_off,91.0723,109.5547,5.5892,23.1517,30.4258,0.0,81.2486,54.2703,15.2399,19.6735
50-100:0224,50-100,60.394,fastest,0.0,shipped,67.687,46.2463,0.9201,0.1061,14.6433,0.0,55.8306,22.7456,1.0507,20.6278
50-100:0224,50-100,60.394,scenic,0.5,shipped,66.4575,51.0766,1.323,0.2596,14.2264,0.0,60.6383,18.8888,1.0507,20.7169
50-100:0224,50-100,60.394,fastest,0.0,town_off,67.687,46.2463,0.8997,0.0,14.6433,0.0,55.8306,22.7456,1.0507,20.6278
50-100:0224,50-100,60.394,scenic,0.5,town_off,66.4575,51.0766,1.3256,0.0,14.2264,0.0,60.6383,18.8888,1.0507,20.7169
50-100:0225,50-100,61.926,fastest,0.0,shipped,101.1039,56.7833,0.6891,0.0,30.0423,0.0,57.631,21.0811,2.6135,47.2086
50-100:0225,50-100,61.926,scenic,0.5,shipped,76.6251,96.7663,6.0099,18.4462,40.8336,0.0,68.7908,50.3645,10.0442,26.3885
50-100:0225,50-100,61.926,fastest,0.0,town_off,101.1039,56.7833,0.6091,0.0,30.0423,0.0,57.631,21.0811,2.6135,47.2086
50-100:0225,50-100,61.926,scenic,0.5,town_off,76.6251,96.7663,6.1214,25.5416,40.8336,0.0,68.7908,50.3645,10.0442,26.3885
50-100:0227,50-100,72.062,fastest,0.0,shipped,101.6917,64.421,1.3288,0.0,27.5702,0.0,81.5683,48.2094,1.9124,35.2854
50-100:0227,50-100,72.062,scenic,0.5,shipped,88.348,107.1666,5.8034,20.3207,34.6526,0.0,77.6303,58.2172,4.5099,30.391
50-100:0227,50-100,72.062,fastest,0.0,town_off,101.6917,64.421,1.3642,0.0,27.5702,0.0,81.5683,48.2094,1.9124,35.2854
50-100:0227,50-100,72.062,scenic,0.5,town_off,87.7634,108.0788,5.9462,24.7509,36.6678,0.0,77.0473,58.9024,6.2525,25.2566
50-100:0228,50-100,72.623,fastest,0.0,shipped,139.4677,105.7499,1.9121,4.7617,22.6347,0.0,69.608,28.7433,2.1959,9.2957
50-100:0228,50-100,72.623,scenic,0.5,shipped,91.564,118.4756,4.7206,5.819,39.6384,0.0,68.5625,48.0364,1.8401,7.731
50-100:0228,50-100,72.623,fastest,0.0,town_off,139.4677,105.7499,2.0426,7.223,22.6347,0.0,69.608,28.7433,2.1959,9.2957
50-100:0228,50-100,72.623,scenic,0.5,town_off,91.564,118.4756,5.1283,15.5518,39.6384,0.0,68.5625,48.0364,1.8401,7.731
50-100:0229,50-100,94.777,fastest,0.0,shipped,149.0625,95.8992,1.5536,9.9167,37.5961,0.0,124.5154,106.9178,4.4645,24.6323
50-100:0229,50-100,94.777,scenic,0.5,shipped,115.7581,132.6439,5.2676,18.4157,44.3334,0.0,96.7307,70.3549,6.208,31.263
50-100:0229,50-100,94.777,fastest,0.0,town_off,149.0625,95.8992,1.7306,11.4198,37.5961,0.0,124.5154,106.9178,4.4645,24.6323
50-100:0229,50-100,94.777,scenic,0.5,town_off,116.2658,135.5792,5.5962,26.2769,48.0172,0.0,95.9622,72.4533,6.5244,28.7158
50-100:0230,50-100,56.328,fastest,0.0,shipped,96.6019,116.1619,3.5518,0.847,23.8195,0.0,83.1064,14.1068,0.0,11.7881
50-100:0230,50-100,56.328,scenic,0.5,shipped,88.4564,116.352,3.7592,1.5127,10.2555,0.0,75.8805,24.7591,0.0,9.8313
50-100:0230,50-100,56.328,fastest,0.0,town_off,96.6019,116.1619,3.6661,0.0,23.8195,0.0,83.1064,14.1068,0.0,11.7881
50-100:0230,50-100,56.328,scenic,0.5,town_off,88.4564,116.352,3.9112,0.0,10.2555,0.0,75.8805,24.7591,0.0,9.8313
50-100:0231,50-100,94.654,fastest,0.0,shipped,115.3323,74.3051,1.3672,1.7438,35.6779,0.0,94.8546,67.7784,4.8042,30.7132
50-100:0231,50-100,94.654,scenic,0.5,shipped,115.4784,134.8846,5.1943,20.0478,45.0547,0.0,92.9134,57.0176,7.5644,48.6233
50-100:0231,50-100,94.654,fastest,0.0,town_off,115.3323,74.3051,1.5596,2.1946,35.6779,0.0,94.8546,67.7784,4.8042,30.7132
50-100:0231,50-100,94.654,scenic,0.5,town_off,117.947,144.1768,5.7493,37.0514,48.1103,0.0,107.4444,66.1213,7.3891,36.2805
50-100:0232,50-100,93.493,fastest,0.0,shipped,133.6996,88.0662,1.1642,2.1747,36.2438,12.4045,86.928,18.477,2.8887,58.4923
50-100:0232,50-100,93.493,scenic,0.5,shipped,112.1255,147.0023,5.6501,26.2552,42.8723,24.3225,88.7001,23.2165,3.896,66.175
50-100:0232,50-100,93.493,fastest,0.0,town_off,133.6996,88.0662,1.092,1.6283,36.2438,12.4045,86.928,18.477,2.8887,58.4923
50-100:0232,50-100,93.493,scenic,0.5,town_off,111.5585,150.8298,5.5555,28.743,41.6152,24.3225,88.1958,18.7247,2.9274,60.3576
50-100:0233,50-100,63.102,fastest,0.0,shipped,84.0887,50.5973,0.871,0.0,32.3549,3.7228,56.0496,0.0626,4.8258,26.0494
50-100:0233,50-100,63.102,scenic,0.5,shipped,78.4888,92.5272,5.15,10.6419,31.633,3.9252,65.8751,0.3251,3.6355,50.169
50-100:0233,50-100,63.102,fastest,0.0,town_off,84.0887,50.5973,0.7896,0.0,32.3549,3.7228,56.0496,0.0626,4.8258,26.0494
50-100:0233,50-100,63.102,scenic,0.5,town_off,78.0733,93.0903,4.7877,7.2582,30.2724,3.9252,66.1089,0.3251,3.7026,46.2162
50-100:0234,50-100,93.535,fastest,0.0,shipped,118.072,80.0594,2.0839,5.0996,35.4587,0.0,105.5774,49.0918,2.1234,31.8259
50-100:0234,50-100,93.535,scenic,0.5,shipped,113.4957,124.7181,5.9227,36.5558,65.479,0.0,88.6424,58.0218,1.4453,49.8335
50-100:0234,50-100,93.535,fastest,0.0,town_off,118.072,80.0594,2.1946,5.7291,35.4587,0.0,105.5774,49.0918,2.1234,31.8259
50-100:0234,50-100,93.535,scenic,0.5,town_off,113.4957,124.7181,5.9308,35.6396,65.479,0.0,88.6424,58.0218,1.4453,49.8335
50-100:0235,50-100,52.632,fastest,0.0,shipped,81.4322,77.9495,6.3856,25.4527,38.3671,0.0,65.9681,77.5898,7.2913,27.263
50-100:0235,50-100,52.632,scenic,0.5,shipped,84.3846,78.3602,6.6316,31.3942,48.6597,0.0,68.5877,75.5681,6.4459,31.7583
50-100:0235,50-100,52.632,fastest,0.0,town_off,81.4322,77.9495,6.5562,29.4395,38.3671,0.0,65.9681,77.5898,7.2913,27.263
50-100:0235,50-100,52.632,scenic,0.5,town_off,84.2589,78.0699,6.7806,35.7721,45.577,0.0,69.2991,78.5675,7.2913,28.8301
50-100:0236,50-100,91.956,fastest,0.0,shipped,117.5782,86.5555,1.6828,5.1665,45.4453,10.4732,57.872,19.675,0.6807,60.9522
50-100:0236,50-100,91.956,scenic,0.5,shipped,115.2493,120.4952,4.3963,13.7068,48.4165,10.4732,81.972,25.8359,4.3763,46.8744
50-100:0236,50-100,91.956,fastest,0.0,town_off,117.5782,86.5555,1.5722,4.4345,45.4453,10.4732,57.872,19.675,0.6807,60.9522
50-100:0236,50-100,91.956,scenic,0.5,town_off,113.6713,119.7903,4.2788,10.7681,47.4423,6.7237,85.2397,23.7817,3.9832,42.1344
50-100:0238,50-100,76.283,fastest,0.0,shipped,87.3938,64.1499,3.3554,6.047,57.1027,0.0,69.6895,82.9036,0.0,41.6662
50-100:0238,50-100,76.283,scenic,0.5,shipped,87.2064,87.4141,5.3543,28.2058,66.2479,0.0,67.1292,82.4464,0.0,47.3357
50-100:0238,50-100,76.283,fastest,0.0,town_off,87.3938,64.1499,3.494,5.2969,57.1027,0.0,69.6895,82.9036,0.0,41.6662
50-100:0238,50-100,76.283,scenic,0.5,town_off,87.2064,87.4141,5.4589,25.8337,66.2479,0.0,67.1292,82.4464,0.0,47.3357
50-100:0239,50-100,84.493,fastest,0.0,shipped,108.9361,71.0474,1.8534,9.2992,40.1109,0.0,92.4607,57.8819,2.0028,30.0627
50-100:0239,50-100,84.493,scenic,0.5,shipped,97.3718,121.0226,5.6859,21.2189,47.9356,0.0,82.9466,38.0333,2.7527,38.9135
50-100:0239,50-100,84.493,fastest,0.0,town_off,108.9361,71.0474,2.0116,10.8622,40.1109,0.0,92.4607,57.8819,2.0028,30.0627
50-100:0239,50-100,84.493,scenic,0.5,town_off,97.3718,121.0226,5.7207,26.8078,47.9356,0.0,82.9466,38.0333,2.7527,38.9135
50-100:0240,50-100,90.361,fastest,0.0,shipped,143.6017,97.6843,2.2074,4.7298,72.2171,0.0,105.4986,80.6485,0.0164,55.3273
50-100:0240,50-100,90.361,scenic,0.5,shipped,102.654,112.8237,4.3144,14.9185,42.4441,0.0,79.1553,55.009,4.7223,51.1816
50-100:0240,50-100,90.361,fastest,0.0,town_off,143.6017,97.6843,2.3008,5.4373,72.2171,0.0,105.4986,80.6485,0.0164,55.3273
50-100:0240,50-100,90.361,scenic,0.5,town_off,102.9368,114.6505,4.3071,17.021,43.5375,0.0,80.2043,53.4024,4.0171,48.8254
50-100:0241,50-100,81.158,fastest,0.0,shipped,124.5967,85.0707,1.8579,7.0533,37.9525,0.0,100.3677,70.4866,1.4936,33.4282
50-100:0241,50-100,81.158,scenic,0.5,shipped,93.8679,108.7001,5.9713,24.2943,33.8214,0.0,88.287,63.7022,4.5857,21.9697
50-100:0241,50-100,81.158,fastest,0.0,town_off,124.5967,85.0707,2.0297,9.159,37.9525,0.0,100.3677,70.4866,1.4936,33.4282
50-100:0241,50-100,81.158,scenic,0.5,town_off,93.8679,108.7001,6.2245,29.2494,33.8214,0.0,88.287,63.7022,4.5857,21.9697
50-100:0242,50-100,59.324,fastest,0.0,shipped,76.326,48.3798,1.9193,3.1875,36.4931,0.0,59.1683,33.8176,9.3308,20.8441
50-100:0242,50-100,59.324,scenic,0.5,shipped,71.0818,81.1091,5.7744,18.9328,37.5514,0.0,50.6632,26.4738,23.7045,25.3609
50-100:0242,50-100,59.324,fastest,0.0,town_off,76.326,48.3798,2.0438,4.9877,36.4931,0.0,59.1683,33.8176,9.3308,20.8441
50-100:0242,50-100,59.324,scenic,0.5,town_off,71.0818,81.1091,5.802,20.8858,37.5514,0.0,50.6632,26.4738,23.7045,25.3609
50-100:0243,50-100,93.081,fastest,0.0,shipped,109.9767,57.6572,0.3474,0.0,27.1609,0.0,80.1244,8.8345,0.0,25.5752
50-100:0243,50-100,93.081,scenic,0.5,shipped,105.3162,134.6892,5.3219,13.1241,43.0596,0.0,88.1904,12.7192,8.3953,52.3303
50-100:0243,50-100,93.081,fastest,0.0,town_off,109.9767,57.6572,0.3264,0.0,27.1609,0.0,80.1244,8.8345,0.0,25.5752
50-100:0243,50-100,93.081,scenic,0.5,town_off,105.3043,134.7,5.1343,10.6395,43.0596,0.0,88.1139,12.7192,8.3953,52.3183
50-100:0244,50-100,64.075,fastest,0.0,shipped,101.5666,60.4079,0.7712,2.6977,26.8515,4.6753,66.7076,0.0,2.845,13.8663
50-100:0244,50-100,64.075,scenic,0.5,shipped,87.4451,101.8414,4.848,14.9831,33.8058,20.1435,57.6332,0.7478,2.3547,45.3782
50-100:0244,50-100,64.075,fastest,0.0,town_off,101.5666,60.4079,0.8095,2.9563,26.8515,4.6753,66.7076,0.0,2.845,13.8663
50-100:0244,50-100,64.075,scenic,0.5,town_off,85.731,100.3091,4.3902,8.9598,35.0027,15.1908,53.7208,0.7915,2.3547,37.3694
50-100:0245,50-100,52.527,fastest,0.0,shipped,67.1274,40.8802,1.3046,1.8912,17.7369,5.1081,55.2738,14.1255,2.4721,20.4276
50-100:0245,50-100,52.527,scenic,0.5,shipped,64.5918,72.6174,4.4563,4.9985,22.5987,5.1787,52.9473,18.964,3.2834,25.1965
50-100:0245,50-100,52.527,fastest,0.0,town_off,67.1274,40.8802,1.3135,2.606,17.7369,5.1081,55.2738,14.1255,2.4721,20.4276
50-100:0245,50-100,52.527,scenic,0.5,town_off,65.2061,74.0351,4.6405,8.2272,22.9308,5.1787,53.5616,19.3719,3.2329,24.2319
50-100:0246,50-100,69.897,fastest,0.0,shipped,93.6317,57.9308,1.0704,0.4694,39.0042,8.5133,55.4848,18.5671,0.0426,43.6585
50-100:0246,50-100,69.897,scenic,0.5,shipped,87.5386,109.44,5.805,20.0812,36.0648,0.0,63.3418,39.4476,5.2879,51.0814
50-100:0246,50-100,69.897,fastest,0.0,town_off,93.6317,57.9308,1.0255,0.0,39.0042,8.5133,55.4848,18.5671,0.0426,43.6585
50-100:0246,50-100,69.897,scenic,0.5,town_off,88.1297,109.4664,5.7521,18.3715,38.7361,0.0,70.7467,40.9353,7.0176,40.2314
50-100:0247,50-100,88.843,fastest,0.0,shipped,160.0565,86.3853,0.9257,1.8401,42.3128,0.0,131.0455,150.6576,3.3825,20.0007
50-100:0247,50-100,88.843,scenic,0.5,shipped,114.6922,112.6539,5.8744,26.2297,61.672,0.0,101.2996,84.03,5.014,39.0153
50-100:0247,50-100,88.843,fastest,0.0,town_off,160.0565,86.3853,1.144,0.7672,42.3128,0.0,131.0455,150.6576,3.3825,20.0007
50-100:0247,50-100,88.843,scenic,0.5,town_off,114.6922,112.6539,6.0445,41.0381,61.672,0.0,101.2996,84.03,5.014,39.0153
50-100:0248,50-100,77.363,fastest,0.0,shipped,113.7025,79.4407,2.4574,7.7829,47.9722,0.0,92.6102,106.0288,0.0,10.1174
50-100:0248,50-100,77.363,scenic,0.5,shipped,102.9681,115.7698,6.7943,51.3426,62.9765,0.0,77.162,97.6152,0.0,30.561
50-100:0248,50-100,77.363,fastest,0.0,town_off,113.7025,79.4407,2.9243,8.6973,47.9722,0.0,92.6102,106.0288,0.0,10.1174
50-100:0248,50-100,77.363,scenic,0.5,town_off,102.9681,115.7698,7.0404,58.3343,62.9765,0.0,77.162,97.6152,0.0,30.561
50-100:0249,50-100,95.487,fastest,0.0,shipped,115.0232,67.6649,1.1127,1.9367,37.9924,1.0461,100.1973,35.6502,2.6358,35.3462
50-100:0249,50-100,95.487,scenic,0.5,shipped,112.9244,113.3675,3.9473,13.5979,54.5225,1.8041,103.0071,58.965,8.2489,39.9291
50-100:0249,50-100,95.487,fastest,0.0,town_off,115.0232,67.6649,1.1843,1.3716,37.9924,1.0461,100.1973,35.6502,2.6358,35.3462
50-100:0249,50-100,95.487,scenic,0.5,town_off,113.139,113.8205,4.09,13.5503,54.7371,1.8041,103.6422,59.0499,8.2489,40.1437
100-200:0000,100-200,168.296,fastest,0.0,shipped,206.6511,121.6362,0.8479,1.6573,52.9845,25.8463,149.1473,36.556,3.8717,71.2568
100-200:0000,100-200,168.296,scenic,0.5,shipped,198.3634,237.7647,5.1905,41.6401,90.3253,16.5832,155.0948,56.6571,13.2255,106.7158
100-200:0000,100-200,168.296,fastest,0.0,town_off,206.6511,121.6362,0.7668,0.6256,52.9845,25.8463,149.1473,36.556,3.8717,71.2568
100-200:0000,100-200,168.296,scenic,0.5,town_off,197.3748,237.8368,5.0527,39.5811,90.2053,16.5832,162.0125,62.1118,13.8137,88.9645
100-200:0000,100-200,168.296,sweep,0.0,shipped,206.6511,121.6362,0.8479,1.6573,52.9845,25.8463,149.1473,36.556,3.8717,71.2568
100-200:0000,100-200,168.296,sweep,0.25,shipped,202.9882,122.3927,0.8962,1.7405,51.0877,32.4356,149.1518,32.8926,3.8717,68.5397
100-200:0000,100-200,168.296,sweep,0.5,shipped,198.3634,237.7647,5.1905,41.6401,90.3253,16.5832,155.0948,56.6571,13.2255,106.7158
100-200:0000,100-200,168.296,sweep,0.75,shipped,205.3318,280.2179,6.0623,63.7171,104.7744,26.2257,158.3835,50.9696,11.2864,129.9765
100-200:0000,100-200,168.296,sweep,1.0,shipped,206.1796,287.8489,6.1492,69.9273,106.8162,26.3101,162.1809,55.9991,9.9296,128.5461
100-200:0001,100-200,169.406,fastest,0.0,shipped,233.8325,135.5965,0.9258,0.7023,68.8205,0.0,153.0336,117.457,0.0,56.1419
100-200:0001,100-200,169.406,scenic,0.5,shipped,213.4679,238.1129,6.0502,56.1781,100.4589,0.0,188.0824,149.9421,7.7485,57.5181
100-200:0001,100-200,169.406,fastest,0.0,town_off,233.8325,135.5965,1.0172,0.4415,68.8205,0.0,153.0336,117.457,0.0,56.1419
100-200:0001,100-200,169.406,scenic,0.5,town_off,213.4679,238.1129,6.2591,65.3116,100.4589,0.0,188.0824,149.9421,7.7485,57.5181
100-200:0001,100-200,169.406,sweep,0.0,shipped,233.8325,135.5965,0.9258,0.7023,68.8205,0.0,153.0336,117.457,0.0,56.1419
100-200:0001,100-200,169.406,sweep,0.25,shipped,220.5092,140.2417,1.3937,2.1471,79.6079,0.0,159.0438,120.2347,0.0,69.0812
100-200:0001,100-200,169.406,sweep,0.5,shipped,213.4679,238.1129,6.0502,56.1781,100.4589,0.0,188.0824,149.9421,7.7485,57.5181
100-200:0001,100-200,169.406,sweep,0.75,shipped,215.4424,249.4577,6.234,69.9637,108.6908,0.0,192.8067,151.006,7.3812,81.5848
100-200:0001,100-200,169.406,sweep,1.0,shipped,218.8917,268.8774,6.4491,80.1776,120.6071,0.0,196.0991,151.5519,10.2407,86.2288
100-200:0002,100-200,126.619,fastest,0.0,shipped,216.3532,171.5476,4.1111,57.782,104.7116,0.0,156.1621,194.4714,15.9428,36.8345
100-200:0002,100-200,126.619,scenic,0.5,shipped,182.8895,193.9858,6.7357,84.8204,100.2937,0.0,152.5014,164.2306,26.1659,56.6844
100-200:0002,100-200,126.619,fastest,0.0,town_off,216.3532,171.5476,4.4118,78.2469,104.7116,0.0,156.1621,194.4714,15.9428,36.8345
100-200:0002,100-200,126.619,scenic,0.5,town_off,185.5393,194.8424,7.1199,113.7759,105.8922,0.0,155.2204,168.4657,23.9472,52.7615
100-200:0002,100-200,126.619,sweep,0.0,shipped,216.3532,171.5476,4.1111,57.782,104.7116,0.0,156.1621,194.4714,15.9428,36.8345
100-200:0002,100-200,126.619,sweep,0.25,shipped,181.7165,179.2784,5.9026,67.1407,95.1023,0.0,140.8765,166.8314,22.858,50.4854
100-200:0002,100-200,126.619,sweep,0.5,shipped,182.8895,193.9858,6.7357,84.8204,100.2937,0.0,152.5014,164.2306,26.1659,56.6844
100-200:0002,100-200,126.619,sweep,0.75,shipped,183.9813,195.9069,6.7896,89.386,104.3342,0.0,154.4458,166.9077,23.9472,53.1859
100-200:0002,100-200,126.619,sweep,1.0,shipped,183.9813,195.9069,6.7896,89.386,104.3342,0.0,154.4458,166.9077,23.9472,53.1859
100-200:0003,100-200,121.35,fastest,0.0,shipped,158.9172,109.1012,1.9418,4.4241,35.5624,0.0,152.3414,61.3132,5.8964,34.6971
100-200:0003,100-200,121.35,scenic,0.5,shipped,144.1049,167.6334,5.3032,18.4922,50.4208,0.0,129.4874,55.3422,17.1927,84.2857
100-200:0003,100-200,121.35,fastest,0.0,town_off,158.9172,109.1012,2.0117,4.5339,35.5624,0.0,152.3414,61.3132,5.8964,34.6971
100-200:0003,100-200,121.35,scenic,0.5,town_off,148.0874,175.1015,5.5989,35.6748,63.1959,0.0,136.4588,58.5117,19.2891,61.4863
100-200:0003,100-200,121.35,sweep,0.0,shipped,158.9172,109.1012,1.9418,4.4241,35.5624,0.0,152.3414,61.3132,5.8964,34.6971
100-200:0003,100-200,121.35,sweep,0.25,shipped,153.1101,110.3535,2.2262,5.073,29.6132,0.0,142.3757,59.0485,8.8099,45.5241
100-200:0003,100-200,121.35,sweep,0.5,shipped,144.1049,167.6334,5.3032,18.4922,50.4208,0.0,129.4874,55.3422,17.1927,84.2857
100-200:0003,100-200,121.35,sweep,0.75,shipped,156.3959,192.5352,6.2312,53.6201,94.5471,0.0,144.4307,69.9127,14.1557,89.198
100-200:0003,100-200,121.35,sweep,1.0,shipped,157.7171,197.7745,6.3187,59.2549,98.0708,0.0,147.4268,68.0603,14.1557,89.7212
100-200:0004,100-200,149.76,fastest,0.0,shipped,186.034,108.1908,0.807,2.8887,46.3607,13.6437,146.7917,26.1411,3.2949,58.7016
100-200:0004,100-200,149.76,scenic,0.5,shipped,181.8315,215.6033,5.2716,39.3141,68.0395,5.8112,157.5122,57.3361,15.2567,95.9244
100-200:0004,100-200,149.76,fastest,0.0,town_off,186.034,108.1908,0.7717,1.7518,46.3607,13.6437,146.7917,26.1411,3.2949,58.7016
100-200:0004,100-200,149.76,scenic,0.5,town_off,181.8265,221.0116,5.2136,38.9287,72.9877,5.8112,157.3949,55.8881,18.4235,84.9733
100-200:0004,100-200,149.76,sweep,0.0,shipped,186.034,108.1908,0.807,2.8887,46.3607,13.6437,146.7917,26.1411,3.2949,58.7016
100-200:0004,100-200,149.76,sweep,0.25,shipped,186.034,108.1908,0.807,2.8887,46.3607,13.6437,146.7917,26.1411,3.2949,58.7016
100-200:0004,100-200,149.76,sweep,0.5,shipped,181.8315,215.6033,5.2716,39.3141,68.0395,5.8112,157.5122,57.3361,15.2567,95.9244
100-200:0004,100-200,149.76,sweep,0.75,shipped,185.0627,245.1816,5.9517,47.1049,75.1438,12.9808,159.4235,48.1835,18.6272,104.9182
100-200:0004,100-200,149.76,sweep,1.0,shipped,191.4637,258.6698,6.2096,66.8797,90.3997,12.9808,163.5853,54.1389,12.4396,115.6128
100-200:0005,100-200,182.481,fastest,0.0,shipped,255.2014,170.7109,1.8368,8.9953,73.7123,1.3992,197.3654,155.939,7.7082,61.2731
100-200:0005,100-200,182.481,scenic,0.5,shipped,233.147,248.9859,6.6203,106.2623,154.5165,0.1556,187.4626,160.2767,4.4136,105.6663
100-200:0005,100-200,182.481,fastest,0.0,town_off,255.2014,170.7109,1.9324,12.1114,73.7123,1.3992,197.3654,155.939,7.7082,61.2731
100-200:0005,100-200,182.481,scenic,0.5,town_off,233.4418,247.5253,6.666,114.5941,151.0413,0.1556,187.9035,160.6671,6.4101,101.9387
100-200:0005,100-200,182.481,sweep,0.0,shipped,255.2014,170.7109,1.8368,8.9953,73.7123,1.3992,197.3654,155.939,7.7082,61.2731
100-200:0005,100-200,182.481,sweep,0.25,shipped,236.2901,200.5897,4.4386,56.9925,107.8631,1.3992,186.5739,162.6614,9.0645,83.7672
100-200:0005,100-200,182.481,sweep,0.5,shipped,233.147,248.9859,6.6203,106.2623,154.5165,0.1556,187.4626,160.2767,4.4136,105.6663
100-200:0005,100-200,182.481,sweep,0.75,shipped,236.2515,268.1329,6.9277,115.1271,159.6482,0.1556,197.2552,166.2806,3.5373,109.0872
100-200:0005,100-200,182.481,sweep,1.0,shipped,238.1573,272.453,6.9783,119.2934,163.8167,0.1556,192.2477,168.3557,3.5373,117.9961
100-200:0006,100-200,165.31,fastest,0.0,shipped,269.0873,174.4524,2.3554,8.4042,124.5136,0.0,201.1032,230.0683,1.8668,64.1254
100-200:0006,100-200,165.31,scenic,0.5,shipped,203.4768,225.7609,6.1825,67.2506,130.6785,0.0,152.6875,173.2527,2.2324,63.9897
100-200:0006,100-200,165.31,fastest,0.0,town_off,269.0873,174.4524,2.5412,11.4266,124.5136,0.0,201.1032,230.0683,1.8668,64.1254
100-200:0006,100-200,165.31,scenic,0.5,town_off,203.4169,225.6119,6.4035,87.6974,130.6186,0.0,152.6121,173.1928,2.2324,63.9298
100-200:0006,100-200,165.31,sweep,0.0,shipped,269.0873,174.4524,2.3554,8.4042,124.5136,0.0,201.1032,230.0683,1.8668,64.1254
100-200:0006,100-200,165.31,sweep,0.25,shipped,205.1925,189.196,4.5776,39.215,122.1725,0.0,156.9347,169.6065,1.1347,59.867
100-200:0006,100-200,165.31,sweep,0.5,shipped,203.4768,225.7609,6.1825,67.2506,130.6785,0.0,152.6875,173.2527,2.2324,63.9897
100-200:0006,100-200,165.31,sweep,0.75,shipped,204.0475,226.6353,6.2109,68.8623,131.2492,0.0,154.004,174.5407,2.2324,64.5604
100-200:0006,100-200,165.31,sweep,1.0,shipped,208.7468,256.7868,6.5175,88.2884,136.7153,0.0,169.7858,181.0424,2.2324,64.9396
100-200:0007,100-200,103.16,fastest,0.0,shipped,159.4021,97.9231,1.0076,2.0237,52.0533,1.1838,131.3851,34.8977,1.4298,46.1032
100-200:0007,100-200,103.16,scenic,0.5,shipped,124.0166,157.0754,5.677,30.0867,56.1692,1.1838,105.5753,15.3693,10.0727,75.1881
100-200:0007,100-200,103.16,fastest,0.0,town_off,159.4021,97.9231,1.1071,0.6091,52.0533,1.1838,131.3851,34.8977,1.4298,46.1032
100-200:0007,100-200,103.16,scenic,0.5,town_off,124.0007,158.9337,5.4383,29.6712,55.7551,1.1838,105.6998,15.4176,10.0727,70.4903
100-200:0007,100-200,103.16,sweep,0.0,shipped,159.4021,97.9231,1.0076,2.0237,52.0533,1.1838,131.3851,34.8977,1.4298,46.1032
100-200:0007,100-200,103.16,sweep,0.25,shipped,134.0059,101.7021,2.0876,5.3264,31.4647,1.1838,119.367,19.9456,7.1713,40.1445
100-200:0007,100-200,103.16,sweep,0.5,shipped,124.0166,157.0754,5.677,30.0867,56.1692,1.1838,105.5753,15.3693,10.0727,75.1881
100-200:0007,100-200,103.16,sweep,0.75,shipped,135.1029,181.7005,6.5332,57.8068,75.6107,28.0868,112.6722,18.745,9.5876,87.002
100-200:0007,100-200,103.16,sweep,1.0,shipped,135.3315,184.0241,6.5726,59.796,75.4288,28.0868,114.0284,20.5113,9.5876,86.7429
100-200:0008,100-200,143.943,fastest,0.0,shipped,158.938,143.6439,4.9521,16.6905,60.7843,0.0,120.2096,116.3556,4.0413,58.8078
100-200:0008,100-200,143.943,scenic,0.5,shipped,158.938,143.6439,4.9521,16.6905,60.7843,0.0,120.2096,116.3556,4.0413,58.8078
100-200:0008,100-200,143.943,fastest,0.0,town_off,158.938,143.6439,5.0091,16.8049,60.7843,0.0,120.2096,116.3556,4.0413,58.8078
100-200:0008,100-200,143.943,scenic,0.5,town_off,160.657,147.2385,5.1875,23.2219,68.602,0.0,123.7747,115.8676,3.5287,60.7167
100-200:0008,100-200,143.943,sweep,0.0,shipped,158.938,143.6439,4.9521,16.6905,60.7843,0.0,120.2096,116.3556,4.0413,58.8078
100-200:0008,100-200,143.943,sweep,0.25,shipped,158.938,143.6439,4.9521,16.6905,60.7843,0.0,120.2096,116.3556,4.0413,58.8078
100-200:0008,100-200,143.943,sweep,0.5,shipped,158.938,143.6439,4.9521,16.6905,60.7843,0.0,120.2096,116.3556,4.0413,58.8078
100-200:0008,100-200,143.943,sweep,0.75,shipped,166.8031,168.2722,5.7608,31.7349,93.189,0.0,116.5636,120.3455,13.4892,68.3922
100-200:0008,100-200,143.943,sweep,1.0,shipped,167.0685,169.7859,5.7831,32.2522,92.9439,0.0,117.8629,121.2245,13.4892,69.2676
100-200:0009,100-200,124.137,fastest,0.0,shipped,143.2045,87.1607,0.9216,1.1026,47.531,0.0,74.6896,53.3038,3.1508,28.4415
100-200:0009,100-200,124.137,scenic,0.5,shipped,146.7292,168.1351,5.3188,21.0121,56.1497,0.0,126.8148,51.8552,4.5756,46.385
100-200:0009,100-200,124.137,fastest,0.0,town_off,143.2045,87.1607,0.9351,0.6925,47.531,0.0,74.6896,53.3038,3.1508,28.4415
100-200:0009,100-200,124.137,scenic,0.5,town_off,146.7292,168.1351,5.3882,25.934,56.1497,0.0,126.8148,51.8552,4.5756,46.385
100-200:0009,100-200,124.137,sweep,0.0,shipped,143.2045,87.1607,0.9216,1.1026,47.531,0.0,74.6896,53.3038,3.1508,28.4415
100-200:0009,100-200,124.137,sweep,0.25,shipped,143.2045,87.1607,0.9216,1.1026,47.531,0.0,74.6896,53.3038,3.1508,28.4415
100-200:0009,100-200,124.137,sweep,0.5,shipped,146.7292,168.1351,5.3188,21.0121,56.1497,0.0,126.8148,51.8552,4.5756,46.385
100-200:0009,100-200,124.137,sweep,0.75,shipped,148.1709,179.3507,5.6669,30.1725,68.3284,0.0,122.515,59.1351,6.1872,51.6941
100-200:0009,100-200,124.137,sweep,1.0,shipped,147.9425,183.3145,5.7148,33.1537,70.2241,0.0,121.992,54.7591,5.0843,54.8484
100-200:0010,100-200,135.588,fastest,0.0,shipped,194.5893,121.5163,1.6406,14.2436,64.8546,0.0,137.8443,78.6818,13.54,76.2351
100-200:0010,100-200,135.588,scenic,0.5,shipped,171.6981,180.0678,6.0316,64.4207,89.3433,0.0,157.6295,156.67,4.3861,58.0577
100-200:0010,100-200,135.588,fastest,0.0,town_off,194.5893,121.5163,1.6618,15.088,64.8546,0.0,137.8443,78.6818,13.54,76.2351
100-200:0010,100-200,135.588,scenic,0.5,town_off,171.6981,180.0678,6.2705,69.5792,89.3433,0.0,157.6295,156.67,4.3861,58.0577
100-200:0010,100-200,135.588,sweep,0.0,shipped,194.5893,121.5163,1.6406,14.2436,64.8546,0.0,137.8443,78.6818,13.54,76.2351
100-200:0010,100-200,135.588,sweep,0.25,shipped,180.862,126.3308,2.0942,12.3242,54.2548,0.0,130.7663,80.861,10.23,73.5869
100-200:0010,100-200,135.588,sweep,0.5,shipped,171.6981,180.0678,6.0316,64.4207,89.3433,0.0,157.6295,156.67,4.3861,58.0577
100-200:0010,100-200,135.588,sweep,0.75,shipped,174.0943,208.5255,6.7723,77.9209,93.6014,0.0,158.4547,156.1678,6.1043,60.4579
100-200:0010,100-200,135.588,sweep,1.0,shipped,191.982,227.1702,7.2293,108.9695,126.4423,0.0,174.9729,177.078,4.3861,76.4555
100-200:0011,100-200,142.145,fastest,0.0,shipped,200.7409,127.3929,1.3179,3.6651,63.0881,14.2448,147.5636,91.9082,7.5483,63.3134
100-200:0011,100-200,142.145,scenic,0.5,shipped,161.1703,182.4035,4.7514,23.2304,65.7438,9.7286,133.8191,47.2206,10.667,69.4675
100-200:0011,100-200,142.145,fastest,0.0,town_off,200.7409,127.3929,1.4251,2.9311,63.0881,14.2448,147.5636,91.9082,7.5483,63.3134
100-200:0011,100-200,142.145,scenic,0.5,town_off,162.8358,185.601,4.8847,24.096,66.7745,9.7286,136.8864,50.6462,9.4166,64.8484
100-200:0011,100-200,142.145,sweep,0.0,shipped,200.7409,127.3929,1.3179,3.6651,63.0881,14.2448,147.5636,91.9082,7.5483,63.3134
100-200:0011,100-200,142.145,sweep,0.25,shipped,164.597,150.8791,3.5848,18.2203,66.4642,14.2448,132.2621,54.8006,10.667,71.5081
100-200:0011,100-200,142.145,sweep,0.5,shipped,161.1703,182.4035,4.7514,23.2304,65.7438,9.7286,133.8191,47.2206,10.667,69.4675
100-200:0011,100-200,142.145,sweep,0.75,shipped,170.0102,210.5352,5.6361,38.7415,82.7329,25.4147,143.0315,49.1572,11.7695,73.3738
100-200:0011,100-200,142.145,sweep,1.0,shipped,173.4129,222.3713,5.8378,42.493,81.1409,28.6421,146.9905,50.6164,14.5434,83.2391
100-200:0012,100-200,126.809,fastest,0.0,shipped,192.0147,170.8573,4.4907,37.0641,119.2532,0.0,162.0598,149.4535,0.0,57.5714
100-200:0012,100-200,126.809,scenic,0.5,shipped,183.7069,205.5806,6.5233,70.1826,127.2596,0.0,155.942,156.2331,1.0978,58.1593
100-200:0012,100-200,126.809,fastest,0.0,town_off,192.0147,170.8573,4.7339,48.1321,119.2532,0.0,162.0598,149.4535,0.0,57.5714
100-200:0012,100-200,126.809,scenic,0.5,town_off,183.7124,205.5893,6.7943,90.0353,127.2596,0.0,155.9419,156.2387,1.0978,58.1648
100-200:0012,100-200,126.809,sweep,0.0,shipped,192.0147,170.8573,4.4907,37.0641,119.2532,0.0,162.0598,149.4535,0.0,57.5714
100-200:0012,100-200,126.809,sweep,0.25,shipped,176.6858,174.6184,5.0586,30.6197,71.9696,0.0,119.8368,121.3518,0.0,42.4972
100-200:0012,100-200,126.809,sweep,0.5,shipped,183.7069,205.5806,6.5233,70.1826,127.2596,0.0,155.942,156.2331,1.0978,58.1593
100-200:0012,100-200,126.809,sweep,0.75,shipped,183.562,206.296,6.5349,70.1826,127.2596,0.0,155.7971,156.0882,1.0978,58.1593
100-200:0012,100-200,126.809,sweep,1.0,shipped,184.8093,216.8575,6.6537,74.9177,130.3825,0.0,165.957,157.6436,1.0978,55.2261
100-200:0013,100-200,139.615,fastest,0.0,shipped,187.5575,115.473,1.1982,5.9937,60.0173,2.3656,111.5302,78.3202,2.1576,35.3884
100-200:0013,100-200,139.615,scenic,0.5,shipped,171.6862,190.8149,5.3332,25.6799,64.5838,2.4598,140.8276,71.3926,6.4223,65.0404
100-200:0013,100-200,139.615,fastest,0.0,town_off,187.5575,115.473,1.2512,5.9945,60.0173,2.3656,111.5302,78.3202,2.1576,35.3884
100-200:0013,100-200,139.615,scenic,0.5,town_off,171.5004,199.778,5.5947,36.7369,67.9815,2.4598,149.5939,68.3833,8.7841,58.6614
100-200:0013,100-200,139.615,sweep,0.0,shipped,187.5575,115.473,1.1982,5.9937,60.0173,2.3656,111.5302,78.3202,2.1576,35.3884
100-200:0013,100-200,139.615,sweep,0.25,shipped,179.4776,117.2282,1.3948,8.7465,54.9015,2.3656,114.186,77.3858,2.1576,35.2652
100-200:0013,100-200,139.615,sweep,0.5,shipped,171.6862,190.8149,5.3332,25.6799,64.5838,2.4598,140.8276,71.3926,6.4223,65.0404
100-200:0013,100-200,139.615,sweep,0.75,shipped,170.9722,203.3016,5.5727,30.5543,67.1026,2.4598,149.3382,68.901,9.7472,59.0202
100-200:0013,100-200,139.615,sweep,1.0,shipped,171.8681,203.7135,5.6005,32.7585,69.7448,2.4598,150.2504,69.1306,9.8504,59.1246
100-200:0015,100-200,184.76,fastest,0.0,shipped,264.6859,164.0779,1.9719,30.9732,90.1359,0.0,220.2405,129.4829,14.3353,75.6885
100-200:0015,100-200,184.76,scenic,0.5,shipped,230.8653,228.2663,5.6243,87.839,140.0549,0.0,194.1641,130.4748,8.8262,89.7345
100-200:0015,100-200,184.76,fastest,0.0,town_off,264.6859,164.0779,2.064,32.0906,90.1359,0.0,220.2405,129.4829,14.3353,75.6885
100-200:0015,100-200,184.76,scenic,0.5,town_off,230.3798,230.5307,5.7767,90.0439,135.4642,0.0,194.0826,131.0587,8.8262,87.4263
100-200:0015,100-200,184.76,sweep,0.0,shipped,264.6859,164.0779,1.9719,30.9732,90.1359,0.0,220.2405,129.4829,14.3353,75.6885
100-200:0015,100-200,184.76,sweep,0.25,shipped,238.8092,174.3777,3.3674,48.2449,101.9912,0.0,206.7366,121.3201,13.3064,69.9675
100-200:0015,100-200,184.76,sweep,0.5,shipped,230.8653,228.2663,5.6243,87.839,140.0549,0.0,194.1641,130.4748,8.8262,89.7345
100-200:0015,100-200,184.76,sweep,0.75,shipped,240.0685,276.6923,6.647,105.7524,157.4813,0.0,211.3365,137.4114,8.6152,105.2449
100-200:0015,100-200,184.76,sweep,1.0,shipped,243.2579,284.1744,6.744,109.8157,162.6638,0.0,208.055,140.8646,8.6152,115.8772
100-200:0016,100-200,153.428,fastest,0.0,shipped,199.7087,148.3489,2.4902,10.047,46.6404,0.0,159.7105,103.2804,12.3375,64.4571
100-200:0016,100-200,153.428,scenic,0.5,shipped,185.9607,213.8289,5.9925,59.6872,88.8044,0.0,166.1341,122.9042,9.1693,76.8016
100-200:0016,100-200,153.428,fastest,0.0,town_off,199.7087,148.3489,2.5579,11.0046,46.6404,0.0,159.7105,103.2804,12.3375,64.4571
100-200:0016,100-200,153.428,scenic,0.5,town_off,188.4053,216.6189,6.2119,74.1382,97.5611,0.0,172.0121,127.3337,6.3144,73.7466
100-200:0017,100-200,199.199,fastest,0.0,shipped,242.6526,146.6809,1.2084,1.9424,80.9699,14.8784,163.8243,28.0273,4.2834,81.6986
100-200:0017,100-200,199.199,scenic,0.5,shipped,239.2975,267.5117,4.8659,32.3238,98.0206,10.4732,184.012,51.0663,11.5319,113.3017
100-200:0017,100-200,199.199,fastest,0.0,town_off,242.6526,146.6809,1.2172,1.8146,80.9699,14.8784,163.8243,28.0273,4.2834,81.6986
100-200:0017,100-200,199.199,scenic,0.5,town_off,240.3149,267.7779,4.7909,35.6433,101.7092,10.4732,187.6052,49.4647,11.5319,105.5638
100-200:0018,100-200,123.631,fastest,0.0,shipped,152.8056,141.35,4.9202,16.4491,45.501,0.0,129.222,116.1981,6.6001,38.8082
100-200:0018,100-200,123.631,scenic,0.5,shipped,150.4229,146.4227,5.2178,22.0328,48.5932,0.0,127.7511,119.2348,4.0413,45.0073
100-200:0018,100-200,123.631,fastest,0.0,town_off,152.8056,141.35,5.1514,23.6399,45.501,0.0,129.222,116.1981,6.6001,38.8082
100-200:0018,100-200,123.631,scenic,0.5,town_off,151.7422,149.657,5.5654,37.1757,55.0038,0.0,129.404,118.7467,3.5287,48.2931
100-200:0019,100-200,151.266,fastest,0.0,shipped,210.013,140.7965,3.7499,60.0328,134.0195,0.0,145.9275,176.8126,9.852,66.3009
100-200:0019,100-200,151.266,scenic,0.5,shipped,200.6245,211.6186,7.1019,112.9595,137.2392,0.0,169.5267,176.7954,7.9851,79.2646
100-200:0019,100-200,151.266,fastest,0.0,town_off,210.013,140.7965,3.9766,64.1563,134.0195,0.0,145.9275,176.8126,9.852,66.3009
100-200:0019,100-200,151.266,scenic,0.5,town_off,201.0461,212.2317,7.3447,115.3767,135.2008,0.0,171.9013,179.0907,11.4328,76.4131
100-200:0020,100-200,184.462,fastest,0.0,shipped,291.0524,162.029,0.8982,3.9725,78.5318,0.0,177.1815,177.3494,15.0408,51.62
100-200:0020,100-200,184.462,scenic,0.5,shipped,226.8068,266.1701,6.5988,105.8444,130.4647,0.0,204.957,172.859,24.6838,90.6124
100-200:0020,100-200,184.462,fastest,0.0,town_off,291.0524,162.029,1.0565,4.2214,78.5318,0.0,177.1815,177.3494,15.0408,51.62
100-200:0020,100-200,184.462,scenic,0.5,town_off,228.0964,266.9515,6.7792,114.3122,134.5471,0.0,206.2467,174.1486,21.2264,88.6019
100-200:0021,100-200,117.197,fastest,0.0,shipped,155.7435,115.992,2.6903,9.9376,40.0344,0.0,131.2588,97.2988,11.8137,49.8992
100-200:0021,100-200,117.197,scenic,0.5,shipped,136.1502,147.5423,4.9985,25.1541,67.6673,0.0,110.9407,97.004,7.5866,69.1796
100-200:0021,100-200,117.197,fastest,0.0,town_off,155.7435,115.992,2.7641,12.7274,40.0344,0.0,131.2588,97.2988,11.8137,49.8992
100-200:0021,100-200,117.197,scenic,0.5,town_off,137.4974,160.4369,5.548,38.049,54.1803,0.0,124.9358,86.7838,18.454,47.9173
100-200:0022,100-200,134.23,fastest,0.0,shipped,210.0181,117.4553,0.9213,2.4122,67.954,0.938,167.0597,107.099,10.2382,56.9708
100-200:0022,100-200,134.23,scenic,0.5,shipped,172.0253,195.9154,6.4848,70.5529,102.4828,0.9116,161.3832,85.4933,12.151,71.6132
100-200:0022,100-200,134.23,fastest,0.0,town_off,210.0181,117.4553,1.0069,2.1505,67.954,0.938,167.0597,107.099,10.2382,56.9708
100-200:0022,100-200,134.23,scenic,0.5,town_off,174.6436,196.8229,6.6616,81.1632,109.331,0.9116,163.1489,90.3993,12.2439,71.6393
100-200:0023,100-200,143.088,fastest,0.0,shipped,187.8653,106.357,0.7068,0.6522,50.8801,0.0,140.7036,76.6865,0.9227,53.5942
100-200:0023,100-200,143.088,scenic,0.5,shipped,174.0618,200.9375,5.6067,35.9671,94.4506,0.0,143.3087,68.8558,8.9495,60.8355
100-200:0023,100-200,143.088,fastest,0.0,town_off,187.8653,106.357,0.7568,0.3096,50.8801,0.0,140.7036,76.6865,0.9227,53.5942
100-200:0023,100-200,143.088,scenic,0.5,town_off,174.993,201.7696,5.7964,41.9466,95.3508,0.0,145.9029,70.6081,8.9495,59.3835
100-200:0024,100-200,189.3,fastest,0.0,shipped,246.0032,137.3318,0.7712,3.5515,66.0847,0.0,189.7945,106.6624,1.9032,74.9286
100-200:0024,100-200,189.3,scenic,0.5,shipped,227.3163,254.7115,4.9662,52.6619,104.6768,0.0,191.1764,103.8311,13.8704,103.5506
100-200:0024,100-200,189.3,fastest,0.0,town_off,246.0032,137.3318,0.8369,2.886,66.0847,0.0,189.7945,106.6624,1.9032,74.9286
100-200:0024,100-200,189.3,scenic,0.5,town_off,227.8589,262.6749,5.196,51.9322,100.9791,0.0,198.7866,101.7654,19.9595,86.487
100-200:0025,100-200,177.799,fastest,0.0,shipped,233.6022,141.8335,1.247,5.7442,59.1808,0.0,147.0185,105.0666,3.4706,47.5489
100-200:0025,100-200,177.799,scenic,0.5,shipped,210.036,225.8762,5.3504,40.5365,84.3575,0.0,169.9919,110.9054,15.1477,66.3145
100-200:0025,100-200,177.799,fastest,0.0,town_off,233.6022,141.8335,1.3156,5.8308,59.1808,0.0,147.0185,105.0666,3.4706,47.5489
100-200:0025,100-200,177.799,scenic,0.5,town_off,218.7963,240.3397,6.0116,63.778,119.7055,0.0,192.7018,136.6796,14.1436,68.2783
100-200:0026,100-200,101.635,fastest,0.0,shipped,136.7692,80.6618,0.9776,1.1031,31.3221,0.0,129.5962,64.7883,3.7748,42.5876
100-200:0026,100-200,101.635,scenic,0.5,shipped,118.3694,106.062,3.4274,9.7604,44.9651,0.0,109.9128,55.8807,7.0308,53.7626
100-200:0026,100-200,101.635,fastest,0.0,town_off,136.7692,80.6618,1.1154,1.3734,31.3221,0.0,129.5962,64.7883,3.7748,42.5876
100-200:0026,100-200,101.635,scenic,0.5,town_off,118.6763,107.0777,3.5215,15.0616,44.9828,0.0,110.8576,56.5049,8.1647,51.7031
100-200:0027,100-200,124.815,fastest,0.0,shipped,185.3142,109.1435,0.9174,3.9317,46.2764,0.0,125.4659,80.6241,3.5457,33.6863
100-200:0027,100-200,124.815,scenic,0.5,shipped,155.0754,182.2013,6.151,50.1855,79.8199,0.0,145.5491,100.1322,5.4846,37.2615
100-200:0027,100-200,124.815,fastest,0.0,town_off,185.3142,109.1435,0.9908,3.3251,46.2764,0.0,125.4659,80.6241,3.5457,33.6863
100-200:0027,100-200,124.815,scenic,0.5,town_off,157.7276,185.2563,6.6289,60.4434,90.2552,0.0,149.1346,103.8853,5.3912,37.3796
100-200:0028,100-200,125.042,fastest,0.0,shipped,179.5283,105.6722,1.0129,2.1354,57.2485,0.0,123.3123,64.8143,11.5714,73.3739
100-200:0028,100-200,125.042,scenic,0.5,shipped,159.8118,185.5604,6.2056,58.5673,66.6787,0.0,144.2257,127.2926,7.3099,59.9235
100-200:0028,100-200,125.042,fastest,0.0,town_off,179.5283,105.6722,0.9621,2.4994,57.2485,0.0,123.3123,64.8143,11.5714,73.3739
100-200:0028,100-200,125.042,scenic,0.5,town_off,159.4803,185.7062,6.3644,60.7028,67.3541,0.0,142.8416,126.7641,7.3099,59.288
100-200:0029,100-200,193.86,fastest,0.0,shipped,259.8195,153.015,1.159,6.9165,81.7519,45.8019,145.1404,23.2643,1.9497,56.4102
100-200:0029,100-200,193.86,scenic,0.5,shipped,268.3632,276.2983,4.417,46.054,129.7746,85.9808,163.8425,42.6909,4.8297,82.9536
100-200:0029,100-200,193.86,fastest,0.0,town_off,259.8195,153.015,1.2331,8.886,81.7519,45.8019,145.1404,23.2643,1.9497,56.4102
100-200:0029,100-200,193.86,scenic,0.5,town_off,267.5872,273.1873,4.4637,54.8901,124.4658,82.4101,160.6572,41.0484,4.8297,77.4013
100-200:0030,100-200,104.916,fastest,0.0,shipped,178.0075,117.8689,1.8564,5.5808,37.6068,0.0,144.3103,172.0495,4.08,26.9635
100-200:0030,100-200,104.916,scenic,0.5,shipped,135.5751,165.3115,6.1798,43.9933,67.2355,0.0,105.1646,114.4533,3.2501,48.8921
100-200:0030,100-200,104.916,fastest,0.0,town_off,178.0075,117.8689,2.055,10.8103,37.6068,0.0,144.3103,172.0495,4.08,26.9635
100-200:0030,100-200,104.916,scenic,0.5,town_off,135.7808,166.034,6.359,50.0687,65.1602,0.0,110.5431,120.2367,3.2501,46.3508
100-200:0031,100-200,136.846,fastest,0.0,shipped,208.5527,142.11,2.7804,35.4483,86.3665,0.0,172.7102,140.5709,15.3275,57.5392
100-200:0031,100-200,136.846,scenic,0.5,shipped,176.6385,183.5192,6.6248,81.7623,112.0861,0.0,153.8822,126.2542,6.6258,65.1456
100-200:0031,100-200,136.846,fastest,0.0,town_off,208.5527,142.11,2.9425,37.9023,86.3665,0.0,172.7102,140.5709,15.3275,57.5392
100-200:0031,100-200,136.846,scenic,0.5,town_off,176.6385,183.5192,6.8453,88.462,112.0861,0.0,153.8822,126.2542,6.6258,65.1456
100-200:0032,100-200,125.718,fastest,0.0,shipped,178.113,135.6186,2.3755,8.5318,43.332,0.0,135.0396,73.9818,11.9837,68.3388
100-200:0032,100-200,125.718,scenic,0.5,shipped,158.1097,182.1785,6.5021,70.9924,97.4431,0.0,144.4529,127.5912,1.4688,65.7898
100-200:0032,100-200,125.718,fastest,0.0,town_off,178.113,135.6186,2.3673,10.1183,43.332,0.0,135.0396,73.9818,11.9837,68.3388
100-200:0032,100-200,125.718,scenic,0.5,town_off,161.9515,180.0987,6.8201,81.2769,90.9039,0.0,149.2985,128.9164,4.9124,51.4024
100-200:0033,100-200,178.579,fastest,0.0,shipped,231.6398,192.5166,4.7938,45.8592,109.366,0.0,187.4855,159.7778,6.149,58.7478
100-200:0033,100-200,178.579,scenic,0.5,shipped,228.6742,209.07,5.4709,59.4489,124.0532,0.0,186.094,164.2684,4.128,65.9864
100-200:0033,100-200,178.579,fastest,0.0,town_off,231.6398,192.5166,5.0188,49.7636,109.366,0.0,187.4855,159.7778,6.149,58.7478
100-200:0033,100-200,178.579,scenic,0.5,town_off,228.0445,205.372,5.6164,61.9516,120.3151,0.0,188.1558,167.1377,6.149,61.7233
100-200:0034,100-200,124.046,fastest,0.0,shipped,176.6016,158.9717,4.783,37.7298,90.3827,0.0,129.4006,158.4195,0.0,43.2276
100-200:0034,100-200,124.046,scenic,0.5,shipped,165.2097,161.5628,6.0451,47.7304,95.4193,0.0,124.833,142.1877,2.9226,56.3059
100-200:0034,100-200,124.046,fastest,0.0,town_off,176.6016,158.9717,5.0532,42.0291,90.3827,0.0,129.4006,158.4195,0.0,43.2276
100-200:0034,100-200,124.046,scenic,0.5,town_off,165.2097,161.5628,6.2161,60.9524,95.4193,0.0,124.833,142.1877,2.9226,56.3059
100-200:0035,100-200,134.817,fastest,0.0,shipped,163.2839,108.2367,1.7539,9.753,64.0312,1.2513,132.6872,77.0063,6.667,52.8304
100-200:0035,100-200,134.817,scenic,0.5,shipped,155.9322,193.8121,5.3425,33.1152,76.5918,0.0997,131.1502,58.8564,6.6577,70.1543
100-200:0035,100-200,134.817,fastest,0.0,town_off,163.2839,108.2367,1.8835,9.7395,64.0312,1.2513,132.6872,77.0063,6.667,52.8304
100-200:0035,100-200,134.817,scenic,0.5,town_off,155.9322,193.8121,5.2795,37.2267,76.5918,0.0997,131.1502,58.8564,6.6577,70.1543
100-200:0036,100-200,133.165,fastest,0.0,shipped,204.3897,139.2866,1.776,2.7688,62.2508,0.0,94.1571,44.5765,9.4779,23.5914
100-200:0036,100-200,133.165,scenic,0.5,shipped,179.4342,184.5022,5.1849,22.802,80.8482,0.0,150.7212,101.3782,11.5945,45.2517
100-200:0036,100-200,133.165,fastest,0.0,town_off,204.3897,139.2866,1.9221,5.6479,62.2508,0.0,94.1571,44.5765,9.4779,23.5914
100-200:0036,100-200,133.165,scenic,0.5,town_off,176.5973,179.0063,5.1666,25.3159,67.7894,0.0,148.1473,101.4804,9.9094,38.236
100-200:0037,100-200,134.258,fastest,0.0,shipped,242.4382,137.646,1.1477,2.6508,87.3111,0.0,203.8933,166.3057,11.5366,55.2175
100-200:0037,100-200,134.258,scenic,0.5,shipped,156.0253,181.8974,5.7234,41.2382,68.1038,0.0,142.1266,102.0215,7.4811,49.712
100-200:0037,100-200,134.258,fastest,0.0,town_off,242.4382,137.646,1.3021,4.345,87.3111,0.0,203.8933,166.3057,11.5366,55.2175
100-200:0037,100-200,134.258,scenic,0.5,town_off,156.0253,181.8974,5.8455,46.1198,68.1038,0.0,142.1266,102.0215,7.4811,49.712
100-200:0038,100-200,159.843,fastest,0.0,shipped,246.3507,231.8229,4.7566,30.1844,124.3705,0.0,202.4395,143.0955,18.6133,31.8162
100-200:0038,100-200,159.843,scenic,0.5,shipped,240.4947,244.1196,5.6629,65.5585,124.6793,0.0,212.8564,162.0154,3.9811,29.0163
100-200:0038,100-200,159.843,fastest,0.0,town_off,246.3507,231.8229,5.1666,53.0709,124.3705,0.0,202.4395,143.0955,18.6133,31.8162
100-200:0038,100-200,159.843,scenic,0.5,town_off,254.3451,239.9322,6.2895,92.6996,134.0398,0.0,231.309,147.1889,9.2843,29.1423
100-200:0039,100-200,107.972,fastest,0.0,shipped,169.664,104.4679,1.3564,5.2721,55.3205,0.0,127.8729,92.0936,6.0995,47.5663
100-200:0039,100-200,107.972,scenic,0.5,shipped,128.092,146.0408,5.2638,22.2936,52.6612,0.0,95.6659,57.1993,3.9415,50.8515
100-200:0039,100-200,107.972,fastest,0.0,town_off,169.664,104.4679,1.501,4.8962,55.3205,0.0,127.8729,92.0936,6.0995,47.5663
100-200:0039,100-200,107.972,scenic,0.5,town_off,130.6427,146.7597,5.4526,30.0846,58.5519,0.0,105.4574,58.3366,6.9057,35.6482
100-200:0040,100-200,139.401,fastest,0.0,shipped,206.7588,139.7804,2.1679,7.1693,77.6368,0.0,153.9536,133.8425,3.5291,79.0295
100-200:0040,100-200,139.401,scenic,0.5,shipped,169.5043,194.8332,5.2454,28.1105,48.9622,0.0,138.4505,105.9853,7.7591,67.0799
100-200:0040,100-200,139.401,fastest,0.0,town_off,206.7588,139.7804,2.2267,7.8666,77.6368,0.0,153.9536,133.8425,3.5291,79.0295
100-200:0040,100-200,139.401,scenic,0.5,town_off,169.3035,193.5339,5.1801,25.7813,44.69,0.0,139.7461,108.7577,7.7591,62.559
100-200:0041,100-200,145.612,fastest,0.0,shipped,238.5518,128.7934,0.5712,1.6161,59.0445,7.3448,155.3816,73.9619,4.3468,32.0982
100-200:0041,100-200,145.612,scenic,0.5,shipped,196.0363,197.0013,5.2425,24.0666,94.8999,4.9221,160.1578,92.2338,17.1702,52.6136
100-200:0041,100-200,145.612,fastest,0.0,town_off,238.5518,128.7934,0.6963,1.6161,59.0445,7.3448,155.3816,73.9619,4.3468,32.0982
100-200:0041,100-200,145.612,scenic,0.5,town_off,195.6788,197.095,5.4109,34.8995,94.8999,4.9221,159.8003,91.8762,17.1702,52.2561
100-200:0043,100-200,148.705,fastest,0.0,shipped,236.4783,148.6846,1.981,23.9708,78.9452,0.0,168.5915,123.5163,15.1577,85.7054
100-200:0043,100-200,148.705,scenic,0.5,shipped,187.1516,214.3866,6.1714,64.8872,82.2468,0.0,169.7182,158.5024,5.487,58.682
100-200:0043,100-200,148.705,fastest,0.0,town_off,236.4783,148.6846,2.0076,24.5245,78.9452,0.0,168.5915,123.5163,15.1577,85.7054
100-200:0043,100-200,148.705,scenic,0.5,town_off,189.0981,228.4831,6.8527,82.5317,98.8338,0.0,174.2644,169.9129,1.9604,55.9249
100-200:0044,100-200,128.931,fastest,0.0,shipped,194.0095,115.3881,1.0265,2.8758,57.0249,0.0,156.8711,117.1484,0.0,31.8051
100-200:0044,100-200,128.931,scenic,0.5,shipped,156.6196,185.3288,5.7898,45.2896,82.8771,0.0,133.9981,93.2814,7.9277,48.4019
100-200:0044,100-200,128.931,fastest,0.0,town_off,194.0095,115.3881,1.1938,2.3245,57.0249,0.0,156.8711,117.1484,0.0,31.8051
100-200:0044,100-200,128.931,scenic,0.5,town_off,157.1273,188.2642,6.1226,54.3432,86.5609,0.0,133.2296,95.3798,8.2442,45.8548
100-200:0045,100-200,111.219,fastest,0.0,shipped,140.7524,127.644,3.6649,12.4687,41.2031,0.0,130.8678,69.2023,4.3379,40.6891
100-200:0045,100-200,111.219,scenic,0.5,shipped,132.8194,143.2671,5.5498,23.4299,54.0693,0.0,119.4116,78.3885,6.1404,49.9477
100-200:0045,100-200,111.219,fastest,0.0,town_off,140.7524,127.644,3.7307,17.2201,41.2031,0.0,130.8678,69.2023,4.3379,40.6891
100-200:0045,100-200,111.219,scenic,0.5,town_off,133.5269,149.6008,5.8488,34.8972,55.147,0.0,122.3481,79.8244,5.1718,40.0239
100-200:0046,100-200,195.682,fastest,0.0,shipped,289.2196,190.6967,2.0345,13.9402,80.7775,2.5569,203.7981,113.0774,5.7707,38.827
100-200:0046,100-200,195.682,scenic,0.5,shipped,247.5071,239.1705,4.2573,31.3719,106.4536,4.713,173.8797,114.1968,8.1,62.3879
100-200:0046,100-200,195.682,fastest,0.0,town_off,289.2196,190.6967,2.1915,12.4003,80.7775,2.5569,203.7981,113.0774,5.7707,38.827
100-200:0046,100-200,195.682,scenic,0.5,town_off,249.1277,239.2072,4.451,38.7278,110.6182,8.5547,177.2046,115.7909,8.1,62.2936
100-200:0048,100-200,100.634,fastest,0.0,shipped,184.6185,97.3217,0.8425,1.316,54.2833,0.0,148.7987,171.1184,2.0013,25.3604
100-200:0048,100-200,100.634,scenic,0.5,shipped,127.117,130.3243,5.7034,25.0368,48.0236,0.0,115.2277,92.8122,4.2813,43.6557
100-200:0048,100-200,100.634,fastest,0.0,town_off,184.6185,97.3217,1.0541,1.0476,54.2833,0.0,148.7987,171.1184,2.0013,25.3604
100-200:0048,100-200,100.634,scenic,0.5,town_off,127.117,130.3243,5.7969,35.045,48.0236,0.0,115.2277,92.8122,4.2813,43.6557
100-200:0049,100-200,156.429,fastest,0.0,shipped,208.012,131.6697,1.3832,6.5806,57.7194,15.8879,157.2655,60.1503,7.8818,59.5175
100-200:0049,100-200,156.429,scenic,0.5,shipped,184.3995,207.8832,4.6451,19.8903,66.0729,8.0583,139.5661,45.6317,13.3965,101.6899
100-200:0049,100-200,156.429,fastest,0.0,town_off,208.012,131.6697,1.3986,4.7789,57.7194,15.8879,157.2655,60.1503,7.8818,59.5175
100-200:0049,100-200,156.429,scenic,0.5,town_off,186.2818,215.9812,4.7936,29.1306,66.5535,8.0583,143.3536,48.8302,23.0893,68.6411
100-200:0050,100-200,183.974,fastest,0.0,shipped,244.2127,151.2661,1.5732,2.5737,73.3487,0.0,178.0787,64.9369,6.4328,61.3151
100-200:0050,100-200,183.974,scenic,0.5,shipped,222.5058,227.9498,5.2251,37.9742,95.5783,0.0,182.2562,117.9625,15.4278,70.76
100-200:0050,100-200,183.974,fastest,0.0,town_off,244.2127,151.2661,1.6488,3.2904,73.3487,0.0,178.0787,64.9369,6.4328,61.3151
100-200:0050,100-200,183.974,scenic,0.5,town_off,230.8409,246.3233,5.9372,63.3146,126.5336,0.0,203.6577,144.0635,14.1015,74.67
100-200:0051,100-200,131.809,fastest,0.0,shipped,167.6291,107.264,1.0678,0.7663,53.4317,15.8687,102.6949,12.9843,1.0509,64.223
100-200:0051,100-200,131.809,scenic,0.5,shipped,156.9052,200.0815,5.4442,25.2638,66.6518,4.1358,130.7733,20.8231,14.4881,76.0372
100-200:0051,100-200,131.809,fastest,0.0,town_off,167.6291,107.264,1.0212,0.6071,53.4317,15.8687,102.6949,12.9843,1.0509,64.223
100-200:0051,100-200,131.809,scenic,0.5,town_off,152.1478,172.0211,4.2709,17.3125,73.0378,0.0,115.8536,19.1686,3.9825,54.3294
100-200:0052,100-200,120.2,fastest,0.0,shipped,185.1795,124.9434,1.8151,16.9963,69.7949,0.0,150.1176,63.5292,2.0696,62.5627
100-200:0052,100-200,120.2,scenic,0.5,shipped,143.2176,167.9866,5.1903,16.0821,47.5774,0.0,126.7397,31.8519,14.6119,88.2572
100-200:0052,100-200,120.2,fastest,0.0,town_off,185.1795,124.9434,1.8794,17.2508,69.7949,0.0,150.1176,63.5292,2.0696,62.5627
100-200:0052,100-200,120.2,scenic,0.5,town_off,148.9756,182.3021,5.6137,36.2478,64.9578,0.0,134.1891,39.5984,16.7083,72.4293
100-200:0053,100-200,133.293,fastest,0.0,shipped,203.0494,114.1123,0.8937,0.3484,63.5172,0.0,161.6031,95.4148,10.3794,56.297
100-200:0053,100-200,133.293,scenic,0.5,shipped,160.6215,193.6713,6.1688,50.9928,78.9051,0.0,139.9882,81.9782,13.4678,74.4126
100-200:0053,100-200,133.293,fastest,0.0,town_off,203.0494,114.1123,0.9916,0.0,63.5172,0.0,161.6031,95.4148,10.3794,56.297
100-200:0053,100-200,133.293,scenic,0.5,town_off,161.3735,190.4086,6.0592,49.7497,85.4847,0.0,139.5025,79.5493,8.9293,71.1851
100-200:0054,100-200,133.253,fastest,0.0,shipped,175.7105,109.2592,1.0572,3.2609,47.4585,0.0,145.9419,61.182,6.5118,46.9288
100-200:0054,100-200,133.253,scenic,0.5,shipped,161.9068,197.9934,5.3294,22.0495,71.6798,0.0,133.9413,51.1205,1.2261,78.0588
100-200:0054,100-200,133.253,fastest,0.0,town_off,175.7105,109.2592,1.1455,3.4542,47.4585,0.0,145.9419,61.182,6.5118,46.9288
100-200:0054,100-200,133.253,scenic,0.5,town_off,162.7261,198.5451,5.2548,27.5876,72.7272,0.0,135.3127,52.0484,1.2261,76.4798
100-200:0055,100-200,161.552,fastest,0.0,shipped,220.1106,172.666,3.7347,22.6648,95.0722,0.0,181.2813,174.936,6.1862,68.1939
100-200:0055,100-200,161.552,scenic,0.5,shipped,204.5847,208.0518,6.568,86.8942,114.898,0.0,179.0664,159.1326,7.7091,84.9715
100-200:0055,100-200,161.552,fastest,0.0,town_off,220.1106,172.666,3.8734,23.8784,95.0722,0.0,181.2813,174.936,6.1862,68.1939
100-200:0055,100-200,161.552,scenic,0.5,town_off,214.0014,221.9373,7.2462,117.2831,131.3929,0.0,190.3359,180.1251,15.7876,79.0175
100-200:0056,100-200,140.232,fastest,0.0,shipped,197.9112,120.9751,0.8744,2.9459,46.3296,15.8408,159.3613,23.2141,6.1627,28.1101
100-200:0056,100-200,140.232,scenic,0.5,shipped,186.1321,220.4412,5.7125,49.1497,91.9547,33.5845,143.2731,21.0565,7.1842,94.8899
100-200:0056,100-200,140.232,fastest,0.0,town_off,197.9112,120.9751,0.9852,8.394,46.3296,15.8408,159.3613,23.2141,6.1627,28.1101
100-200:0056,100-200,140.232,scenic,0.5,town_off,185.6724,219.7747,5.4873,42.636,89.1633,33.5845,142.8135,21.0565,7.1842,92.5153
100-200:0057,100-200,125.121,fastest,0.0,shipped,154.9116,83.5279,0.6979,0.2628,38.9634,0.0,119.9922,97.7355,0.0,27.1393
100-200:0057,100-200,125.121,scenic,0.5,shipped,156.9141,171.7246,5.7608,34.034,71.4858,0.0,127.2837,97.4983,16.1175,63.7204
100-200:0057,100-200,125.121,fastest,0.0,town_off,154.9116,83.5279,0.8169,0.147,38.9634,0.0,119.9922,97.7355,0.0,27.1393
100-200:0057,100-200,125.121,scenic,0.5,town_off,156.9565,171.7465,5.8056,39.1599,71.4773,0.0,127.1955,97.5407,16.1175,63.4562
100-200:0058,100-200,179.047,fastest,0.0,shipped,305.191,182.5901,1.8716,14.4221,128.4243,0.0,246.5947,213.7059,11.9988,82.1959
100-200:0058,100-200,179.047,scenic,0.5,shipped,208.3124,224.645,5.7826,49.5258,111.901,0.0,170.7183,154.4476,4.3432,86.9378
100-200:0058,100-200,179.047,fastest,0.0,town_off,305.191,182.5901,2.0058,17.6033,128.4243,0.0,246.5947,213.7059,11.9988,82.1959
100-200:0058,100-200,179.047,scenic,0.5,town_off,232.7807,241.8343,6.7902,111.125,149.739,0.0,208.1365,177.4916,17.8494,82.2449
100-200:0059,100-200,194.385,fastest,0.0,shipped,249.7136,142.5216,0.8364,0.0,87.0231,0.0,171.003,160.1384,3.7756,45.692
100-200:0059,100-200,194.385,scenic,0.5,shipped,236.3053,263.8601,5.9732,83.6925,139.8483,0.0,187.9761,155.5359,9.297,74.4844
100-200:0059,100-200,194.385,fastest,0.0,town_off,249.7136,142.5216,0.9655,0.0,87.0231,0.0,171.003,160.1384,3.7756,45.692
100-200:0059,100-200,194.385,scenic,0.5,town_off,236.2776,263.8912,6.1561,96.2776,139.8483,0.0,187.9761,155.5083,9.297,74.4567
100-200:0060,100-200,185.611,fastest,0.0,shipped,235.5499,140.7247,0.9889,3.5156,73.056,10.6751,143.3975,75.7488,2.9372,54.6382
100-200:0060,100-200,185.611,scenic,0.5,shipped,226.411,254.643,5.5457,38.8955,111.9076,0.0,196.5049,59.8866,12.0806,87.909
100-200:0060,100-200,185.611,fastest,0.0,town_off,235.5499,140.7247,1.0349,3.1201,73.056,10.6751,143.3975,75.7488,2.9372,54.6382
100-200:0060,100-200,185.611,scenic,0.5,town_off,229.322,262.33,5.8032,53.9502,124.4804,0.0,201.5224,63.9281,13.6284,85.4076
100-200:0061,100-200,171.61,fastest,0.0,shipped,244.4002,176.2678,3.0675,42.2421,98.542,0.0,191.4449,143.222,6.2902,74.6713
100-200:0061,100-200,171.61,scenic,0.5,shipped,212.3109,224.4027,5.9429,63.6055,102.2283,0.0,181.032,123.6483,8.4108,82.1801
100-200:0061,100-200,171.61,fastest,0.0,town_off,244.4002,176.2678,3.2299,44.61,98.542,0.0,191.4449,143.222,6.2902,74.6713
100-200:0061,100-200,171.61,scenic,0.5,town_off,212.5899,224.0468,6.0554,65.7057,102.5643,0.0,187.0431,124.1656,8.0177,75.9311
100-200:0062,100-200,141.129,fastest,0.0,shipped,185.9498,108.4021,1.1246,0.0,57.6105,10.6751,111.352,55.1422,0.0,42.1259
100-200:0062,100-200,141.129,scenic,0.5,shipped,167.1188,184.9969,4.8798,16.2663,60.1047,0.0,150.0477,56.3099,10.6702,59.8317
100-200:0062,100-200,141.129,fastest,0.0,town_off,185.9498,108.4021,1.1924,0.0,57.6105,10.6751,111.352,55.1422,0.0,42.1259
100-200:0062,100-200,141.129,scenic,0.5,town_off,167.2274,177.5484,4.6655,15.6463,59.6677,0.0,148.3491,56.0555,10.6702,59.613
100-200:0063,100-200,144.691,fastest,0.0,shipped,178.194,114.3069,1.2326,1.4607,39.0735,9.4544,142.7425,48.197,9.3335,46.9183
100-200:0063,100-200,144.691,scenic,0.5,shipped,172.4835,177.4433,4.5336,25.2151,85.3112,2.9712,161.2773,80.1543,12.9288,81.295
100-200:0063,100-200,144.691,fastest,0.0,town_off,178.194,114.3069,1.2604,1.2306,39.0735,9.4544,142.7425,48.197,9.3335,46.9183
100-200:0063,100-200,144.691,scenic,0.5,town_off,174.4197,181.5161,4.6853,31.4461,85.1779,2.9712,163.7329,82.3292,13.9437,81.2224
100-200:0064,100-200,141.461,fastest,0.0,shipped,219.4312,142.3581,2.5124,21.6811,102.1253,0.0,165.9241,206.9679,0.7611,35.5471
100-200:0064,100-200,141.461,scenic,0.5,shipped,185.4795,174.4789,7.782,135.4475,139.1439,0.0,155.4152,175.4452,4.738,69.0159
100-200:0064,100-200,141.461,fastest,0.0,town_off,219.4312,142.3581,2.7312,23.572,102.1253,0.0,165.9241,206.9679,0.7611,35.5471
100-200:0064,100-200,141.461,scenic,0.5,town_off,178.8756,177.6751,8.0758,131.6249,126.4839,0.0,158.0459,170.7603,1.0978,61.2568
100-200:0065,100-200,129.644,fastest,0.0,shipped,156.0718,99.9661,1.4127,6.0789,43.4848,0.0,130.606,74.5308,4.4839,30.3158
100-200:0065,100-200,129.644,scenic,0.5,shipped,157.0443,167.7972,4.6853,18.9685,70.7181,0.0,117.4536,73.1063,5.5535,65.3111
100-200:0065,100-200,129.644,fastest,0.0,town_off,156.0718,99.9661,1.5481,5.7476,43.4848,0.0,130.606,74.5308,4.4839,30.3158
100-200:0065,100-200,129.644,scenic,0.5,town_off,157.2046,168.6401,4.6614,19.7254,71.5269,0.0,117.2694,72.2427,5.5535,64.2272
100-200:0066,100-200,132.28,fastest,0.0,shipped,161.6121,105.2549,1.14,5.0216,37.5514,15.662,127.6005,19.5516,3.8717,51.3215
100-200:0066,100-200,132.28,scenic,0.5,shipped,155.9305,194.4136,5.6429,33.9538,66.5026,16.9427,116.7908,18.8139,13.9003,100.4568
100-200:0066,100-200,132.28,fastest,0.0,town_off,161.6121,105.2549,1.0306,3.4945,37.5514,15.662,127.6005,19.5516,3.8717,51.3215
100-200:0066,100-200,132.28,scenic,0.5,town_off,156.3723,191.968,5.2263,28.2335,68.414,16.8845,114.7751,25.9075,12.9951,86.4565
100-200:0067,100-200,187.849,fastest,0.0,shipped,250.6864,152.8695,1.077,6.993,74.122,15.4161,192.1975,75.7116,5.285,79.1838
100-200:0067,100-200,187.849,scenic,0.5,shipped,237.0877,284.0517,5.8012,63.9801,107.3689,20.1566,202.0112,94.4408,17.8684,132.8394
100-200:0067,100-200,187.849,fastest,0.0,town_off,250.6864,152.8695,1.1339,5.0321,74.122,15.4161,192.1975,75.7116,5.285,79.1838
100-200:0067,100-200,187.849,scenic,0.5,town_off,235.7917,284.804,5.6222,58.4165,99.3639,21.6765,198.9808,92.122,21.509,118.8907
100-200:0068,100-200,124.932,fastest,0.0,shipped,159.0139,103.0545,1.8954,13.5911,53.8012,1.9213,127.9445,64.0205,1.1568,53.8739
100-200:0068,100-200,124.932,scenic,0.5,shipped,148.3876,172.5175,6.0177,47.203,81.7156,1.9213,124.1173,64.1274,7.8589,76.3119
100-200:0068,100-200,124.932,fastest,0.0,town_off,159.0139,103.0545,2.02,14.2553,53.8012,1.9213,127.9445,64.0205,1.1568,53.8739
100-200:0068,100-200,124.932,scenic,0.5,town_off,148.8342,174.4986,5.9875,47.6126,83.0989,1.9213,126.5877,64.1274,8.5921,76.3708
100-200:0069,100-200,134.543,fastest,0.0,shipped,170.8118,94.6777,0.6786,0.0,41.9512,4.5989,143.7224,33.4269,2.5495,41.6903
100-200:0069,100-200,134.543,scenic,0.5,shipped,166.4197,197.2128,5.5074,37.516,63.8555,15.4246,145.7522,51.2404,22.4282,72.7113
100-200:0069,100-200,134.543,fastest,0.0,town_off,170.8118,94.6777,0.7332,0.0,41.9512,4.5989,143.7224,33.4269,2.5495,41.6903
100-200:0069,100-200,134.543,scenic,0.5,town_off,168.7944,209.0679,6.0169,49.9786,68.3756,0.0,161.7094,65.9138,28.3325,61.3414
100-200:0070,100-200,167.352,fastest,0.0,shipped,227.5532,131.2262,1.7507,21.2494,113.6215,0.0,142.694,159.5026,1.1774,60.8242
100-200:0070,100-200,167.352,scenic,0.5,shipped,223.9208,236.1762,6.4364,90.7376,113.8188,0.0,191.9937,168.0831,5.0249,74.9929
100-200:0070,100-200,167.352,fastest,0.0,town_off,227.5532,131.2262,1.8893,24.6143,113.6215,0.0,142.694,159.5026,1.1774,60.8242
100-200:0070,100-200,167.352,scenic,0.5,town_off,221.1031,238.399,6.6043,92.4761,114.4876,0.0,190.234,169.6164,3.5587,70.4822
100-200:0071,100-200,162.24,fastest,0.0,shipped,273.4501,173.5673,1.6576,6.5445,78.5866,0.0,204.8426,96.8419,7.6056,67.646
100-200:0071,100-200,162.24,scenic,0.5,shipped,201.9471,192.1975,5.0744,24.908,84.0304,0.0,175.3286,121.0555,9.0018,58.8008
100-200:0071,100-200,162.24,fastest,0.0,town_off,273.4501,173.5673,1.7872,8.4344,78.5866,0.0,204.8426,96.8419,7.6056,67.646
100-200:0071,100-200,162.24,scenic,0.5,town_off,202.7393,191.4977,5.206,38.4226,91.6471,0.0,176.8496,121.3477,9.324,58.6757
100-200:0072,100-200,174.675,fastest,0.0,shipped,216.2047,118.5976,0.9625,4.4054,78.8735,0.0,137.1005,165.044,0.7322,43.5334
100-200:0072,100-200,174.675,scenic,0.5,shipped,209.108,231.7278,5.9011,73.2839,112.9943,0.0,153.6682,169.5626,4.5538,70.8337
100-200:0072,100-200,174.675,fastest,0.0,town_off,216.2047,118.5976,1.1343,3.3699,78.8735,0.0,137.1005,165.044,0.7322,43.5334
100-200:0072,100-200,174.675,scenic,0.5,town_off,213.27,236.2435,6.2587,94.5568,118.536,0.0,165.8383,173.4146,10.5834,67.757
100-200:0073,100-200,106.93,fastest,0.0,shipped,175.448,129.9805,2.983,16.3793,69.7758,0.0,142.8873,147.9776,1.6286,42.753
100-200:0073,100-200,106.93,scenic,0.5,shipped,138.2704,152.5355,5.9431,47.5513,79.9841,0.0,83.1575,115.7316,0.0,52.7813
100-200:0073,100-200,106.93,fastest,0.0,town_off,175.448,129.9805,3.1746,16.7863,69.7758,0.0,142.8873,147.9776,1.6286,42.753
100-200:0073,100-200,106.93,scenic,0.5,town_off,138.2704,152.5355,6.0443,55.6334,79.9841,0.0,83.1575,115.7316,0.0,52.7813
100-200:0074,100-200,160.046,fastest,0.0,shipped,200.7093,157.5884,2.6352,11.0659,63.3949,0.0,165.9807,103.0898,9.4548,65.5585
100-200:0074,100-200,160.046,scenic,0.5,shipped,182.7596,212.6541,5.9774,54.507,90.0926,0.0,165.3192,92.5039,14.0625,75.4046
100-200:0074,100-200,160.046,fastest,0.0,town_off,200.7093,157.5884,2.7078,18.9335,63.3949,0.0,165.9807,103.0898,9.4548,65.5585
100-200:0074,100-200,160.046,scenic,0.5,town_off,187.1346,223.0723,6.405,71.9825,86.875,0.0,179.8597,93.6861,18.6662,64.5433
100-200:0075,100-200,111.338,fastest,0.0,shipped,174.2574,138.6165,3.2044,27.9778,70.1049,0.0,149.7738,98.8145,8.35,54.8005
100-200:0075,100-200,111.338,scenic,0.5,shipped,157.4797,181.2118,6.8283,72.5014,79.417,0.0,145.4726,118.2459,10.4113,72.1955
100-200:0075,100-200,111.338,fastest,0.0,town_off,174.2574,138.6165,3.3643,30.4676,70.1049,0.0,149.7738,98.8145,8.35,54.8005
100-200:0075,100-200,111.338,scenic,0.5,town_off,154.5488,179.4211,6.8029,74.2531,76.6429,0.0,142.547,115.8607,11.1108,67.4553
100-200:0076,100-200,108.854,fastest,0.0,shipped,135.0057,90.9325,1.6406,2.5318,36.3491,0.0,101.742,66.767,5.8493,34.7337
100-200:0076,100-200,108.854,scenic,0.5,shipped,127.1466,150.3948,6.0676,38.5193,65.9027,0.0,111.0966,48.6554,12.6021,54.1701
100-200:0076,100-200,108.854,fastest,0.0,town_off,135.0057,90.9325,1.7502,2.0887,36.3491,0.0,101.742,66.767,5.8493,34.7337
100-200:0076,100-200,108.854,scenic,0.5,town_off,127.5456,151.8223,6.1764,46.5213,68.9621,0.0,114.449,50.9649,12.6021,46.5794
100-200:0077,100-200,102.59,fastest,0.0,shipped,130.5168,83.5361,1.5601,7.0789,41.6012,10.4732,71.9257,20.6172,2.3555,41.615
100-200:0077,100-200,102.59,scenic,0.5,shipped,123.0616,142.5371,4.9701,21.3585,51.5795,10.4732,94.5293,20.715,8.4932,57.4707
100-200:0077,100-200,102.59,fastest,0.0,town_off,130.5168,83.5361,1.5753,6.6114,41.6012,10.4732,71.9257,20.6172,2.3555,41.615
100-200:0077,100-200,102.59,scenic,0.5,town_off,126.9255,139.154,4.9519,28.3977,62.1033,10.4732,98.995,25.5017,2.3619,56.5482
100-200:0078,100-200,155.201,fastest,0.0,shipped,220.6644,152.5356,1.6749,4.4579,62.7947,14.5163,170.4801,45.7561,4.6378,70.602
100-200:0078,100-200,155.201,scenic,0.5,shipped,205.055,241.1503,4.9787,31.7842,66.921,23.3127,161.0163,35.0019,29.9753,89.7118
100-200:0078,100-200,155.201,fastest,0.0,town_off,220.6644,152.5356,1.6563,2.2135,62.7947,14.5163,170.4801,45.7561,4.6378,70.602
100-200:0078,100-200,155.201,scenic,0.5,town_off,203.9728,243.2814,4.8877,31.0667,65.0614,16.0962,159.0482,43.1638,31.0188,80.0129
100-200:0079,100-200,196.627,fastest,0.0,shipped,294.9116,274.9826,3.5472,30.9252,110.2343,0.0,209.7384,145.219,5.6271,19.7599
100-200:0079,100-200,196.627,scenic,0.5,shipped,270.2026,303.6259,4.6367,35.6679,103.5491,0.0,208.625,165.7602,4.4158,33.3761
100-200:0079,100-200,196.627,fastest,0.0,town_off,294.9116,274.9826,3.8927,42.5982,110.2343,0.0,209.7384,145.219,5.6271,19.7599
100-200:0079,100-200,196.627,scenic,0.5,town_off,269.9133,303.2795,4.9867,48.1698,102.5822,0.0,208.5242,165.4697,4.4158,32.9669
100-200:0080,100-200,117.72,fastest,0.0,shipped,162.3135,121.2079,1.9717,1.6904,37.8698,0.9178,125.3077,60.015,5.0767,55.3365
100-200:0080,100-200,117.72,scenic,0.5,shipped,139.5389,165.0452,6.0454,41.927,65.0445,7.5627,120.2368,88.6501,13.7632,83.2474
100-200:0080,100-200,117.72,fastest,0.0,town_off,162.3135,121.2079,1.9821,5.3289,37.8698,0.9178,125.3077,60.015,5.0767,55.3365
100-200:0080,100-200,117.72,scenic,0.5,town_off,137.2153,150.6105,5.21,29.4893,54.2227,7.5627,118.1556,87.9881,14.9787,72.1919
100-200:0081,100-200,194.151,fastest,0.0,shipped,228.5155,125.4742,0.8563,0.4414,89.0267,0.0,165.0805,94.6247,0.0426,80.6433
100-200:0081,100-200,194.151,scenic,0.5,shipped,228.2061,271.8621,5.2474,43.4377,106.1699,0.0,198.7284,109.7677,9.1086,109.7338
100-200:0081,100-200,194.151,fastest,0.0,town_off,228.5155,125.4742,0.9517,0.4414,89.0267,0.0,165.0805,94.6247,0.0426,80.6433
100-200:0081,100-200,194.151,scenic,0.5,town_off,228.368,276.5275,5.2581,53.3561,107.3899,0.0,198.3428,114.8021,8.4605,97.3574
100-200:0082,100-200,164.014,fastest,0.0,shipped,221.3492,129.8291,0.8065,2.5722,51.8738,23.4768,167.5114,19.0232,4.1452,52.1177
100-200:0082,100-200,164.014,scenic,0.5,shipped,212.5143,250.8304,5.2193,42.5649,73.5234,56.3875,157.7441,20.0472,28.239,113.6224
100-200:0082,100-200,164.014,fastest,0.0,town_off,221.3492,129.8291,0.8197,5.5378,51.8738,23.4768,167.5114,19.0232,4.1452,52.1177
100-200:0082,100-200,164.014,scenic,0.5,town_off,215.3697,252.895,5.1332,42.0682,72.4888,68.0201,162.3695,21.1388,27.1962,106.1924
100-200:0083,100-200,136.613,fastest,0.0,shipped,182.0804,100.267,0.5615,1.2846,54.6966,1.2846,106.5416,61.778,1.7505,27.9931
100-200:0083,100-200,136.613,scenic,0.5,shipped,160.7178,193.5759,5.8706,35.9838,67.014,1.2846,129.9082,75.0002,8.3381,73.8203
100-200:0083,100-200,136.613,fastest,0.0,town_off,182.0804,100.267,0.6655,1.2846,54.6966,1.2846,106.5416,61.778,1.7505,27.9931
100-200:0083,100-200,136.613,scenic,0.5,town_off,162.2808,190.7796,5.7737,40.7691,74.7921,1.2846,129.8468,81.4661,10.6651,65.6137
100-200:0084,100-200,186.851,fastest,0.0,shipped,238.1772,137.4182,0.9222,7.0137,77.6919,15.6486,181.626,30.3641,2.5495,77.8678
100-200:0084,100-200,186.851,scenic,0.5,shipped,218.6691,265.6852,5.5141,50.1848,100.399,52.4314,160.5648,30.6515,11.7042,131.9322
100-200:0084,100-200,186.851,fastest,0.0,town_off,238.1772,137.4182,0.9401,6.7554,77.6919,15.6486,181.626,30.3641,2.5495,77.8678
100-200:0084,100-200,186.851,scenic,0.5,town_off,224.2944,281.3376,5.7184,54.0841,91.2893,44.6978,183.4314,41.7859,14.309,97.1148
100-200:0085,100-200,175.437,fastest,0.0,shipped,240.2009,154.0424,1.3627,5.0433,71.448,6.6519,184.1708,134.3033,4.3674,62.6982
100-200:0085,100-200,175.437,scenic,0.5,shipped,210.1239,237.6534,5.7047,46.4977,96.1717,6.6519,172.0732,117.3559,21.687,100.3709
100-200:0085,100-200,175.437,fastest,0.0,town_off,240.2009,154.0424,1.4374,4.4299,71.448,6.6519,184.1708,134.3033,4.3674,62.6982
100-200:0085,100-200,175.437,scenic,0.5,town_off,209.5146,241.0031,5.7637,57.4912,90.4958,5.7652,181.6779,116.9575,13.7814,73.5424
100-200:0086,100-200,102.88,fastest,0.0,shipped,192.1589,120.3523,1.8974,19.331,72.9913,0.0,111.4011,183.3921,14.6801,26.6088
100-200:0086,100-200,102.88,scenic,0.5,shipped,132.2536,144.9039,7.0534,70.0839,108.7226,0.0,113.7528,123.5429,0.0,47.3051
100-200:0086,100-200,102.88,fastest,0.0,town_off,192.1589,120.3523,2.1078,21.4147,72.9913,0.0,111.4011,183.3921,14.6801,26.6088
100-200:0086,100-200,102.88,scenic,0.5,town_off,131.9829,145.0699,7.3985,80.8103,108.651,0.0,113.2004,123.3614,0.0,47.0344
100-200:0087,100-200,149.832,fastest,0.0,shipped,211.0909,149.2593,3.1038,14.3168,84.7817,0.0,169.1332,147.5106,6.4291,45.1847
100-200:0087,100-200,149.832,scenic,0.5,shipped,186.803,190.5909,5.443,36.5672,92.7794,0.0,161.5078,119.4146,9.9264,63.3828
100-200:0087,100-200,149.832,fastest,0.0,town_off,211.0909,149.2593,3.2775,12.5531,84.7817,0.0,169.1332,147.5106,6.4291,45.1847
100-200:0087,100-200,149.832,scenic,0.5,town_off,186.803,190.5909,5.5546,46.7957,92.7794,0.0,161.5078,119.4146,9.9264,63.3828
100-200:0088,100-200,171.853,fastest,0.0,shipped,208.3647,130.5821,1.1869,5.2222,61.806,0.0,174.1894,74.367,5.2293,49.7211
100-200:0088,100-200,171.853,scenic,0.5,shipped,207.7346,238.9984,5.0217,44.0168,97.8394,14.6904,160.8061,81.0525,7.623,94.1336
100-200:0088,100-200,171.853,fastest,0.0,town_off,208.3647,130.5821,1.3017,5.967,61.806,0.0,174.1894,74.367,5.2293,49.7211
100-200:0088,100-200,171.853,scenic,0.5,town_off,207.4033,239.1127,4.9544,40.52,98.1092,14.6904,158.8112,81.577,7.623,91.4237
100-200:0089,100-200,179.168,fastest,0.0,shipped,295.6083,191.0437,1.4602,6.9089,79.0161,30.3122,248.9878,46.6019,4.6733,66.4563
100-200:0089,100-200,179.168,scenic,0.5,shipped,295.1041,332.543,5.6223,79.0224,142.767,50.5232,232.6705,57.6596,9.3515,140.1979
100-200:0089,100-200,179.168,fastest,0.0,town_off,295.6083,191.0437,1.5466,11.6054,79.0161,30.3122,248.9878,46.6019,4.6733,66.4563
100-200:0089,100-200,179.168,scenic,0.5,town_off,289.9064,296.4198,4.8189,57.8517,122.7412,50.5232,225.0333,53.5161,7.3621,127.1386
100-200:0090,100-200,177.126,fastest,0.0,shipped,262.0821,172.2083,1.6724,14.5897,86.5806,0.0,192.4315,82.7698,5.2923,67.9187
100-200:0090,100-200,177.126,scenic,0.5,shipped,217.724,209.2413,4.8867,24.7746,98.1453,0.0,181.9739,117.9392,12.6448,75.0233
100-200:0090,100-200,177.126,fastest,0.0,town_off,262.0821,172.2083,1.7861,17.9978,86.5806,0.0,192.4315,82.7698,5.2923,67.9187
100-200:0090,100-200,177.126,scenic,0.5,town_off,218.5261,212.9816,5.0481,37.2853,101.4014,0.0,184.3221,118.7413,12.6448,77.0314
100-200:0091,100-200,198.635,fastest,0.0,shipped,283.0597,170.8803,1.1701,3.6264,69.0655,19.0773,224.1698,109.1567,5.2189,87.5086
100-200:0091,100-200,198.635,scenic,0.5,shipped,242.5175,251.3983,4.3696,35.6418,102.59,12.2011,182.2385,95.7442,17.3711,101.6736
100-200:0091,100-200,198.635,fastest,0.0,town_off,283.0597,170.8803,1.2046,4.3531,69.0655,19.0773,224.1698,109.1567,5.2189,87.5086
100-200:0091,100-200,198.635,scenic,0.5,town_off,243.308,251.8589,4.3783,40.0239,102.6352,12.2011,185.0206,98.3964,15.917,96.5502
100-200:0092,100-200,117.72,fastest,0.0,shipped,137.8025,76.7106,0.7214,0.0,34.5973,0.0,93.8778,30.7418,9.6243,59.194
100-200:0092,100-200,117.72,scenic,0.5,shipped,131.7643,149.3091,4.4026,21.254,55.2666,0.0,94.6049,43.5838,15.1936,60.3701
100-200:0092,100-200,117.72,fastest,0.0,town_off,137.8025,76.7106,0.6923,0.0,34.5973,0.0,93.8778,30.7418,9.6243,59.194
100-200:0092,100-200,117.72,scenic,0.5,town_off,137.362,178.6325,5.8237,36.487,58.9613,0.0,123.5168,85.9657,17.1231,34.9762
100-200:0093,100-200,169.861,fastest,0.0,shipped,267.2813,203.567,3.4033,22.4859,140.4152,0.0,223.046,224.6832,2.1697,63.7207
100-200:0093,100-200,169.861,scenic,0.5,shipped,253.1464,267.5401,6.8936,128.4454,170.616,0.0,204.654,214.1824,3.8215,68.3409
100-200:0093,100-200,169.861,fastest,0.0,town_off,267.2813,203.567,3.7286,33.5966,140.4152,0.0,223.046,224.6832,2.1697,63.7207
100-200:0093,100-200,169.861,scenic,0.5,town_off,256.5151,271.2374,7.2915,156.1528,182.0901,0.0,208.8191,221.6824,5.262,65.2926
100-200:0094,100-200,171.817,fastest,0.0,shipped,285.3011,194.3581,2.8144,37.042,98.4639,0.0,239.7086,184.0654,15.3275,73.7586
100-200:0094,100-200,171.817,scenic,0.5,shipped,228.1457,254.8769,6.65,98.7885,137.1964,0.0,203.0063,159.7695,15.9961,85.107
100-200:0094,100-200,171.817,fastest,0.0,town_off,285.3011,194.3581,2.9822,45.6297,98.4639,0.0,239.7086,184.0654,15.3275,73.7586
100-200:0094,100-200,171.817,scenic,0.5,town_off,228.0725,248.6666,6.7308,110.9058,141.6696,0.0,209.288,160.017,17.8494,79.0018
100-200:0095,100-200,126.559,fastest,0.0,shipped,182.2124,109.6285,1.075,3.3299,53.9949,11.8562,140.1724,64.3329,6.6303,57.4189
100-200:0095,100-200,126.559,scenic,0.5,shipped,151.4122,189.3525,5.4069,24.3832,73.1327,9.9658,120.6699,55.3554,3.6235,73.4151
100-200:0095,100-200,126.559,fastest,0.0,town_off,182.2124,109.6285,1.1566,1.8601,53.9949,11.8562,140.1724,64.3329,6.6303,57.4189
100-200:0095,100-200,126.559,scenic,0.5,town_off,150.851,192.6287,5.3815,34.2381,72.7553,10.1599,120.4858,53.9104,3.6235,72.2576
100-200:0096,100-200,102.152,fastest,0.0,shipped,144.0175,123.3898,5.0404,43.4756,71.6957,0.0,128.5018,124.3747,3.5838,37.7153
100-200:0096,100-200,102.152,scenic,0.5,shipped,132.4047,142.4289,7.0433,70.3478,78.1187,0.0,122.4527,113.5902,5.2217,55.783
100-200:0096,100-200,102.152,fastest,0.0,town_off,144.0175,123.3898,5.3273,47.5039,71.6957,0.0,128.5018,124.3747,3.5838,37.7153
100-200:0096,100-200,102.152,scenic,0.5,town_off,132.431,141.6309,7.267,73.9294,79.4262,0.0,121.5973,110.4501,14.398,48.2708
100-200:0097,100-200,146.412,fastest,0.0,shipped,194.3618,130.817,2.893,37.1919,77.1417,0.0,159.2472,92.4958,22.652,67.7398
100-200:0097,100-200,146.412,scenic,0.5,shipped,180.9982,203.0439,6.4047,80.0185,122.438,0.0,155.9596,137.4873,3.3936,78.0308
100-200:0097,100-200,146.412,fastest,0.0,town_off,194.3618,130.817,2.9975,39.6136,77.1417,0.0,159.2472,92.4958,22.652,67.7398
100-200:0097,100-200,146.412,scenic,0.5,town_off,186.9593,207.0183,6.8782,94.8132,127.2847,0.0,169.4424,150.9513,5.0775,69.4347
100-200:0098,100-200,145.891,fastest,0.0,shipped,218.903,147.7867,2.6533,14.5795,53.1197,0.0,149.178,192.3287,16.8705,40.9788
100-200:0098,100-200,145.891,scenic,0.5,shipped,185.3664,197.4224,5.7366,44.9722,90.4563,0.0,155.2828,155.8295,2.2101,38.7737
100-200:0098,100-200,145.891,fastest,0.0,town_off,218.903,147.7867,2.8153,25.9417,53.1197,0.0,149.178,192.3287,16.8705,40.9788
100-200:0098,100-200,145.891,scenic,0.5,town_off,186.9448,195.6781,6.1029,67.0067,91.1553,0.0,155.0839,156.4094,2.2101,37.157
100-200:0099,100-200,138.907,fastest,0.0,shipped,187.5603,126.3073,1.7919,6.491,57.295,0.0,147.2501,121.8344,4.1317,40.0833
100-200:0099,100-200,138.907,scenic,0.5,shipped,169.7197,192.3047,5.0017,22.6353,52.0638,0.0,134.5362,107.7798,8.1814,62.923
100-200:0099,100-200,138.907,fastest,0.0,town_off,187.5603,126.3073,1.9283,7.8452,57.295,0.0,147.2501,121.8344,4.1317,40.0833
100-200:0099,100-200,138.907,scenic,0.5,town_off,171.0218,201.505,5.3131,37.2725,61.4152,0.0,138.7767,108.1548,8.1814,61.2953
100-200:0100,100-200,119.619,fastest,0.0,shipped,160.8789,98.2864,1.3905,0.9885,52.1318,0.0,74.2048,17.7885,7.841,16.2597
100-200:0100,100-200,119.619,scenic,0.5,shipped,142.1284,148.3392,4.261,8.4802,50.2371,0.0,111.1383,28.5096,4.6631,22.8499
100-200:0100,100-200,119.619,fastest,0.0,town_off,160.8789,98.2864,1.5344,2.3462,52.1318,0.0,74.2048,17.7885,7.841,16.2597
100-200:0100,100-200,119.619,scenic,0.5,town_off,142.1284,148.3392,4.4341,10.7158,50.2371,0.0,111.1383,28.5096,4.6631,22.8499
100-200:0101,100-200,116.935,fastest,0.0,shipped,143.7972,88.2707,1.0513,4.0953,38.5373,3.7155,122.5631,64.3579,2.7329,31.8581
100-200:0101,100-200,116.935,scenic,0.5,shipped,139.756,161.3519,5.5695,35.488,61.2972,6.7475,121.4021,72.6177,12.9405,69.6287
100-200:0101,100-200,116.935,fastest,0.0,town_off,143.7972,88.2707,1.2017,4.0092,38.5373,3.7155,122.5631,64.3579,2.7329,31.8581
100-200:0101,100-200,116.935,scenic,0.5,town_off,138.1807,162.1326,5.4283,32.669,58.7283,6.7475,120.191,71.7586,13.4862,65.2239
100-200:0102,100-200,151.233,fastest,0.0,shipped,177.8653,95.7769,0.7172,0.1199,47.0161,0.0,135.0579,108.869,1.9073,36.584
100-200:0102,100-200,151.233,scenic,0.5,shipped,183.5692,208.8805,5.8619,52.2762,102.2607,0.0,149.6464,116.2426,1.4129,75.0861
100-200:0102,100-200,151.233,fastest,0.0,town_off,177.8653,95.7769,0.8344,0.0,47.0161,0.0,135.0579,108.869,1.9073,36.584
100-200:0102,100-200,151.233,scenic,0.5,town_off,184.7669,209.3492,5.9583,59.5888,105.2489,0.0,149.9266,115.2137,1.4129,75.1147
100-200:0103,100-200,174.168,fastest,0.0,shipped,218.2274,192.0582,4.213,26.1687,85.0652,0.0,150.9165,160.5772,6.5017,68.2071
100-200:0103,100-200,174.168,scenic,0.5,shipped,224.2703,223.6427,6.8557,114.0893,150.7473,0.0,182.7497,181.8763,13.2764,91.842
100-200:0103,100-200,174.168,fastest,0.0,town_off,218.2274,192.0582,4.3033,27.698,85.0652,0.0,150.9165,160.5772,6.5017,68.2071
100-200:0103,100-200,174.168,scenic,0.5,town_off,224.2703,223.6427,7.0014,119.395,150.7473,0.0,182.7497,181.8763,13.2764,91.842
100-200:0104,100-200,166.478,fastest,0.0,shipped,231.3002,142.7294,1.4021,9.0541,63.3952,0.0,193.9108,99.448,5.9334,67.116
100-200:0104,100-200,166.478,scenic,0.5,shipped,203.8605,239.5819,5.6693,44.6967,93.2651,0.0,176.5917,96.971,14.8452,90.0967
100-200:0104,100-200,166.478,fastest,0.0,town_off,231.3002,142.7294,1.4188,10.8697,63.3952,0.0,193.9108,99.448,5.9334,67.116
100-200:0104,100-200,166.478,scenic,0.5,town_off,205.1523,240.0287,5.6735,55.5236,96.2532,0.0,176.966,96.0362,14.8452,89.9127
100-200:0105,100-200,151.727,fastest,0.0,shipped,191.6219,120.1705,1.151,3.6777,61.4222,12.3781,133.8349,80.5548,5.039,58.1299
100-200:0105,100-200,151.727,scenic,0.5,shipped,171.3289,186.2256,4.7949,26.3998,75.2103,12.204,115.8544,68.8824,9.0627,98.3102
100-200:0105,100-200,151.727,fastest,0.0,town_off,191.6219,120.1705,1.177,3.2771,61.4222,12.3781,133.8349,80.5548,5.039,58.1299
100-200:0105,100-200,151.727,scenic,0.5,town_off,171.3289,186.2256,4.5075,26.9812,75.2103,12.204,115.8544,68.8824,9.0627,98.3102
100-200:0107,100-200,114.621,fastest,0.0,shipped,180.9038,117.2265,1.7535,4.0996,56.7973,0.0,155.4082,102.2725,16.4987,43.9265
100-200:0107,100-200,114.621,scenic,0.5,shipped,145.5258,164.2338,6.4331,58.2028,87.8249,0.0,137.8269,88.2756,3.9447,47.3517
100-200:0107,100-200,114.621,fastest,0.0,town_off,180.9038,117.2265,1.893,5.7367,56.7973,0.0,155.4082,102.2725,16.4987,43.9265
100-200:0107,100-200,114.621,scenic,0.5,town_off,145.5258,164.2338,6.7297,70.8964,87.8249,0.0,137.8269,88.2756,3.9447,47.3517
100-200:0108,100-200,137.832,fastest,0.0,shipped,165.9603,104.8252,1.2691,4.0976,46.514,1.2183,117.6243,29.9515,4.518,46.8705
100-200:0108,100-200,137.832,scenic,0.5,shipped,159.6051,151.6998,3.7552,18.5583,72.8911,1.2183,111.6226,36.6977,4.9715,69.8544
100-200:0108,100-200,137.832,fastest,0.0,town_off,165.9603,104.8252,1.251,3.5067,46.514,1.2183,117.6243,29.9515,4.518,46.8705
100-200:0108,100-200,137.832,scenic,0.5,town_off,160.0731,153.0393,3.6489,14.7872,76.1106,1.2183,114.4641,37.0911,4.9715,69.5468
100-200:0109,100-200,165.211,fastest,0.0,shipped,214.499,129.5946,0.9961,3.3186,64.6932,19.5537,142.0264,9.5521,6.0304,72.0291
100-200:0109,100-200,165.211,scenic,0.5,shipped,204.6554,230.9031,4.974,33.3998,78.3456,50.4587,139.1303,23.1285,17.5205,105.8667
100-200:0109,100-200,165.211,fastest,0.0,town_off,214.499,129.5946,0.9963,4.1002,64.6932,19.5537,142.0264,9.5521,6.0304,72.0291
100-200:0109,100-200,165.211,scenic,0.5,town_off,204.0349,211.5068,4.3021,30.7879,82.9901,48.2962,138.1581,21.486,16.8803,95.0348
100-200:0110,100-200,190.431,fastest,0.0,shipped,226.0261,131.284,0.7073,4.2701,62.7894,14.1751,124.3506,40.8753,1.7248,65.2611
100-200:0110,100-200,190.431,scenic,0.5,shipped,219.6289,256.9134,4.7967,27.2828,92.5751,3.5,166.6664,36.7655,13.8765,85.7476
100-200:0110,100-200,190.431,fastest,0.0,town_off,226.0261,131.284,0.7201,2.4609,62.7894,14.1751,124.3506,40.8753,1.7248,65.2611
100-200:0110,100-200,190.431,scenic,0.5,town_off,218.3367,248.8381,4.5645,26.6526,95.7818,3.5,162.7545,37.5861,15.4146,79.2686
100-200:0111,100-200,145.557,fastest,0.0,shipped,253.3329,141.2018,0.8743,3.2736,71.8503,0.0,168.7138,127.6691,0.2484,58.5377
100-200:0111,100-200,145.557,scenic,0.5,shipped,184.0281,202.2043,6.7845,83.4608,92.8893,0.0,165.7107,138.9166,10.2086,59.3534
100-200:0111,100-200,145.557,fastest,0.0,town_off,253.3329,141.2018,0.9574,5.593,71.8503,0.0,168.7138,127.6691,0.2484,58.5377
100-200:0111,100-200,145.557,scenic,0.5,town_off,184.0281,202.2043,7.0136,94.1227,92.8893,0.0,165.7107,138.9166,10.2086,59.3534
100-200:0112,100-200,130.445,fastest,0.0,shipped,184.9717,120.2819,1.5816,5.0141,51.2952,42.8963,95.1539,18.462,2.8209,24.7828
100-200:0112,100-200,130.445,scenic,0.5,shipped,185.0854,193.0337,4.2654,21.4028,81.6812,53.8706,118.0552,27.0123,4.2139,35.9784
100-200:0112,100-200,130.445,fastest,0.0,town_off,184.9717,120.2819,1.7014,5.9226,51.2952,42.8963,95.1539,18.462,2.8209,24.7828
100-200:0112,100-200,130.445,scenic,0.5,town_off,185.719,195.204,4.5565,31.3126,81.788,53.9774,117.8809,26.9728,4.2139,34.2795
100-200:0113,100-200,103.016,fastest,0.0,shipped,132.2598,82.1104,1.1832,1.685,37.7394,0.0,102.2151,88.5791,0.9632,31.0157
100-200:0113,100-200,103.016,scenic,0.5,shipped,123.2704,139.8065,5.9044,29.8323,58.6425,0.0,112.321,87.0068,5.767,50.9875
100-200:0113,100-200,103.016,fastest,0.0,town_off,132.2598,82.1104,1.359,2.4252,37.7394,0.0,102.2151,88.5791,0.9632,31.0157
100-200:0113,100-200,103.016,scenic,0.5,town_off,127.7876,147.3093,6.4373,47.0951,62.0822,0.0,117.4779,98.2653,3.9909,38.4129
100-200:0114,100-200,142.1,fastest,0.0,shipped,171.7869,109.1892,1.4687,3.0377,53.8517,0.0,140.9095,40.0315,4.7907,51.7792
100-200:0114,100-200,142.1,scenic,0.5,shipped,175.3727,199.8099,5.541,50.2524,101.0881,0.0,142.5189,57.1917,5.7471,76.0999
100-200:0114,100-200,142.1,fastest,0.0,town_off,171.7869,109.1892,1.4891,6.0255,53.8517,0.0,140.9095,40.0315,4.7907,51.7792
100-200:0114,100-200,142.1,scenic,0.5,town_off,175.3727,199.8099,5.478,48.135,101.0881,0.0,142.5189,57.1917,5.7471,76.0999
100-200:0115,100-200,116.338,fastest,0.0,shipped,183.4,108.0617,1.2492,5.3346,70.379,0.0,126.629,62.2493,9.0235,74.6694
100-200:0115,100-200,116.338,scenic,0.5,shipped,147.3611,168.0368,6.1239,53.7407,61.9979,0.0,131.637,116.589,7.3099,57.61
100-200:0115,100-200,116.338,fastest,0.0,town_off,183.4,108.0617,1.273,5.0247,70.379,0.0,126.629,62.2493,9.0235,74.6694
100-200:0115,100-200,116.338,scenic,0.5,town_off,151.483,173.0103,6.5625,60.408,67.0536,0.0,136.1811,119.67,8.6318,54.2956
100-200:0116,100-200,113.244,fastest,0.0,shipped,170.6753,119.1869,2.0782,8.1688,54.0028,0.0,132.2827,81.0867,12.4206,55.2721
100-200:0116,100-200,113.244,scenic,0.5,shipped,156.482,177.4487,6.9738,74.5375,83.1962,0.0,142.1627,148.909,6.0786,60.5519
100-200:0116,100-200,113.244,fastest,0.0,town_off,170.6753,119.1869,2.1098,10.0188,54.0028,0.0,132.2827,81.0867,12.4206,55.2721
100-200:0116,100-200,113.244,scenic,0.5,town_off,156.1506,177.5945,7.1869,75.3774,83.8716,0.0,140.7786,148.3804,6.0786,59.9164
100-200:0117,100-200,189.513,fastest,0.0,shipped,263.7599,184.3482,2.4367,15.0616,105.667,0.0,213.3317,170.0631,13.7037,79.0287
100-200:0117,100-200,189.513,scenic,0.5,shipped,229.7576,226.7791,5.8014,64.819,117.3216,0.0,190.2116,197.4853,4.0413,80.509
100-200:0117,100-200,189.513,fastest,0.0,town_off,263.7599,184.3482,2.5439,20.2069,105.667,0.0,213.3317,170.0631,13.7037,79.0287
100-200:0117,100-200,189.513,scenic,0.5,town_off,256.9139,273.9837,7.437,142.715,151.4554,0.0,224.461,245.7149,8.4307,77.2829
100-200:0118,100-200,138.539,fastest,0.0,shipped,180.6174,105.6569,1.0164,1.9844,47.0039,4.2394,147.8955,105.1948,3.7917,45.5299
100-200:0118,100-200,138.539,scenic,0.5,shipped,160.8882,193.505,6.0137,45.0286,81.2584,2.9817,149.0901,93.7502,10.4208,80.9792
100-200:0118,100-200,138.539,fastest,0.0,town_off,180.6174,105.6569,1.1629,2.8379,47.0039,4.2394,147.8955,105.1948,3.7917,45.5299
100-200:0118,100-200,138.539,scenic,0.5,town_off,158.5393,191.4473,5.7785,35.7121,71.9258,2.9817,146.9786,87.4187,10.4208,73.8883
100-200:0119,100-200,155.997,fastest,0.0,shipped,238.4873,129.5826,1.0236,6.7428,78.2868,0.0,193.323,180.207,14.1751,39.3488
100-200:0119,100-200,155.997,scenic,0.5,shipped,186.5719,193.7497,6.0961,54.7289,87.7135,0.0,167.9012,138.1464,11.8828,61.2475
100-200:0119,100-200,155.997,fastest,0.0,town_off,238.4873,129.5826,1.2215,6.0289,78.2868,0.0,193.323,180.207,14.1751,39.3488
100-200:0119,100-200,155.997,scenic,0.5,town_off,186.5719,193.7497,6.2759,71.4511,87.7135,0.0,167.9012,138.1464,11.8828,61.2475
100-200:0120,100-200,112.824,fastest,0.0,shipped,175.7046,168.5891,6.4381,60.648,126.0038,0.0,141.5046,134.0552,3.7962,42.2096
100-200:0120,100-200,112.824,scenic,0.5,shipped,176.5826,172.7092,6.6641,75.9512,131.2133,0.0,149.2705,134.4626,4.5687,36.0353
100-200:0120,100-200,112.824,fastest,0.0,town_off,175.7046,168.5891,6.8087,76.2041,126.0038,0.0,141.5046,134.0552,3.7962,42.2096
100-200:0120,100-200,112.824,scenic,0.5,town_off,176.5826,172.7092,7.0997,88.722,131.2133,0.0,149.2705,134.4626,4.5687,36.0353
100-200:0121,100-200,170.731,fastest,0.0,shipped,227.5738,126.0166,1.011,4.0492,38.3162,0.0,152.1678,214.8095,14.9202,24.5509
100-200:0121,100-200,170.731,scenic,0.5,shipped,206.8808,219.2356,6.7866,109.1062,155.4909,0.0,146.7606,189.6804,4.7879,73.7602
100-200:0121,100-200,170.731,fastest,0.0,town_off,227.5738,126.0166,1.2256,6.0015,38.3162,0.0,152.1678,214.8095,14.9202,24.5509
100-200:0121,100-200,170.731,scenic,0.5,town_off,206.8808,219.2356,7.082,118.8084,155.4909,0.0,146.7606,189.6804,4.7879,73.7602
100-200:0122,100-200,161.611,fastest,0.0,shipped,210.0067,135.2821,1.8853,26.4972,87.2712,8.5133,156.3065,98.7209,3.6038,63.3668
100-200:0122,100-200,161.611,scenic,0.5,shipped,209.481,245.7742,6.0544,58.8046,96.9976,0.0,180.9434,113.9829,20.2078,87.8638
100-200:0122,100-200,161.611,fastest,0.0,town_off,210.0067,135.2821,2.0204,26.6296,87.2712,8.5133,156.3065,98.7209,3.6038,63.3668
100-200:0122,100-200,161.611,scenic,0.5,town_off,212.4125,245.1014,6.1959,64.3025,102.911,0.0,190.4398,117.6589,21.9375,75.748
100-200:0123,100-200,131.956,fastest,0.0,shipped,177.08,106.1461,1.141,2.9768,48.6589,0.0,116.0255,57.3634,6.1688,34.6494
100-200:0123,100-200,131.956,scenic,0.5,shipped,156.9327,161.9042,5.0104,21.9666,74.1655,0.0,121.4635,67.2172,13.8445,59.5179
100-200:0123,100-200,131.956,fastest,0.0,town_off,177.08,106.1461,1.2035,5.6603,48.6589,0.0,116.0255,57.3634,6.1688,34.6494
100-200:0123,100-200,131.956,scenic,0.5,town_off,161.6657,173.5311,5.6265,41.4458,76.4658,0.0,140.3924,81.7108,15.0735,46.9968
100-200:0124,100-200,143.628,fastest,0.0,shipped,185.8953,106.9088,0.8599,4.4965,51.001,2.0235,136.9736,53.6309,6.8662,47.6625
100-200:0124,100-200,143.628,scenic,0.5,shipped,174.2554,207.5378,5.2949,37.6497,88.1008,2.0235,134.5699,62.3137,6.9032,81.6197
100-200:0124,100-200,143.628,fastest,0.0,town_off,185.8953,106.9088,0.8759,1.5902,51.001,2.0235,136.9736,53.6309,6.8662,47.6625
100-200:0124,100-200,143.628,scenic,0.5,town_off,175.4531,208.0065,5.1896,35.3556,91.0889,2.0235,134.8501,61.2849,6.9032,81.6483
100-200:0125,100-200,176.934,fastest,0.0,shipped,262.8389,197.7182,2.0676,2.5659,77.7998,0.0,139.6281,74.9583,5.9651,35.6752
100-200:0125,100-200,176.934,scenic,0.5,shipped,230.1732,248.3169,5.095,29.4717,104.5918,0.0,191.1419,131.6407,8.2214,45.7598
100-200:0125,100-200,176.934,fastest,0.0,town_off,262.8389,197.7182,2.2127,6.5434,77.7998,0.0,139.6281,74.9583,5.9651,35.6752
100-200:0125,100-200,176.934,scenic,0.5,town_off,230.1732,248.3169,5.3302,40.4028,104.5918,0.0,191.1419,131.6407,8.2214,45.7598
100-200:0126,100-200,105.034,fastest,0.0,shipped,142.2109,103.5904,2.8969,17.3353,59.7561,0.0,126.5016,67.671,2.1234,43.3335
100-200:0126,100-200,105.034,scenic,0.5,shipped,127.5743,138.2421,5.9572,42.1989,65.7426,0.0,106.3689,68.8989,1.4453,54.8263
100-200:0126,100-200,105.034,fastest,0.0,town_off,142.2109,103.5904,3.0565,20.6205,59.7561,0.0,126.5016,67.671,2.1234,43.3335
100-200:0126,100-200,105.034,scenic,0.5,town_off,127.5743,138.2421,5.9861,48.154,65.7426,0.0,106.3689,68.8989,1.4453,54.8263
100-200:0127,100-200,166.586,fastest,0.0,shipped,256.4531,157.2201,1.6813,21.1668,86.9764,0.0,165.3779,171.4227,1.1503,54.3268
100-200:0127,100-200,166.586,scenic,0.5,shipped,201.6583,213.0784,5.3928,35.0673,98.0844,0.0,159.1878,129.016,3.101,84.9882
100-200:0127,100-200,166.586,fastest,0.0,town_off,256.4531,157.2201,1.7913,20.6471,86.9764,0.0,165.3779,171.4227,1.1503,54.3268
100-200:0127,100-200,166.586,scenic,0.5,town_off,206.8169,233.6136,6.0692,66.8768,105.8862,0.0,172.6333,134.0733,3.7459,63.7267
100-200:0128,100-200,167.393,fastest,0.0,shipped,255.2146,158.5743,1.2091,6.0691,72.3583,0.0,155.3575,129.407,3.8597,41.6657
100-200:0128,100-200,167.393,scenic,0.5,shipped,208.246,209.9927,5.4479,38.791,104.0027,0.0,172.3607,128.6506,1.5432,72.3325
100-200:0128,100-200,167.393,fastest,0.0,town_off,255.2146,158.5743,1.3474,6.94,72.3583,0.0,155.3575,129.407,3.8597,41.6657
100-200:0128,100-200,167.393,scenic,0.5,town_off,214.3466,237.4172,6.35,77.7248,116.8681,0.0,188.9334,154.1556,9.9595,65.3975
100-200:0129,100-200,188.235,fastest,0.0,shipped,285.4655,158.0736,0.6268,0.61,57.9283,17.1181,172.7311,46.3566,4.3468,23.4626
100-200:0129,100-200,188.235,scenic,0.5,shipped,224.5716,230.8233,4.1181,16.342,74.0605,0.0,165.472,73.3591,15.9984,55.8073
100-200:0129,100-200,188.235,fastest,0.0,town_off,285.4655,158.0736,0.7361,0.1276,57.9283,17.1181,172.7311,46.3566,4.3468,23.4626
100-200:0129,100-200,188.235,scenic,0.5,town_off,224.5716,230.8233,4.1758,14.5322,74.0605,0.0,165.472,73.3591,15.9984,55.8073
100-200:0130,100-200,186.059,fastest,0.0,shipped,292.4222,175.0799,1.304,6.5775,88.011,0.0,230.1734,107.432,8.8126,77.4281
100-200:0130,100-200,186.059,scenic,0.5,shipped,233.9508,250.3451,5.8455,65.1771,130.9592,0.0,197.78,135.5673,17.0612,88.6383
100-200:0130,100-200,186.059,fastest,0.0,town_off,292.4222,175.0799,1.3602,6.9584,88.011,0.0,230.1734,107.432,8.8126,77.4281
100-200:0130,100-200,186.059,scenic,0.5,town_off,234.2406,251.5979,6.0076,68.081,131.585,0.0,198.796,137.2061,15.3477,86.3033
100-200:0131,100-200,192.84,fastest,0.0,shipped,266.1147,154.8672,1.1434,3.2125,77.5901,13.5306,190.8214,114.8792,14.9009,87.6624
100-200:0131,100-200,192.84,scenic,0.5,shipped,233.525,262.5429,5.7527,78.3411,147.374,17.383,163.7059,99.6156,3.586,119.8855
100-200:0131,100-200,192.84,fastest,0.0,town_off,266.1147,154.8672,1.1746,2.0713,77.5901,13.5306,190.8214,114.8792,14.9009,87.6624
100-200:0131,100-200,192.84,scenic,0.5,town_off,232.2349,232.6091,5.0801,82.8386,135.6622,14.0056,176.0911,100.0019,5.5824,95.9206
100-200:0132,100-200,110.663,fastest,0.0,shipped,165.7371,126.0019,3.0804,12.1411,39.0118,0.0,142.7662,77.6239,15.0548,56.2839
100-200:0132,100-200,110.663,scenic,0.5,shipped,135.6315,154.424,5.6266,31.0136,62.303,0.0,101.3613,72.4838,7.3935,60.3887
100-200:0132,100-200,110.663,fastest,0.0,town_off,165.7371,126.0019,3.1714,11.5986,39.0118,0.0,142.7662,77.6239,15.0548,56.2839
100-200:0132,100-200,110.663,scenic,0.5,town_off,137.0661,152.0626,5.5726,32.8472,63.2036,0.0,112.0393,77.0323,7.6163,47.4469
100-200:0133,100-200,183.352,fastest,0.0,shipped,233.4606,135.828,0.8439,5.9846,55.7337,9.9666,184.5518,56.9889,5.9926,49.0877
100-200:0133,100-200,183.352,scenic,0.5,shipped,229.5301,269.3645,5.5465,54.8848,118.1332,21.4527,177.4454,69.1099,8.0833,119.1944
100-200:0133,100-200,183.352,fastest,0.0,town_off,233.4606,135.828,0.9197,8.2161,55.7337,9.9666,184.5518,56.9889,5.9926,49.0877
100-200:0133,100-200,183.352,scenic,0.5,town_off,230.434,278.5826,5.6136,60.2943,123.4248,21.4527,185.1153,69.4825,7.3667,110.3761
100-200:0134,100-200,175.098,fastest,0.0,shipped,251.1127,137.6173,0.6372,2.7145,59.5967,17.1181,162.8628,44.2058,5.4845,19.1411
100-200:0134,100-200,175.098,scenic,0.5,shipped,213.3135,231.4979,4.5114,21.0418,76.8693,0.0,175.8978,74.0851,14.7067,52.7539
100-200:0134,100-200,175.098,fastest,0.0,town_off,251.1127,137.6173,0.7768,3.5067,59.5967,17.1181,162.8628,44.2058,5.4845,19.1411
100-200:0134,100-200,175.098,scenic,0.5,town_off,213.3135,231.4979,4.5956,20.4532,76.8693,0.0,175.8978,74.0851,14.7067,52.7539
100-200:0135,100-200,171.735,fastest,0.0,shipped,273.174,162.4952,1.0143,6.6602,76.6068,0.0,170.9301,126.6059,5.573,60.3491
100-200:0135,100-200,171.735,scenic,0.5,shipped,217.1232,217.5608,5.6542,49.3054,97.5307,0.0,194.2217,154.7304,10.4083,64.4121
100-200:0135,100-200,171.735,fastest,0.0,town_off,273.174,162.4952,1.0999,6.347,76.6068,0.0,170.9301,126.6059,5.573,60.3491
100-200:0135,100-200,171.735,scenic,0.5,town_off,218.0012,221.5773,5.9497,66.1249,100.7868,0.0,197.4626,155.5325,10.4083,66.0722
100-200:0136,100-200,124.885,fastest,0.0,shipped,166.9384,95.7722,0.7988,1.4626,55.3613,0.0,133.4511,60.8472,0.0426,43.9875
100-200:0136,100-200,124.885,scenic,0.5,shipped,149.0309,180.198,5.198,23.8365,62.7227,0.0,118.6628,59.6356,2.0065,68.3786
100-200:0136,100-200,124.885,fastest,0.0,town_off,166.9384,95.7722,0.8648,1.9207,55.3613,0.0,133.4511,60.8472,0.0426,43.9875
100-200:0136,100-200,124.885,scenic,0.5,town_off,150.8776,184.6118,5.3354,29.4907,68.589,0.0,122.3486,60.6676,2.0065,64.121
100-200:0137,100-200,103.786,fastest,0.0,shipped,136.3179,83.2553,0.832,2.4941,32.3161,13.6868,90.0113,9.8821,2.7458,47.4812
100-200:0137,100-200,103.786,scenic,0.5,shipped,128.0872,155.8681,5.1036,27.0105,43.3071,46.811,84.0981,9.4947,2.311,75.3386
100-200:0137,100-200,103.786,fastest,0.0,town_off,136.3179,83.2553,0.8307,2.004,32.3161,13.6868,90.0113,9.8821,2.7458,47.4812
100-200:0137,100-200,103.786,scenic,0.5,town_off,128.8878,136.4427,4.1573,22.9272,50.1934,44.6485,88.0501,8.5279,1.6707,62.0753
100-200:0138,100-200,101.643,fastest,0.0,shipped,162.906,106.9457,1.7619,3.3097,41.531,0.0,126.1723,103.32,6.0726,47.5059
100-200:0138,100-200,101.643,scenic,0.5,shipped,131.0556,152.4241,6.5075,51.8073,68.5357,0.0,105.1971,85.6195,7.8789,59.7274
100-200:0138,100-200,101.643,fastest,0.0,town_off,162.906,106.9457,1.8246,4.009,41.531,0.0,126.1723,103.32,6.0726,47.5059
100-200:0138,100-200,101.643,scenic,0.5,town_off,142.4458,151.5104,6.7803,72.1485,81.3263,0.0,124.3794,103.2633,5.1709,52.3073
100-200:0139,100-200,195.907,fastest,0.0,shipped,281.5575,154.4201,0.7373,0.0,71.2426,18.4478,219.0546,109.7789,3.9354,89.0457
100-200:0139,100-200,195.907,scenic,0.5,shipped,239.0487,262.037,4.5877,35.8948,80.9709,11.9556,191.0099,114.9084,28.5328,113.2798
100-200:0139,100-200,195.907,fastest,0.0,town_off,281.5575,154.4201,0.7598,0.0,71.2426,18.4478,219.0546,109.7789,3.9354,89.0457
100-200:0139,100-200,195.907,scenic,0.5,town_off,239.0743,259.0,4.4923,37.045,100.6045,11.9556,191.2057,108.1059,10.9858,91.6306
100-200:0141,100-200,168.7,fastest,0.0,shipped,258.6536,151.025,1.2077,6.5605,79.1023,0.0,210.2698,101.5543,9.3906,78.1042
100-200:0141,100-200,168.7,scenic,0.5,shipped,208.3521,252.6188,6.1047,67.3181,101.0332,11.3641,177.9971,97.6422,9.3834,107.0403
100-200:0141,100-200,168.7,fastest,0.0,town_off,258.6536,151.025,1.2725,6.5265,79.1023,0.0,210.2698,101.5543,9.3906,78.1042
100-200:0141,100-200,168.7,scenic,0.5,town_off,210.8091,242.362,5.8099,73.2067,104.9589,16.4883,159.9176,101.3094,2.61,99.4997
100-200:0142,100-200,119.52,fastest,0.0,shipped,165.9372,111.9191,1.6092,4.5158,44.5272,6.9144,143.9182,57.3347,7.3999,54.1917
100-200:0142,100-200,119.52,scenic,0.5,shipped,144.0847,172.4591,5.963,33.5627,66.4857,5.353,134.7092,65.1634,26.691,72.8598
100-200:0142,100-200,119.52,fastest,0.0,town_off,165.9372,111.9191,1.6155,4.9776,44.5272,6.9144,143.9182,57.3347,7.3999,54.1917
100-200:0142,100-200,119.52,scenic,0.5,town_off,145.4043,176.9154,6.1123,43.5283,64.0774,5.492,139.263,66.1058,30.936,66.2
100-200:0143,100-200,124.072,fastest,0.0,shipped,199.176,112.651,0.7435,1.5742,47.098,5.8299,138.0391,65.4484,9.8836,57.0531
100-200:0143,100-200,124.072,scenic,0.5,shipped,156.2559,185.3899,6.6248,76.3548,106.1816,2.9125,136.0163,102.7436,6.9825,73.866
100-200:0143,100-200,124.072,fastest,0.0,town_off,199.176,112.651,0.7917,1.2426,47.098,5.8299,138.0391,65.4484,9.8836,57.0531
100-200:0143,100-200,124.072,scenic,0.5,town_off,159.794,190.6986,7.073,87.2645,108.7488,2.9125,146.3027,123.5167,10.9572,62.1138
100-200:0144,100-200,147.655,fastest,0.0,shipped,227.7551,136.4177,1.3315,9.4644,64.8744,0.0,181.6054,105.23,10.2602,65.0277
100-200:0144,100-200,147.655,scenic,0.5,shipped,189.1506,211.6173,6.0506,64.2122,106.4852,0.0,152.2976,105.9094,3.2123,83.1107
100-200:0144,100-200,147.655,fastest,0.0,town_off,227.7551,136.4177,1.3954,9.4924,64.8744,0.0,181.6054,105.23,10.2602,65.0277
100-200:0144,100-200,147.655,scenic,0.5,town_off,186.6323,208.5418,5.9353,63.0365,83.5106,0.0,158.3639,101.5956,3.8109,76.0182
100-200:0145,100-200,132.862,fastest,0.0,shipped,167.1517,93.4407,1.5461,15.1799,57.662,0.0,130.3316,158.3264,5.5602,17.6817
100-200:0145,100-200,132.862,scenic,0.5,shipped,155.6176,170.9426,6.9659,85.3555,96.2512,0.0,119.6061,138.1816,11.9655,45.4292
100-200:0145,100-200,132.862,fastest,0.0,town_off,167.1517,93.4407,1.8247,16.0283,57.662,0.0,130.3316,158.3264,5.5602,17.6817
100-200:0145,100-200,132.862,scenic,0.5,town_off,155.3487,171.3311,7.2911,94.4238,96.2512,0.0,120.3405,138.9283,11.9655,43.8818
100-200:0146,100-200,117.137,fastest,0.0,shipped,233.4782,126.6971,0.7563,3.7453,63.345,0.0,148.4305,161.0261,0.0,34.2033
100-200:0146,100-200,117.137,scenic,0.5,shipped,153.2165,175.2199,5.9254,35.6223,77.3747,0.0,129.5346,93.8164,2.7152,64.2576
100-200:0146,100-200,117.137,fastest,0.0,town_off,233.4782,126.6971,0.9201,3.7453,63.345,0.0,148.4305,161.0261,0.0,34.2033
100-200:0146,100-200,117.137,scenic,0.5,town_off,155.8141,179.671,6.181,41.3627,80.2746,0.0,132.906,92.2474,3.9969,63.0124
100-200:0147,100-200,133.617,fastest,0.0,shipped,226.3027,132.7771,1.4954,5.8924,88.8939,0.0,146.0052,169.352,6.5399,53.0314
100-200:0147,100-200,133.617,scenic,0.5,shipped,165.2795,174.3821,5.9757,43.9772,100.4349,0.0,123.3783,141.3168,3.4819,63.7811
100-200:0147,100-200,133.617,fastest,0.0,town_off,226.3027,132.7771,1.6358,4.5772,88.8939,0.0,146.0052,169.352,6.5399,53.0314
100-200:0147,100-200,133.617,scenic,0.5,town_off,165.3008,174.261,6.1052,56.4285,100.4562,0.0,123.3841,141.2568,3.6084,63.8024
100-200:0148,100-200,141.25,fastest,0.0,shipped,200.4911,139.1082,2.8351,13.4561,84.7454,0.0,155.7903,128.7105,4.7638,34.6983
100-200:0148,100-200,141.25,scenic,0.5,shipped,185.386,190.6797,5.8042,32.1654,93.926,0.0,162.7601,139.0046,3.6316,61.0092
100-200:0148,100-200,141.25,fastest,0.0,town_off,200.4911,139.1082,3.0502,13.9562,84.7454,0.0,155.7903,128.7105,4.7638,34.6983
100-200:0148,100-200,141.25,scenic,0.5,town_off,183.9747,194.3949,6.049,52.2747,95.0163,0.0,162.6335,136.6906,3.6316,57.1715
100-200:0149,100-200,136.847,fastest,0.0,shipped,228.8128,129.6709,1.153,5.2453,78.5481,0.0,184.2228,135.696,13.8347,62.0251
100-200:0149,100-200,136.847,scenic,0.5,shipped,167.4925,189.4534,6.5638,75.612,99.0636,0.0,142.9119,101.1974,10.5225,70.7673
100-200:0149,100-200,136.847,fastest,0.0,town_off,228.8128,129.6709,1.2603,4.2707,78.5481,0.0,184.2228,135.696,13.8347,62.0251
100-200:0149,100-200,136.847,scenic,0.5,town_off,167.4925,189.4534,6.6368,78.8658,99.0636,0.0,142.9119,101.1974,10.5225,70.7673
100-200:0150,100-200,114.21,fastest,0.0,shipped,148.5855,131.6323,2.8368,4.0102,22.5075,15.4088,103.7851,33.076,0.0,27.2336
100-200:0150,100-200,114.21,scenic,0.5,shipped,130.3744,142.2107,3.8991,6.4088,25.6853,15.208,86.8716,30.4321,0.0,27.1625
100-200:0150,100-200,114.21,fastest,0.0,town_off,148.5855,131.6323,2.8761,6.1919,22.5075,15.4088,103.7851,33.076,0.0,27.2336
100-200:0150,100-200,114.21,scenic,0.5,town_off,131.4012,145.1813,4.1266,10.956,32.4423,15.208,90.0506,30.6821,0.0,26.512
100-200:0151,100-200,129.092,fastest,0.0,shipped,209.7944,122.8525,0.9906,5.7708,66.3843,5.8418,134.0385,81.6172,2.2164,31.084
100-200:0151,100-200,129.092,scenic,0.5,shipped,167.6024,187.2768,5.6417,32.8998,76.4563,5.8418,143.2582,63.8642,13.7491,52.3923
100-200:0151,100-200,129.092,fastest,0.0,town_off,209.7944,122.8525,1.1041,6.0497,66.3843,5.8418,134.0385,81.6172,2.2164,31.084
100-200:0151,100-200,129.092,scenic,0.5,town_off,167.6024,187.2768,5.7506,37.4991,76.4563,5.8418,143.2582,63.8642,13.7491,52.3923
100-200:0152,100-200,142.214,fastest,0.0,shipped,172.3591,108.1668,1.0556,1.472,52.1718,14.3683,90.0873,8.3867,2.0795,59.5143
100-200:0152,100-200,142.214,scenic,0.5,shipped,174.9066,191.3938,4.6157,30.6719,92.5622,43.9181,105.5792,15.6297,2.3948,82.7073
100-200:0152,100-200,142.214,fastest,0.0,town_off,172.3591,108.1668,0.9644,1.1192,52.1718,14.3683,90.0873,8.3867,2.0795,59.5143
100-200:0152,100-200,142.214,scenic,0.5,town_off,173.9244,190.5627,4.471,32.3081,90.5482,40.8005,103.7993,15.6297,2.3948,79.5725
100-200:0153,100-200,139.99,fastest,0.0,shipped,174.7667,102.3963,0.9728,2.5797,45.0558,18.7863,101.7348,21.1137,0.0,52.829
100-200:0153,100-200,139.99,scenic,0.5,shipped,164.6406,177.6643,4.0797,23.5416,51.6646,37.2201,107.8167,21.5661,2.9653,83.2595
100-200:0153,100-200,139.99,fastest,0.0,town_off,174.7667,102.3963,0.9554,2.4074,45.0558,18.7863,101.7348,21.1137,0.0,52.829
100-200:0153,100-200,139.99,scenic,0.5,town_off,164.3401,177.276,3.865,19.4039,49.997,37.2201,107.9359,22.0384,2.9653,81.6643
100-200:0154,100-200,183.401,fastest,0.0,shipped,249.8196,160.8421,1.5118,7.7295,63.0659,0.0,199.0333,90.6717,9.3365,72.0868
100-200:0154,100-200,183.401,scenic,0.5,shipped,222.836,264.418,5.5314,47.6431,88.5787,0.0,186.8022,76.2524,15.5876,112.6148
100-200:0154,100-200,183.401,fastest,0.0,town_off,249.8196,160.8421,1.572,7.7589,63.0659,0.0,199.0333,90.6717,9.3365,72.0868
100-200:0154,100-200,183.401,scenic,0.5,town_off,219.7059,262.7404,5.3336,37.4756,79.7499,0.0,186.2909,69.9256,20.0802,97.9748
100-200:0155,100-200,176.379,fastest,0.0,shipped,215.9468,130.8251,1.0695,5.8788,63.2742,12.6114,130.2241,27.719,3.0588,63.6483
100-200:0155,100-200,176.379,scenic,0.5,shipped,215.2671,244.0555,5.0865,31.1107,92.0091,12.7473,175.7545,39.1127,12.7963,98.7326
100-200:0155,100-200,176.379,fastest,0.0,town_off,215.9468,130.8251,1.1159,6.3868,63.2742,12.6114,130.2241,27.719,3.0588,63.6483
100-200:0155,100-200,176.379,scenic,0.5,town_off,213.9774,239.5302,4.8264,27.4816,94.5213,9.9867,170.8014,42.5913,12.7963,92.3671
100-200:0156,100-200,142.938,fastest,0.0,shipped,210.738,129.8876,1.4208,13.8536,66.5214,0.0,145.0274,89.7093,9.1849,91.0305
100-200:0156,100-200,142.938,scenic,0.5,shipped,188.2978,218.8341,6.1981,71.234,91.8076,0.0,165.8585,163.3468,0.0,81.8027
100-200:0156,100-200,142.938,fastest,0.0,town_off,210.738,129.8876,1.4041,12.7344,66.5214,0.0,145.0274,89.7093,9.1849,91.0305
100-200:0156,100-200,142.938,scenic,0.5,town_off,188.555,211.3498,6.1286,73.5133,90.3747,0.0,164.6197,165.8876,0.0,78.5145
100-200:0157,100-200,101.351,fastest,0.0,shipped,118.7902,73.2062,1.0818,0.4989,42.8663,14.8784,70.9319,7.7019,0.6463,46.1006
100-200:0157,100-200,101.351,scenic,0.5,shipped,122.2609,123.5347,4.505,25.3272,65.4338,41.1876,70.9036,16.8395,2.3948,66.01
100-200:0157,100-200,101.351,fastest,0.0,town_off,118.7902,73.2062,0.9872,0.166,42.8663,14.8784,70.9319,7.7019,0.6463,46.1006
100-200:0157,100-200,101.351,scenic,0.5,town_off,120.6974,121.3611,4.2158,24.1938,61.4712,38.0517,65.9629,14.5622,2.3948,61.6693
100-200:0158,100-200,161.551,fastest,0.0,shipped,213.675,137.531,1.9203,16.1786,75.8429,0.0,173.1882,65.882,5.0998,58.8613
100-200:0158,100-200,161.551,scenic,0.5,shipped,203.2384,228.8783,5.9848,71.686,127.5759,0.0,172.4841,80.1916,3.4347,88.7096
100-200:0158,100-200,161.551,fastest,0.0,town_off,213.675,137.531,1.995,17.1005,75.8429,0.0,173.1882,65.882,5.0998,58.8613
100-200:0158,100-200,161.551,scenic,0.5,town_off,203.2384,228.8783,5.9954,71.3613,127.5759,0.0,172.4841,80.1916,3.4347,88.7096
100-200:0159,100-200,174.363,fastest,0.0,shipped,241.9821,181.6337,3.9965,28.5523,102.4191,0.0,202.6289,161.7201,17.4061,60.1245
100-200:0159,100-200,174.363,scenic,0.5,shipped,220.3122,203.1184,5.0819,37.5277,105.4813,0.0,192.8311,142.458,14.3866,61.7556
100-200:0159,100-200,174.363,fastest,0.0,town_off,241.9821,181.6337,4.175,29.5154,102.4191,0.0,202.6289,161.7201,17.4061,60.1245
100-200:0159,100-200,174.363,scenic,0.5,town_off,220.3613,202.1273,5.2278,49.2568,104.452,0.0,193.2313,142.3841,14.3866,60.0106
100-200:0160,100-200,195.034,fastest,0.0,shipped,303.0163,216.0921,3.5722,57.6747,129.1077,0.0,216.3903,266.5365,17.2423,54.2935
100-200:0160,100-200,195.034,scenic,0.5,shipped,276.6832,280.5728,6.8289,137.056,196.0699,0.0,208.082,239.2913,12.0507,88.8431
100-200:0160,100-200,195.034,fastest,0.0,town_off,303.0163,216.0921,3.8597,74.8765,129.1077,0.0,216.3903,266.5365,17.2423,54.2935
100-200:0160,100-200,195.034,scenic,0.5,town_off,294.7737,279.3521,7.2918,174.8588,212.9582,0.0,247.2897,254.3023,8.5641,100.9962
100-200:0161,100-200,181.831,fastest,0.0,shipped,296.0698,169.4262,1.124,10.7787,104.5111,0.0,248.4982,150.2719,11.5366,75.9767
100-200:0161,100-200,181.831,scenic,0.5,shipped,231.6397,257.483,6.393,100.7079,145.2442,0.0,193.5281,139.1867,14.0599,99.1365
100-200:0161,100-200,181.831,fastest,0.0,town_off,296.0698,169.4262,1.2167,9.7078,104.5111,0.0,248.4982,150.2719,11.5366,75.9767
100-200:0161,100-200,181.831,scenic,0.5,town_off,231.9345,256.0224,6.4426,102.6278,141.769,0.0,193.9691,139.5771,16.0563,95.4089
100-200:0162,100-200,125.042,fastest,0.0,shipped,193.3221,138.6008,2.4648,15.4948,75.5645,0.0,129.6251,120.9752,6.5609,54.6968
100-200:0162,100-200,125.042,scenic,0.5,shipped,171.264,181.2015,5.892,38.6623,119.0684,0.0,137.017,121.5833,0.0,70.9192
100-200:0162,100-200,125.042,fastest,0.0,town_off,193.3221,138.6008,2.5408,17.5538,75.5645,0.0,129.6251,120.9752,6.5609,54.6968
100-200:0162,100-200,125.042,scenic,0.5,town_off,171.264,181.2015,5.9901,44.1896,119.0684,0.0,137.017,121.5833,0.0,70.9192
100-200:0163,100-200,147.998,fastest,0.0,shipped,178.5244,114.0119,1.0871,1.8777,52.4823,15.8419,106.4556,10.7547,2.5556,63.946
100-200:0163,100-200,147.998,scenic,0.5,shipped,170.6001,197.9224,4.3117,14.5119,57.9152,15.8419,124.6717,15.1164,8.9551,77.3372
100-200:0163,100-200,147.998,fastest,0.0,town_off,178.5244,114.0119,1.1024,1.2462,52.4823,15.8419,106.4556,10.7547,2.5556,63.946
100-200:0163,100-200,147.998,scenic,0.5,town_off,172.2616,198.8869,4.2672,19.3613,61.0787,15.8419,128.4843,14.358,8.9551,78.8831
100-200:0164,100-200,139.996,fastest,0.0,shipped,227.1125,152.2498,3.0494,48.5881,101.0569,0.0,144.3302,215.0661,14.7769,39.389
100-200:0164,100-200,139.996,scenic,0.5,shipped,199.8201,203.6206,6.9583,102.0336,142.5676,0.0,169.946,185.5438,2.1089,59.2826
100-200:0164,100-200,139.996,fastest,0.0,town_off,227.1125,152.2498,3.3182,53.5223,101.0569,0.0,144.3302,215.0661,14.7769,39.389
100-200:0164,100-200,139.996,scenic,0.5,town_off,199.5494,203.7867,7.2908,123.5782,142.496,0.0,169.3936,185.3623,2.1089,59.0119
100-200:0165,100-200,173.576,fastest,0.0,shipped,197.0675,117.9629,1.3202,4.8509,30.4114,0.0,165.5621,188.8039,17.7492,23.708
100-200:0165,100-200,173.576,scenic,0.5,shipped,202.1277,228.6307,6.5933,86.5336,123.6802,0.0,144.2282,168.2574,17.9425,66.2004
100-200:0165,100-200,173.576,fastest,0.0,town_off,197.0675,117.9629,1.5512,3.8954,30.4114,0.0,165.5621,188.8039,17.7492,23.708
100-200:0165,100-200,173.576,scenic,0.5,town_off,202.1277,228.6307,6.7727,97.5121,123.6802,0.0,144.2282,168.2574,17.9425,66.2004
100-200:0166,100-200,142.941,fastest,0.0,shipped,205.6967,125.225,1.2587,1.802,55.0248,4.958,161.4969,82.5881,13.639,68.1272
100-200:0166,100-200,142.941,scenic,0.5,shipped,176.3015,199.1,5.7119,46.5371,77.5698,9.0752,155.3672,95.9174,31.4666,92.3488
100-200:0166,100-200,142.941,fastest,0.0,town_off,205.6967,125.225,1.3206,2.0053,55.0248,4.958,161.4969,82.5881,13.639,68.1272
100-200:0166,100-200,142.941,scenic,0.5,town_off,176.412,199.661,5.5912,43.3251,78.3036,10.2321,155.9179,95.9708,30.9369,90.8957
100-200:0167,100-200,136.506,fastest,0.0,shipped,178.2393,147.7535,4.4248,22.6732,91.1857,0.0,144.8706,92.1043,8.3374,55.2363
100-200:0167,100-200,136.506,scenic,0.5,shipped,171.2896,159.7566,5.1257,24.4982,88.084,0.0,150.1581,104.2756,8.6761,49.9781
100-200:0167,100-200,136.506,fastest,0.0,town_off,178.2393,147.7535,4.5249,28.4454,91.1857,0.0,144.8706,92.1043,8.3374,55.2363
100-200:0167,100-200,136.506,scenic,0.5,town_off,171.2896,159.7566,5.2893,32.8589,88.084,0.0,150.1581,104.2756,8.6761,49.9781
100-200:0168,100-200,141.548,fastest,0.0,shipped,197.571,121.5336,1.1316,7.8994,51.6108,0.0,160.9372,89.8871,2.1631,42.3539
100-200:0168,100-200,141.548,scenic,0.5,shipped,171.743,202.1062,5.5589,41.0997,76.6084,0.0,133.3871,79.0862,4.9751,68.6946
100-200:0168,100-200,141.548,fastest,0.0,town_off,197.571,121.5336,1.2301,10.5946,51.6108,0.0,160.9372,89.8871,2.1631,42.3539
100-200:0168,100-200,141.548,scenic,0.5,town_off,172.5743,203.1713,5.6169,41.7943,77.9796,0.0,135.6903,80.8385,4.9751,66.1661
100-200:0169,100-200,103.401,fastest,0.0,shipped,180.479,147.7922,3.6497,13.7682,92.7379,0.0,148.1743,142.2371,0.0,49.464
100-200:0169,100-200,103.401,scenic,0.5,shipped,162.1238,170.8772,6.6378,72.8523,103.6198,0.0,117.3204,138.452,10.9195,51.6282
100-200:0169,100-200,103.401,fastest,0.0,town_off,180.479,147.7922,3.8917,21.2853,92.7379,0.0,148.1743,142.2371,0.0,49.464
100-200:0169,100-200,103.401,scenic,0.5,town_off,162.035,170.7168,6.8495,85.3923,103.531,0.0,117.2011,138.3632,10.9195,51.5395
100-200:0170,100-200,123.54,fastest,0.0,shipped,175.7611,133.2034,3.0757,15.6372,66.9645,0.0,143.6605,151.2008,0.9574,30.9303
100-200:0170,100-200,123.54,scenic,0.5,shipped,168.2549,185.7344,6.3987,62.133,94.3624,0.0,134.3787,142.6237,0.9574,48.1135
100-200:0170,100-200,123.54,fastest,0.0,town_off,175.7611,133.2034,3.4503,16.0255,66.9645,0.0,143.6605,151.2008,0.9574,30.9303
100-200:0170,100-200,123.54,scenic,0.5,town_off,173.2157,189.6474,6.9018,88.8023,106.6878,0.0,149.0801,148.3864,0.9574,37.8765
100-200:0171,100-200,105.46,fastest,0.0,shipped,195.7804,143.624,2.5455,13.2592,73.3346,0.0,138.3988,107.5665,6.8321,52.3692
100-200:0171,100-200,105.46,scenic,0.5,shipped,148.4404,163.2277,5.7413,29.8789,72.2238,0.0,120.7117,110.2235,1.0693,40.45
100-200:0171,100-200,105.46,fastest,0.0,town_off,195.7804,143.624,2.6106,11.511,73.3346,0.0,138.3988,107.5665,6.8321,52.3692
100-200:0171,100-200,105.46,scenic,0.5,town_off,148.4404,163.2277,5.9498,35.3735,72.2238,0.0,120.7117,110.2235,1.0693,40.45
100-200:0172,100-200,115.841,fastest,0.0,shipped,141.8979,83.0839,0.964,1.0646,51.4365,0.0,104.5528,39.6055,0.0426,44.893
100-200:0172,100-200,115.841,scenic,0.5,shipped,139.0793,165.3481,5.3512,27.3371,59.6904,0.0,109.5171,53.3128,7.8258,69.0116
100-200:0172,100-200,115.841,fastest,0.0,town_off,141.8979,83.0839,1.0312,2.0747,51.4365,0.0,104.5528,39.6055,0.0426,44.893
100-200:0172,100-200,115.841,scenic,0.5,town_off,140.938,171.6886,5.5374,28.6017,69.374,0.0,120.3984,46.8679,8.0154,63.8002
100-200:0173,100-200,162.566,fastest,0.0,shipped,240.9708,160.2344,2.2753,12.2138,87.1035,0.0,177.6206,97.5903,14.859,91.7194
100-200:0173,100-200,162.566,scenic,0.5,shipped,204.2389,232.8692,5.8522,48.0463,92.0879,0.0,185.1726,112.6562,24.3612,65.9119
100-200:0173,100-200,162.566,fastest,0.0,town_off,240.9708,160.2344,2.2978,20.2364,87.1035,0.0,177.6206,97.5903,14.859,91.7194
100-200:0173,100-200,162.566,scenic,0.5,town_off,203.4564,231.894,6.009,54.1543,90.3151,0.0,185.2063,120.341,22.3274,59.52
100-200:0174,100-200,129.951,fastest,0.0,shipped,215.8225,120.0942,0.8779,3.2376,66.5555,0.0,180.0653,112.0982,6.41,58.3572
100-200:0174,100-200,129.951,scenic,0.5,shipped,162.6377,183.2394,6.4506,67.0542,105.4638,0.0,138.6177,102.7393,9.5952,69.4674
100-200:0174,100-200,129.951,fastest,0.0,town_off,215.8225,120.0942,0.9691,3.546,66.5555,0.0,180.0653,112.0982,6.41,58.3572
100-200:0174,100-200,129.951,scenic,0.5,town_off,162.6377,183.2394,6.5214,65.047,105.4638,0.0,138.6177,102.7393,9.5952,69.4674
100-200:0175,100-200,179.459,fastest,0.0,shipped,256.2999,197.2696,4.0639,35.7047,116.124,0.0,211.0725,169.3694,15.1707,62.6208
100-200:0175,100-200,179.459,scenic,0.5,shipped,239.5271,236.5244,5.5383,57.0541,118.715,0.0,202.2639,174.6183,12.9591,70.945
100-200:0175,100-200,179.459,fastest,0.0,town_off,256.2999,197.2696,4.2591,37.0433,116.124,0.0,211.0725,169.3694,15.1707,62.6208
100-200:0175,100-200,179.459,scenic,0.5,town_off,239.5271,236.5244,5.7272,56.3667,118.715,0.0,202.2639,174.6183,12.9591,70.945
100-200:0176,100-200,114.384,fastest,0.0,shipped,152.9215,138.1224,4.8787,30.2888,85.8693,0.0,108.5685,129.4369,1.1263,40.582
100-200:0176,100-200,114.384,scenic,0.5,shipped,135.9633,146.1452,5.8984,35.4186,80.4385,0.0,99.3699,122.6138,1.1263,45.3003
100-200:0176,100-200,114.384,fastest,0.0,town_off,152.9215,138.1224,5.1098,40.7109,85.8693,0.0,108.5685,129.4369,1.1263,40.582
100-200:0176,100-200,114.384,scenic,0.5,town_off,135.9633,146.1452,6.0683,48.0543,80.4385,0.0,99.3699,122.6138,1.1263,45.3003
100-200:0177,100-200,117.314,fastest,0.0,shipped,168.3081,114.4397,2.996,15.9773,95.1687,0.0,126.9728,141.6405,0.0,34.8251
100-200:0177,100-200,117.314,scenic,0.5,shipped,160.2235,167.2812,6.1718,36.2366,112.329,0.0,137.2268,130.8482,1.7926,35.371
100-200:0177,100-200,117.314,fastest,0.0,town_off,168.3081,114.4397,3.3824,23.6269,95.1687,0.0,126.9728,141.6405,0.0,34.8251
100-200:0177,100-200,117.314,scenic,0.5,town_off,160.6453,167.0379,6.5953,64.5718,112.8597,0.0,137.6486,131.27,1.7926,35.371
100-200:0178,100-200,163.923,fastest,0.0,shipped,264.5182,210.0433,4.7425,49.9253,163.3619,0.0,214.8948,198.645,1.7184,49.9169
100-200:0178,100-200,163.923,scenic,0.5,shipped,239.4623,226.0837,6.2283,79.5319,172.2501,0.0,200.7516,165.5567,4.2395,72.5628
100-200:0178,100-200,163.923,fastest,0.0,town_off,264.5182,210.0433,5.1652,60.1669,163.3619,0.0,214.8948,198.645,1.7184,49.9169
100-200:0178,100-200,163.923,scenic,0.5,town_off,240.9089,223.2473,6.5154,95.4803,175.9394,0.0,204.0623,168.7569,4.2395,72.4031
100-200:0179,100-200,117.915,fastest,0.0,shipped,153.4774,98.4335,1.1337,5.7513,39.4196,5.0933,124.3755,19.5061,5.7508,49.5907
100-200:0179,100-200,117.915,scenic,0.5,shipped,144.2548,180.607,5.5588,26.45,58.9759,11.9922,110.626,18.8622,12.8242,93.4879
100-200:0179,100-200,117.915,fastest,0.0,town_off,153.4774,98.4335,1.0486,5.7343,39.4196,5.0933,124.3755,19.5061,5.7508,49.5907
100-200:0179,100-200,117.915,scenic,0.5,town_off,144.7389,177.7353,5.0872,20.3711,60.6863,11.934,108.0749,25.4826,10.4512,83.8377
100-200:0180,100-200,119.795,fastest,0.0,shipped,154.7744,94.4658,1.2851,6.1112,54.7518,6.8126,116.8075,67.388,0.0426,43.5711
100-200:0180,100-200,119.795,scenic,0.5,shipped,141.257,175.6852,5.4842,26.1374,66.5678,0.0,115.3508,65.119,0.9916,63.5429
100-200:0180,100-200,119.795,fastest,0.0,town_off,154.7744,94.4658,1.4866,7.5925,54.7518,6.8126,116.8075,67.388,0.0426,43.5711
100-200:0180,100-200,119.795,scenic,0.5,town_off,139.3878,173.1422,5.3489,17.9561,51.074,0.0,119.157,57.2131,1.3111,41.9404
100-200:0181,100-200,194.385,fastest,0.0,shipped,235.4704,136.5105,0.7683,2.0731,61.9785,14.8784,129.4664,11.0438,1.9497,56.0872
100-200:0181,100-200,194.385,scenic,0.5,shipped,239.554,275.7018,4.6218,37.2185,108.3037,53.6668,139.6832,16.0975,12.7065,101.0334
100-200:0181,100-200,194.385,fastest,0.0,town_off,235.4704,136.5105,0.7536,0.8127,61.9785,14.8784,129.4664,11.0438,1.9497,56.0872
100-200:0181,100-200,194.385,scenic,0.5,town_off,237.6543,269.3541,4.3533,37.0927,101.6476,50.5057,133.2242,14.455,12.3695,94.5002
100-200:0182,100-200,148.397,fastest,0.0,shipped,205.3157,160.2036,3.3005,15.4098,79.7563,0.0,153.1804,166.2134,7.2538,61.4077
100-200:0182,100-200,148.397,scenic,0.5,shipped,232.8736,225.7663,7.677,161.1135,172.7538,0.0,199.3569,214.7703,7.0011,80.7217
100-200:0182,100-200,148.397,fastest,0.0,town_off,205.3157,160.2036,3.4008,16.8566,79.7563,0.0,153.1804,166.2134,7.2538,61.4077
100-200:0182,100-200,148.397,scenic,0.5,town_off,232.8736,225.7663,7.9858,166.3642,172.7538,0.0,199.3569,214.7703,7.0011,80.7217
100-200:0183,100-200,171.431,fastest,0.0,shipped,206.9979,114.8638,0.6225,0.4664,50.748,17.1136,156.8774,29.6255,5.1596,64.8806
100-200:0183,100-200,171.431,scenic,0.5,shipped,196.9888,200.1354,4.0233,14.9496,70.6802,1.0086,174.0199,86.1427,12.0953,112.4056
100-200:0183,100-200,171.431,fastest,0.0,town_off,206.9979,114.8638,0.59,0.4572,50.748,17.1136,156.8774,29.6255,5.1596,64.8806
100-200:0183,100-200,171.431,scenic,0.5,town_off,201.512,209.617,4.3538,33.8807,77.3159,1.5404,180.2981,84.3986,28.6862,79.3022
100-200:0184,100-200,122.446,fastest,0.0,shipped,150.2043,92.0829,0.7722,2.64,37.749,20.3845,116.3415,7.2212,1.9634,40.2613
100-200:0184,100-200,122.446,scenic,0.5,shipped,153.2491,181.6996,5.274,37.359,49.2676,56.0049,107.0057,10.2168,4.0952,101.7472
100-200:0184,100-200,122.446,fastest,0.0,town_off,150.2043,92.0829,0.7868,3.592,37.749,20.3845,116.3415,7.2212,1.9634,40.2613
100-200:0184,100-200,122.446,scenic,0.5,town_off,150.2278,162.1504,4.2236,25.0911,51.1102,39.7026,102.9674,7.1192,3.455,81.4018
100-200:0185,100-200,115.106,fastest,0.0,shipped,157.4714,103.7545,2.5694,19.3448,70.7526,0.0,116.0887,143.0512,0.0,28.4589
100-200:0185,100-200,115.106,scenic,0.5,shipped,159.8887,173.0053,7.1365,88.542,129.3256,0.0,125.5444,147.2716,0.0,43.0923
100-200:0185,100-200,115.106,fastest,0.0,town_off,157.4714,103.7545,2.9266,19.4424,70.7526,0.0,116.0887,143.0512,0.0,28.4589
100-200:0185,100-200,115.106,scenic,0.5,town_off,159.8887,173.0053,7.471,101.0689,129.3256,0.0,125.5444,147.2716,0.0,43.0923
100-200:0186,100-200,115.404,fastest,0.0,shipped,180.8448,118.9633,1.2631,4.8165,49.1163,0.0,136.3066,107.8529,0.9227,43.8991
100-200:0186,100-200,115.404,scenic,0.5,shipped,163.3613,168.3781,6.6773,72.4649,94.3596,0.0,140.0534,132.3093,5.371,56.7671
100-200:0186,100-200,115.404,fastest,0.0,town_off,180.8448,118.9633,1.3261,2.3493,49.1163,0.0,136.3066,107.8529,0.9227,43.8991
100-200:0186,100-200,115.404,scenic,0.5,town_off,163.3613,168.3781,6.9058,83.6181,94.3596,0.0,140.0534,132.3093,5.371,56.7671
100-200:0187,100-200,171.839,fastest,0.0,shipped,221.0324,137.1662,1.1812,4.875,72.5655,10.6751,121.4674,76.0664,3.0795,58.9728
100-200:0187,100-200,171.839,scenic,0.5,shipped,207.1536,238.035,5.1814,33.4369,89.7657,20.1591,159.3822,51.4398,7.9608,97.248
100-200:0187,100-200,171.839,fastest,0.0,town_off,221.0324,137.1662,1.1759,3.443,72.5655,10.6751,121.4674,76.0664,3.0795,58.9728
100-200:0187,100-200,171.839,scenic,0.5,town_off,208.685,238.9188,5.1398,38.385,92.562,20.1591,162.3038,50.6814,7.9608,98.6337
100-200:0188,100-200,126.018,fastest,0.0,shipped,177.2616,116.0697,1.5115,3.4559,52.363,0.0,123.8404,80.3584,3.5294,25.5239
100-200:0188,100-200,126.018,scenic,0.5,shipped,164.7392,185.7338,4.94,16.5997,69.8898,0.0,118.6827,68.4402,7.706,51.8788
100-200:0188,100-200,126.018,fastest,0.0,town_off,177.2616,116.0697,1.6255,3.6675,52.363,0.0,123.8404,80.3584,3.5294,25.5239
100-200:0188,100-200,126.018,scenic,0.5,town_off,177.0258,197.9679,5.7626,34.6216,83.9481,0.0,152.311,74.9116,11.022,47.5978
100-200:0189,100-200,195.547,fastest,0.0,shipped,267.8928,177.1119,2.3549,17.2085,98.3427,0.0,190.2165,183.2411,6.5445,48.7841
100-200:0189,100-200,195.547,scenic,0.5,shipped,256.1926,260.2427,6.4195,110.4034,158.443,0.0,216.4815,157.5221,10.5672,67.8016
100-200:0189,100-200,195.547,fastest,0.0,town_off,267.8928,177.1119,2.5545,15.409,98.3427,0.0,190.2165,183.2411,6.5445,48.7841
100-200:0189,100-200,195.547,scenic,0.5,town_off,256.4056,260.3297,6.6647,116.6971,158.6561,0.0,216.9303,157.5221,10.5672,67.8016
100-200:0190,100-200,175.869,fastest,0.0,shipped,219.6718,153.4293,1.9437,19.4731,72.7433,8.3381,170.1743,107.6168,2.1631,58.0456
100-200:0190,100-200,175.869,scenic,0.5,shipped,213.8012,256.448,5.2736,37.6691,77.5972,0.8465,179.7162,98.5192,5.7336,66.909
100-200:0190,100-200,175.869,fastest,0.0,town_off,219.6718,153.4293,2.1004,23.0164,72.7433,8.3381,170.1743,107.6168,2.1631,58.0456
100-200:0190,100-200,175.869,scenic,0.5,town_off,213.4432,256.5451,5.3461,38.7343,77.7681,0.8465,178.4972,98.5192,5.7336,65.1679
100-200:0191,100-200,143.904,fastest,0.0,shipped,217.1729,172.9626,3.3363,19.3593,88.2658,0.0,176.084,175.2801,0.0,46.5981
100-200:0191,100-200,143.904,scenic,0.5,shipped,208.0819,226.5278,7.0768,117.8608,130.2568,0.0,172.7443,178.3308,2.8258,55.9024
100-200:0191,100-200,143.904,fastest,0.0,town_off,217.1729,172.9626,3.612,21.7716,88.2658,0.0,176.084,175.2801,0.0,46.5981
100-200:0191,100-200,143.904,scenic,0.5,town_off,207.6135,217.2501,7.1506,112.9401,127.5758,0.0,182.794,181.6213,1.7094,46.6256
100-200:0192,100-200,101.558,fastest,0.0,shipped,138.1629,87.7116,1.1176,0.8034,37.0371,4.686,107.2356,17.7315,5.3328,35.1985
100-200:0192,100-200,101.558,scenic,0.5,shipped,119.4654,142.177,4.8184,15.2645,38.252,4.7199,92.1078,21.6939,10.8815,62.2051
100-200:0192,100-200,101.558,fastest,0.0,town_off,138.1629,87.7116,1.0935,0.0274,37.0371,4.686,107.2356,17.7315,5.3328,35.1985
100-200:0192,100-200,101.558,scenic,0.5,town_off,120.2981,132.723,4.2143,6.5861,38.5666,5.2063,93.8717,19.4002,12.6774,53.795
100-200:0193,100-200,198.95,fastest,0.0,shipped,284.0235,161.762,0.9154,3.873,69.6375,19.0773,214.8348,118.0672,3.8931,98.3117
100-200:0193,100-200,198.95,scenic,0.5,shipped,249.9216,264.5944,4.4722,33.7164,98.9288,12.2011,196.76,119.6234,9.9397,104.1021
100-200:0193,100-200,198.95,fastest,0.0,town_off,284.0235,161.762,0.9113,1.9255,69.6375,19.0773,214.8348,118.0672,3.8931,98.3117
100-200:0193,100-200,198.95,scenic,0.5,town_off,250.2616,262.239,4.4344,41.9873,110.159,12.2011,197.3926,114.7171,7.8656,92.432
100-200:0194,100-200,160.421,fastest,0.0,shipped,203.514,137.2358,2.1088,14.1056,66.5453,0.0,172.4562,69.8753,13.2229,48.7192
100-200:0194,100-200,160.421,scenic,0.5,shipped,190.3091,220.4659,6.0644,66.7423,107.4717,0.0,160.5214,87.7319,17.6834,84.2757
100-200:0194,100-200,160.421,fastest,0.0,town_off,203.514,137.2358,2.2118,15.2135,66.5453,0.0,172.4562,69.8753,13.2229,48.7192
100-200:0194,100-200,160.421,scenic,0.5,town_off,190.6064,219.1497,6.0276,66.2148,104.0584,0.0,161.0244,87.7781,19.6798,80.4742
100-200:0195,100-200,113.227,fastest,0.0,shipped,168.1028,122.4528,2.2982,17.1998,30.1865,0.0,107.5586,157.048,0.0,19.3762
100-200:0195,100-200,113.227,scenic,0.5,shipped,160.4807,177.3963,6.6401,70.0719,96.8322,0.0,127.5156,144.5777,2.6291,54.7033
100-200:0195,100-200,113.227,fastest,0.0,town_off,168.1028,122.4528,2.4953,16.4385,30.1865,0.0,107.5586,157.048,0.0,19.3762
100-200:0195,100-200,113.227,scenic,0.5,town_off,160.4208,177.2472,6.8342,82.3794,96.7723,0.0,127.4401,144.5178,2.6291,54.6433
100-200:0196,100-200,189.968,fastest,0.0,shipped,232.6168,136.1202,0.9328,2.942,74.3356,0.0,184.2725,79.5731,2.9825,72.7252
100-200:0196,100-200,189.968,scenic,0.5,shipped,219.994,244.0812,4.8256,37.8164,98.4355,0.0,185.4496,58.2572,12.6768,108.604
100-200:0196,100-200,189.968,fastest,0.0,town_off,232.6168,136.1202,1.015,1.876,74.3356,0.0,184.2725,79.5731,2.9825,72.7252
100-200:0196,100-200,189.968,scenic,0.5,town_off,219.7969,245.4923,4.7177,40.0873,97.8401,0.0,185.3928,58.2572,12.6768,103.725
100-200:0197,100-200,174.241,fastest,0.0,shipped,228.8171,126.761,0.7626,1.325,62.8798,0.0,184.369,115.5335,0.0426,46.6892
100-200:0197,100-200,174.241,scenic,0.5,shipped,220.225,245.3789,6.013,68.8175,110.6364,0.0,176.6447,119.4769,12.4126,90.5761
100-200:0197,100-200,174.241,fastest,0.0,town_off,228.8171,126.761,0.888,0.7879,62.8798,0.0,184.369,115.5335,0.0426,46.6892
100-200:0197,100-200,174.241,scenic,0.5,town_off,220.7667,244.9384,6.0553,76.3292,112.5317,0.0,176.8067,121.0596,13.1365,90.6906
100-200:0198,100-200,166.336,fastest,0.0,shipped,226.4963,154.8193,2.461,27.8925,94.6876,0.0,190.6311,133.7832,14.3697,65.6677
100-200:0198,100-200,166.336,scenic,0.5,shipped,204.9914,222.4637,6.3511,68.409,86.6763,0.0,192.9184,161.671,12.1265,62.9156
100-200:0198,100-200,166.336,fastest,0.0,town_off,226.4963,154.8193,2.5825,28.2572,94.6876,0.0,190.6311,133.7832,14.3697,65.6677
100-200:0198,100-200,166.336,scenic,0.5,town_off,204.9914,222.4637,6.5672,81.4998,86.6763,0.0,192.9184,161.671,12.1265,62.9156
100-200:0199,100-200,106.914,fastest,0.0,shipped,179.6013,125.2036,2.9926,11.1598,71.1678,0.0,139.5924,112.6574,2.2163,32.6364
100-200:0199,100-200,106.914,scenic,0.5,shipped,152.8837,173.089,6.0214,37.759,76.8253,0.0,129.0965,101.3012,4.1429,57.1072
100-200:0199,100-200,106.914,fastest,0.0,town_off,179.6013,125.2036,3.2218,10.1452,71.1678,0.0,139.5924,112.6574,2.2163,32.6364
100-200:0199,100-200,106.914,scenic,0.5,town_off,153.7414,172.9986,6.1759,44.1273,77.22,0.0,132.1503,100.3453,4.1429,54.5059
100-200:0200,100-200,136.852,fastest,0.0,shipped,174.6504,94.7045,0.6575,0.3196,53.1014,18.4478,129.9818,21.577,3.3143,54.5468
100-200:0200,100-200,136.852,scenic,0.5,shipped,165.5371,176.6952,3.7636,12.281,44.4434,28.768,122.4673,26.1433,24.4593,65.4298
100-200:0200,100-200,136.852,fastest,0.0,town_off,174.6504,94.7045,0.6583,0.0,53.1014,18.4478,129.9818,21.577,3.3143,54.5468
100-200:0200,100-200,136.852,scenic,0.5,town_off,168.4633,179.5557,3.9344,15.4363,42.9135,40.0269,126.0419,27.3897,23.4165,57.7498
100-200:0201,100-200,181.16,fastest,0.0,shipped,301.5864,220.0863,3.2341,44.1213,146.6235,0.0,214.874,201.7,11.5959,82.4996
100-200:0201,100-200,181.16,scenic,0.5,shipped,243.4463,245.7599,6.1182,80.141,151.6558,0.0,191.419,178.3225,4.2565,82.1833
100-200:0201,100-200,181.16,fastest,0.0,town_off,301.5864,220.0863,3.3901,46.7834,146.6235,0.0,214.874,201.7,11.5959,82.4996
100-200:0201,100-200,181.16,scenic,0.5,town_off,281.9638,279.9766,7.527,182.6209,171.6062,0.0,257.2086,247.2133,27.9604,59.4905
100-200:0202,100-200,185.002,fastest,0.0,shipped,250.9771,168.4707,2.7593,30.7394,82.6554,0.0,189.8523,224.6044,13.9479,37.5221
100-200:0202,100-200,185.002,scenic,0.5,shipped,232.6525,255.2788,6.638,97.0973,160.7659,0.0,178.8705,194.6651,18.6626,69.516
100-200:0202,100-200,185.002,fastest,0.0,town_off,250.9771,168.4707,3.0251,48.0161,82.6554,0.0,189.8523,224.6044,13.9479,37.5221
100-200:0202,100-200,185.002,scenic,0.5,town_off,232.673,255.2826,6.9008,118.8942,160.7864,0.0,178.891,194.6856,18.6626,69.516
100-200:0203,100-200,175.745,fastest,0.0,shipped,324.898,199.2213,1.8149,11.0148,134.8661,0.0,230.0915,231.8365,7.322,72.0294
100-200:0203,100-200,175.745,scenic,0.5,shipped,226.116,248.9998,6.1449,69.8136,141.4352,0.0,168.4948,205.0424,1.8716,80.494
100-200:0203,100-200,175.745,fastest,0.0,town_off,324.898,199.2213,1.9218,10.6293,134.8661,0.0,230.0915,231.8365,7.322,72.0294
100-200:0203,100-200,175.745,scenic,0.5,town_off,228.1073,250.9718,6.411,96.9016,148.0438,0.0,170.2656,206.7695,1.1263,81.0987
100-200:0204,100-200,171.345,fastest,0.0,shipped,231.6927,125.1174,0.6324,3.2607,70.6762,3.7208,171.7546,57.8274,5.1925,54.9168
100-200:0204,100-200,171.345,scenic,0.5,shipped,197.7741,214.8712,4.346,21.7706,82.555,8.0583,146.2164,46.7995,13.2484,76.9487
100-200:0204,100-200,171.345,fastest,0.0,town_off,231.6927,125.1174,0.7304,3.2607,70.6762,3.7208,171.7546,57.8274,5.1925,54.9168
100-200:0204,100-200,171.345,scenic,0.5,town_off,198.5646,215.3317,4.3226,20.712,82.6002,8.0583,148.9985,49.4517,11.7943,71.8253
100-200:0205,100-200,149.964,fastest,0.0,shipped,187.4142,104.4182,0.6842,1.5947,43.1025,0.0,136.7606,118.0324,2.0118,42.144
100-200:0205,100-200,149.964,scenic,0.5,shipped,196.8806,217.3645,6.0971,59.9652,90.7286,0.0,179.1017,132.6195,17.8096,74.303
100-200:0205,100-200,149.964,fastest,0.0,town_off,187.4142,104.4182,0.769,0.242,43.1025,0.0,136.7606,118.0324,2.0118,42.144
100-200:0205,100-200,149.964,scenic,0.5,town_off,196.9747,217.2077,6.2074,63.0771,90.7286,0.0,179.1958,132.7136,17.8096,74.0904
100-200:0206,100-200,165.326,fastest,0.0,shipped,210.7501,131.2342,1.3205,9.8745,58.2662,11.6258,126.8758,29.2553,4.6056,69.7501
100-200:0206,100-200,165.326,scenic,0.5,shipped,195.4141,224.8699,4.7101,25.7469,77.2295,11.6313,148.6968,18.4674,12.1694,94.4843
100-200:0206,100-200,165.326,fastest,0.0,town_off,210.7501,131.2342,1.325,9.2626,58.2662,11.6258,126.8758,29.2553,4.6056,69.7501
100-200:0206,100-200,165.326,scenic,0.5,town_off,198.2958,226.7218,4.6984,35.8359,83.649,11.6313,154.1677,18.0222,12.4827,94.8489
100-200:0207,100-200,124.128,fastest,0.0,shipped,170.6635,95.2422,0.8684,0.4502,51.9245,3.6363,129.3338,90.1332,6.7613,57.5092
100-200:0207,100-200,124.128,scenic,0.5,shipped,144.8852,170.8331,5.4306,21.0857,61.1347,3.6494,111.6023,63.5863,20.8724,79.3968
100-200:0207,100-200,124.128,fastest,0.0,town_off,170.6635,95.2422,0.9023,0.2268,51.9245,3.6363,129.3338,90.1332,6.7613,57.5092
100-200:0207,100-200,124.128,scenic,0.5,town_off,151.9877,180.5104,5.839,44.3681,79.2228,4.1113,126.5404,70.6064,13.4693,66.4297
100-200:0208,100-200,142.187,fastest,0.0,shipped,187.5069,135.9961,3.1918,34.2768,74.6888,0.0,158.7211,108.6381,4.8486,48.8783
100-200:0208,100-200,142.187,scenic,0.5,shipped,176.8699,213.5352,6.364,65.9725,96.0849,0.0,151.0085,89.708,14.0115,87.4931
100-200:0208,100-200,142.187,fastest,0.0,town_off,187.5069,135.9961,3.3912,40.2164,74.6888,0.0,158.7211,108.6381,4.8486,48.8783
100-200:0208,100-200,142.187,scenic,0.5,town_off,177.2116,213.5058,6.3817,64.6894,100.0293,0.0,153.8523,92.0501,12.5772,81.659
100-200:0209,100-200,120.105,fastest,0.0,shipped,144.8162,86.412,0.772,0.6112,47.0484,14.1068,79.5143,10.6259,2.4621,49.3537
100-200:0209,100-200,120.105,scenic,0.5,shipped,132.7101,127.8044,3.0939,7.9103,39.395,19.714,77.8571,11.3741,3.352,60.6978
100-200:0209,100-200,120.105,fastest,0.0,town_off,144.8162,86.412,0.692,0.1279,47.0484,14.1068,79.5143,10.6259,2.4621,49.3537
100-200:0209,100-200,120.105,scenic,0.5,town_off,132.5391,129.1863,2.9298,9.5575,39.3203,19.714,77.5772,11.3741,3.352,56.6358
100-200:0211,100-200,159.433,fastest,0.0,shipped,217.158,170.0928,3.652,22.579,102.2083,0.0,173.7274,113.0199,3.4706,60.8471
100-200:0211,100-200,159.433,scenic,0.5,shipped,200.4973,204.5516,5.3576,35.8834,109.9803,0.0,170.7549,115.0302,5.5335,73.2505
100-200:0211,100-200,159.433,fastest,0.0,town_off,217.158,170.0928,3.7285,22.3408,102.2083,0.0,173.7274,113.0199,3.4706,60.8471
100-200:0211,100-200,159.433,scenic,0.5,town_off,200.4973,204.5516,5.4358,38.268,109.9803,0.0,170.7549,115.0302,5.5335,73.2505
100-200:0212,100-200,198.868,fastest,0.0,shipped,243.6287,135.2134,0.6801,0.9365,61.0026,10.4732,153.8308,85.6176,2.2291,47.9141
100-200:0212,100-200,198.868,scenic,0.5,shipped,225.1005,259.2964,4.9384,22.8934,83.152,0.0,172.9759,64.7612,11.1793,81.0101
100-200:0212,100-200,198.868,fastest,0.0,town_off,243.6287,135.2134,0.7454,0.6604,61.0026,10.4732,153.8308,85.6176,2.2291,47.9141
100-200:0212,100-200,198.868,scenic,0.5,town_off,238.9722,276.1911,5.6431,49.374,106.0648,0.0,208.43,75.8237,15.3899,70.9561
100-200:0213,100-200,105.24,fastest,0.0,shipped,134.29,86.4302,1.2189,3.8953,39.2964,0.0,104.5452,40.1569,1.1568,45.6358
100-200:0213,100-200,105.24,scenic,0.5,shipped,126.3236,157.9653,5.7288,32.3913,55.2412,0.0,113.6255,32.217,5.842,53.3441
100-200:0213,100-200,105.24,fastest,0.0,town_off,134.29,86.4302,1.2698,6.0596,39.2964,0.0,104.5452,40.1569,1.1568,45.6358
100-200:0213,100-200,105.24,scenic,0.5,town_off,128.5858,164.6878,6.1326,42.8056,58.5498,0.0,120.9995,39.3356,14.5016,36.4245
100-200:0214,100-200,166.027,fastest,0.0,shipped,264.5866,182.4044,3.6678,55.5478,116.7957,0.0,192.0547,232.7708,16.4386,50.1288
100-200:0214,100-200,166.027,scenic,0.5,shipped,236.7211,239.3067,6.9333,128.2833,172.4134,0.0,184.407,206.5682,6.3395,68.2199
100-200:0214,100-200,166.027,fastest,0.0,town_off,264.5866,182.4044,3.9373,68.3538,116.7957,0.0,192.0547,232.7708,16.4386,50.1288
100-200:0214,100-200,166.027,scenic,0.5,town_off,254.6748,238.2568,7.4532,161.3493,188.8971,0.0,222.8897,221.3785,2.853,80.9821
100-200:0215,100-200,139.754,fastest,0.0,shipped,170.9081,95.7114,0.657,1.9711,45.1204,13.1306,101.0689,20.4427,0.9267,57.4329
100-200:0215,100-200,139.754,scenic,0.5,shipped,162.5531,205.9118,5.2827,19.0072,78.5824,2.6574,120.8858,24.5012,12.84,72.9792
100-200:0215,100-200,139.754,fastest,0.0,town_off,170.9081,95.7114,0.6633,1.291,45.1204,13.1306,101.0689,20.4427,0.9267,57.4329
100-200:0215,100-200,139.754,scenic,0.5,town_off,165.2036,201.8347,5.1533,28.4672,81.7446,2.6574,137.9229,18.4299,13.8997,63.5292
100-200:0216,100-200,127.415,fastest,0.0,shipped,175.4977,123.1768,3.4676,40.8732,95.7408,0.0,142.5962,121.0292,9.8831,49.7484
100-200:0216,100-200,127.415,scenic,0.5,shipped,168.9736,183.6341,6.4958,63.1284,99.0771,0.0,130.0846,136.5647,6.9821,70.5002
100-200:0216,100-200,127.415,fastest,0.0,town_off,175.4977,123.1768,3.691,46.1612,95.7408,0.0,142.5962,121.0292,9.8831,49.7484
100-200:0216,100-200,127.415,scenic,0.5,town_off,173.1925,186.7237,6.8035,83.4114,109.4404,0.0,136.8107,141.9436,4.1271,67.613
100-200:0217,100-200,148.145,fastest,0.0,shipped,193.9843,130.9369,1.8893,4.3,69.0339,7.7827,146.9715,35.8476,2.4093,48.3078
100-200:0217,100-200,148.145,scenic,0.5,shipped,177.1766,194.4789,5.3026,28.7924,94.2,6.2008,134.8349,44.9567,22.6893,60.03
100-200:0217,100-200,148.145,fastest,0.0,town_off,193.9843,130.9369,1.9911,4.2128,69.0339,7.7827,146.9715,35.8476,2.4093,48.3078
100-200:0217,100-200,148.145,scenic,0.5,town_off,177.3896,194.5659,5.3529,38.2497,94.413,6.2008,135.2837,44.9567,22.6893,60.03
100-200:0218,100-200,109.671,fastest,0.0,shipped,147.3435,129.1112,4.3745,15.156,81.8444,0.0,118.5293,61.6697,6.8098,37.4476
100-200:0218,100-200,109.671,scenic,0.5,shipped,137.8683,148.877,5.4636,26.0178,61.8475,0.0,120.4237,50.1146,9.9947,53.7671
100-200:0218,100-200,109.671,fastest,0.0,town_off,147.3435,129.1112,4.5192,22.5137,81.8444,0.0,118.5293,61.6697,6.8098,37.4476
100-200:0218,100-200,109.671,scenic,0.5,town_off,136.9392,147.6714,5.3982,26.592,59.928,0.0,120.3297,57.7994,7.8143,47.2286
100-200:0219,100-200,156.578,fastest,0.0,shipped,192.7967,120.8851,1.4118,7.9945,50.8684,1.8465,146.4155,52.7999,6.5791,48.7205
100-200:0219,100-200,156.578,scenic,0.5,shipped,188.3336,214.8651,5.704,40.401,85.1718,0.8592,164.1659,41.8463,18.8973,62.8681
100-200:0219,100-200,156.578,fastest,0.0,town_off,192.7967,120.8851,1.4991,10.5016,50.8684,1.8465,146.4155,52.7999,6.5791,48.7205
100-200:0219,100-200,156.578,scenic,0.5,town_off,189.2269,215.4233,5.8349,47.2181,85.8558,0.8592,166.1603,43.5985,18.8973,61.3965
100-200:0220,100-200,184.556,fastest,0.0,shipped,301.6177,190.1851,1.656,10.7168,110.3551,0.0,233.3661,178.2935,16.4581,87.9429
100-200:0220,100-200,184.556,scenic,0.5,shipped,222.8894,219.6531,5.4245,43.2344,92.6449,0.0,190.7304,162.1625,15.9652,69.0519
100-200:0220,100-200,184.556,fastest,0.0,town_off,301.6177,190.1851,1.767,16.396,110.3551,0.0,233.3661,178.2935,16.4581,87.9429
100-200:0220,100-200,184.556,scenic,0.5,town_off,224.6084,223.2477,5.7478,57.2779,100.4626,0.0,194.2955,161.6745,15.4526,70.9608
100-200:0221,100-200,185.0,fastest,0.0,shipped,226.8858,133.0514,1.2527,5.2735,75.8132,15.7852,174.0333,70.0735,21.1983,83.1271
100-200:0221,100-200,185.0,scenic,0.5,shipped,231.9101,274.8114,6.7422,106.5668,131.0996,4.3215,208.8124,199.0881,8.8398,85.4787
100-200:0221,100-200,185.0,fastest,0.0,town_off,226.8858,133.0514,1.2623,4.466,75.8132,15.7852,174.0333,70.0735,21.1983,83.1271
100-200:0221,100-200,185.0,scenic,0.5,town_off,231.2906,275.1772,6.9648,113.7271,132.6473,4.3215,206.8417,198.11,8.8398,82.5413
100-200:0222,100-200,199.341,fastest,0.0,shipped,304.6243,177.0117,1.8145,32.3226,137.5915,4.1082,174.0677,187.4071,1.1774,63.0757
100-200:0222,100-200,199.341,scenic,0.5,shipped,242.6935,259.7393,5.9881,71.9622,136.8375,0.0,204.2783,161.5322,8.9145,93.5583
100-200:0222,100-200,199.341,fastest,0.0,town_off,304.6243,177.0117,1.9997,36.6612,137.5915,4.1082,174.0677,187.4071,1.1774,63.0757
100-200:0222,100-200,199.341,scenic,0.5,town_off,242.3335,259.1839,6.0523,78.179,136.0421,0.0,202.9476,160.3351,8.9145,91.4558
100-200:0223,100-200,142.422,fastest,0.0,shipped,191.4165,108.9628,0.7142,1.0958,43.254,10.4732,129.3863,33.5645,3.7502,47.9961
100-200:0223,100-200,142.422,scenic,0.5,shipped,164.4296,202.6634,5.6244,34.7546,71.699,0.0,141.9682,30.7879,14.9386,76.1664
100-200:0223,100-200,142.422,fastest,0.0,town_off,191.4165,108.9628,0.74,0.0344,43.254,10.4732,129.3863,33.5645,3.7502,47.9961
100-200:0223,100-200,142.422,scenic,0.5,town_off,166.8686,206.5349,5.6988,40.4049,75.6022,0.0,147.5936,37.6085,14.8892,61.0924
100-200:0224,100-200,125.722,fastest,0.0,shipped,198.2833,105.9418,0.9149,2.019,65.9425,0.0,161.0221,166.554,8.7596,26.598
100-200:0224,100-200,125.722,scenic,0.5,shipped,146.9539,146.6098,5.813,30.8608,72.2475,0.0,123.9083,99.0528,14.0741,51.6175
100-200:0224,100-200,125.722,fastest,0.0,town_off,198.2833,105.9418,1.1266,1.8049,65.9425,0.0,161.0221,166.554,8.7596,26.598
100-200:0224,100-200,125.722,scenic,0.5,town_off,146.9539,146.6098,5.9333,43.2883,72.2475,0.0,123.9083,99.0528,14.0741,51.6175
100-200:0225,100-200,188.613,fastest,0.0,shipped,239.7415,186.4054,4.3358,51.2978,102.0339,0.0,193.0789,207.1009,6.7786,66.5953
100-200:0225,100-200,188.613,scenic,0.5,shipped,240.5466,224.539,7.0746,130.7627,153.1258,0.0,188.9824,213.4757,9.938,87.5213
100-200:0225,100-200,188.613,fastest,0.0,town_off,239.7415,186.4054,4.5666,52.9154,102.0339,0.0,193.0789,207.1009,6.7786,66.5953
100-200:0225,100-200,188.613,scenic,0.5,town_off,241.0054,217.427,7.1388,128.672,141.2615,0.0,193.7072,211.8147,9.938,85.1916
100-200:0226,100-200,121.818,fastest,0.0,shipped,142.2032,101.4405,1.7408,2.3474,54.4649,12.3781,83.6375,40.9588,3.509,63.646
100-200:0226,100-200,121.818,scenic,0.5,shipped,136.4919,156.5694,4.5243,20.6538,54.6546,12.3388,92.4298,34.1491,3.6772,68.9734
100-200:0226,100-200,121.818,fastest,0.0,town_off,142.2032,101.4405,1.6125,0.7475,54.4649,12.3781,83.6375,40.9588,3.509,63.646
100-200:0226,100-200,121.818,scenic,0.5,town_off,136.4745,145.9333,4.0204,23.7127,59.3396,11.4914,103.1624,38.1971,3.8762,54.5117
100-200:0227,100-200,180.973,fastest,0.0,shipped,236.3527,156.5882,1.985,11.9729,47.1512,0.0,170.8967,216.4174,15.3641,51.0515
100-200:0227,100-200,180.973,scenic,0.5,shipped,224.781,251.4075,6.6786,108.1661,154.716,0.0,168.9433,203.2785,3.8156,83.9944
100-200:0227,100-200,180.973,fastest,0.0,town_off,236.3527,156.5882,2.092,9.2845,47.1512,0.0,170.8967,216.4174,15.3641,51.0515
100-200:0227,100-200,180.973,scenic,0.5,town_off,224.781,251.4075,6.8999,121.9578,154.716,0.0,168.9433,203.2785,3.8156,83.9944
100-200:0228,100-200,169.329,fastest,0.0,shipped,245.8544,162.3458,2.2759,28.3223,89.6706,0.0,191.0439,156.5659,14.2705,69.061
100-200:0228,100-200,169.329,scenic,0.5,shipped,213.9089,230.2426,6.5459,96.6076,140.6782,0.0,171.8349,143.5132,4.4136,93.8472
100-200:0228,100-200,169.329,fastest,0.0,town_off,245.8544,162.3458,2.3838,30.4803,89.6706,0.0,191.0439,156.5659,14.2705,69.061
100-200:0228,100-200,169.329,scenic,0.5,town_off,214.2036,228.782,6.5915,102.2116,137.203,0.0,172.2759,143.9036,6.4101,90.1196
100-200:0229,100-200,184.656,fastest,0.0,shipped,227.384,143.0221,1.4119,2.034,67.6501,0.0,166.7383,120.4681,2.6652,70.5705
100-200:0229,100-200,184.656,scenic,0.5,shipped,220.1607,257.2429,5.5435,44.6854,105.1201,0.0,179.5532,118.8315,14.1007,82.7397
100-200:0229,100-200,184.656,fastest,0.0,town_off,227.384,143.0221,1.5042,2.0532,67.6501,0.0,166.7383,120.4681,2.6652,70.5705
100-200:0229,100-200,184.656,scenic,0.5,town_off,221.0681,251.6264,5.5132,56.0714,103.8879,0.0,181.6966,108.316,12.5813,74.6824
100-200:0230,100-200,149.127,fastest,0.0,shipped,194.1818,142.74,2.047,6.2524,57.0157,0.0,166.5919,77.9546,9.1259,48.9556
100-200:0230,100-200,149.127,scenic,0.5,shipped,181.3712,224.9465,5.9314,47.8424,76.635,11.3641,159.0418,70.6586,16.2605,90.8606
100-200:0230,100-200,149.127,fastest,0.0,town_off,194.1818,142.74,2.1972,10.4891,57.0157,0.0,166.5919,77.9546,9.1259,48.9556
100-200:0230,100-200,149.127,scenic,0.5,town_off,173.0443,196.0284,4.8598,16.6406,60.8058,19.1624,142.0467,48.5328,6.2126,66.5732
100-200:0231,100-200,189.7,fastest,0.0,shipped,339.7401,207.2606,1.6656,8.5893,110.0395,0.0,272.1295,248.8626,10.6139,58.7665
100-200:0231,100-200,189.7,scenic,0.5,shipped,258.9953,282.1026,6.4475,102.2269,154.0524,0.0,206.4129,215.0182,2.7705,113.4586
100-200:0231,100-200,189.7,fastest,0.0,town_off,339.7401,207.2606,1.8501,10.4208,110.0395,0.0,272.1295,248.8626,10.6139,58.7665
100-200:0231,100-200,189.7,scenic,0.5,town_off,258.7279,286.4838,6.6582,120.5082,157.2277,0.0,210.2996,215.9501,2.1385,107.1834
100-200:0232,100-200,164.983,fastest,0.0,shipped,252.2066,205.8301,4.6739,55.9754,150.9964,0.0,204.8405,221.968,0.0,72.6692
100-200:0232,100-200,164.983,scenic,0.5,shipped,227.3838,239.6511,7.1456,123.89,157.7379,0.0,184.3347,202.2747,0.7453,56.8412
100-200:0232,100-200,164.983,fastest,0.0,town_off,252.2066,205.8301,4.9336,59.1126,150.9964,0.0,204.8405,221.968,0.0,72.6692
100-200:0232,100-200,164.983,scenic,0.5,town_off,229.2863,241.4628,7.5648,148.6907,164.2577,0.0,185.9862,203.913,0.0,57.3571
100-200:0233,100-200,138.13,fastest,0.0,shipped,226.0686,140.0187,1.2285,5.8697,46.0131,0.0,175.8607,136.6949,2.0118,48.5989
100-200:0233,100-200,138.13,scenic,0.5,shipped,180.6953,205.0812,6.3777,61.0083,86.4103,0.0,157.134,111.6239,18.23,78.0909
100-200:0233,100-200,138.13,fastest,0.0,town_off,226.0686,140.0187,1.3141,7.3745,46.0131,0.0,175.8607,136.6949,2.0118,48.5989
100-200:0233,100-200,138.13,scenic,0.5,town_off,180.6967,203.9436,6.3815,66.2209,86.8217,0.0,157.1354,112.481,18.5888,77.8917
100-200:0234,100-200,168.004,fastest,0.0,shipped,205.3254,117.4698,0.6219,2.1327,40.4807,0.0,122.4727,45.662,4.3613,36.1178
100-200:0234,100-200,168.004,scenic,0.5,shipped,198.015,221.4934,5.1952,34.1561,75.4072,0.0,154.8933,37.5905,18.9132,69.0628
100-200:0234,100-200,168.004,fastest,0.0,town_off,205.3254,117.4698,0.6707,2.5286,40.4807,0.0,122.4727,45.662,4.3613,36.1178
100-200:0234,100-200,168.004,scenic,0.5,town_off,196.8555,224.2672,5.2483,44.7834,82.3114,0.0,157.6842,38.1704,18.9863,57.7775
100-200:0235,100-200,191.985,fastest,0.0,shipped,273.7075,154.2782,0.7995,6.0598,67.5231,28.0589,139.6799,21.6657,2.0795,35.6928
100-200:0235,100-200,191.985,scenic,0.5,shipped,249.0547,265.3469,4.4868,45.0237,118.6169,64.8389,154.1974,32.0302,6.655,63.5795
100-200:0235,100-200,191.985,fastest,0.0,town_off,273.7075,154.2782,0.8866,5.6116,67.5231,28.0589,139.6799,21.6657,2.0795,35.6928
100-200:0235,100-200,191.985,scenic,0.5,town_off,248.5994,266.5227,4.6377,49.9916,116.603,61.7213,152.137,32.0302,6.655,58.9197
100-200:0236,100-200,160.337,fastest,0.0,shipped,238.7259,192.6454,5.0432,50.2074,146.2907,0.0,195.9212,180.9518,0.5921,43.3365
100-200:0236,100-200,160.337,scenic,0.5,shipped,263.8382,236.0092,6.8244,128.9941,199.5382,0.0,226.9652,204.7365,0.5921,61.3738
100-200:0236,100-200,160.337,fastest,0.0,town_off,238.7259,192.6454,5.4813,61.2075,146.2907,0.0,195.9212,180.9518,0.5921,43.3365
100-200:0236,100-200,160.337,scenic,0.5,town_off,263.8382,236.0092,7.286,146.7505,199.5382,0.0,226.9652,204.7365,0.5921,61.3738
100-200:0237,100-200,182.205,fastest,0.0,shipped,255.157,171.3849,1.4048,4.2014,65.2764,17.565,211.4428,46.7313,4.6733,54.79
100-200:0237,100-200,182.205,scenic,0.5,shipped,248.3983,284.8851,5.2506,49.2316,84.4098,74.9425,186.9758,32.7752,6.813,134.5394
100-200:0237,100-200,182.205,fastest,0.0,town_off,255.157,171.3849,1.4603,8.5926,65.2764,17.565,211.4428,46.7313,4.6733,54.79
100-200:0237,100-200,182.205,scenic,0.5,town_off,245.8571,272.0006,4.8208,30.6928,86.7318,38.2331,206.0726,31.9447,9.3269,110.661
100-200:0238,100-200,148.077,fastest,0.0,shipped,275.8651,171.5238,2.19,23.4526,97.6338,0.0,207.1812,216.8486,1.5464,65.9492
100-200:0238,100-200,148.077,scenic,0.5,shipped,206.3139,219.4281,6.2823,68.7242,111.2983,0.0,183.2952,156.7856,2.7041,79.0032
100-200:0238,100-200,148.077,fastest,0.0,town_off,275.8651,171.5238,2.3802,28.8458,97.6338,0.0,207.1812,216.8486,1.5464,65.9492
100-200:0238,100-200,148.077,scenic,0.5,town_off,207.1717,219.3378,6.4803,75.3142,111.6931,0.0,186.3489,155.8297,2.7041,76.4019
100-200:0239,100-200,163.031,fastest,0.0,shipped,250.7942,160.1771,2.1011,29.6251,85.1972,0.0,180.9109,132.9139,18.9588,97.4483
100-200:0239,100-200,163.031,scenic,0.5,shipped,195.8533,214.4313,6.2116,69.1455,122.2733,0.0,165.4998,140.0011,12.6295,87.357
100-200:0239,100-200,163.031,fastest,0.0,town_off,250.7942,160.1771,2.1248,32.022,85.1972,0.0,180.9109,132.9139,18.9588,97.4483
100-200:0239,100-200,163.031,scenic,0.5,town_off,194.0455,211.9405,6.2287,72.9578,119.533,0.0,165.9966,142.9136,10.5131,79.1352
100-200:0240,100-200,120.601,fastest,0.0,shipped,161.5573,101.6172,1.2975,5.2957,46.4028,25.9836,100.6417,18.9955,0.0,67.1674
100-200:0240,100-200,120.601,scenic,0.5,shipped,156.945,200.1378,5.5514,37.7702,57.3924,63.2411,108.1314,10.6995,8.3863,87.792
100-200:0240,100-200,120.601,fastest,0.0,town_off,161.5573,101.6172,1.2586,5.7063,46.4028,25.9836,100.6417,18.9955,0.0,67.1674
100-200:0240,100-200,120.601,scenic,0.5,town_off,153.2151,156.7185,3.8751,28.1829,47.6085,64.2189,105.3435,10.01,2.0995,79.6551
100-200:0241,100-200,147.917,fastest,0.0,shipped,206.9663,132.2676,1.5784,17.6192,67.3578,0.0,170.9667,88.0361,4.4932,62.4256
100-200:0241,100-200,147.917,scenic,0.5,shipped,170.7328,181.2562,5.3885,36.7171,76.3182,0.0,153.1141,107.7745,10.8303,57.4671
100-200:0241,100-200,147.917,fastest,0.0,town_off,206.9663,132.2676,1.6729,19.0666,67.3578,0.0,170.9667,88.0361,4.4932,62.4256
100-200:0241,100-200,147.917,scenic,0.5,town_off,171.3017,181.7241,5.5621,42.4917,76.6645,0.0,154.5568,109.5267,10.8303,56.5241
100-200:0242,100-200,160.073,fastest,0.0,shipped,240.3116,159.1868,2.8245,46.6262,112.8497,0.0,205.0272,172.6406,7.6805,71.768
100-200:0242,100-200,160.073,scenic,0.5,shipped,198.6972,208.0102,6.2929,74.1136,102.8006,0.0,178.7462,152.5197,18.5923,71.9898
100-200:0242,100-200,160.073,fastest,0.0,town_off,240.3116,159.1868,3.0071,50.7048,112.8497,0.0,205.0272,172.6406,7.6805,71.768
100-200:0242,100-200,160.073,scenic,0.5,town_off,198.6972,208.0102,6.4605,77.8824,102.8006,0.0,178.7462,152.5197,18.5923,71.9898
100-200:0243,100-200,128.286,fastest,0.0,shipped,171.9378,115.0017,2.2846,4.4391,50.9764,0.0,133.337,61.6055,11.1123,62.4379
100-200:0243,100-200,128.286,scenic,0.5,shipped,149.7666,174.7359,5.3902,27.8943,63.0227,0.0,126.8227,62.8178,9.738,56.4778
100-200:0243,100-200,128.286,fastest,0.0,town_off,171.9378,115.0017,2.3391,11.8906,50.9764,0.0,133.337,61.6055,11.1123,62.4379
100-200:0243,100-200,128.286,scenic,0.5,town_off,152.2769,177.5499,5.607,32.8969,65.0482,0.0,135.3538,69.1856,12.9709,50.5422
100-200:0244,100-200,150.623,fastest,0.0,shipped,188.4437,103.8195,0.6036,0.9427,53.5526,0.0,137.724,57.6418,3.0555,41.6141
100-200:0244,100-200,150.623,scenic,0.5,shipped,178.199,218.6768,5.2659,37.1919,87.5568,0.0,139.4697,65.6263,3.9959,73.7771
100-200:0244,100-200,150.623,fastest,0.0,town_off,188.4437,103.8195,0.6569,1.4287,53.5526,0.0,137.724,57.6418,3.0555,41.6141
100-200:0244,100-200,150.623,scenic,0.5,town_off,179.3456,219.2578,5.2529,38.9566,90.6444,0.0,139.6387,64.5974,3.9959,73.6554
100-200:0245,100-200,194.855,fastest,0.0,shipped,273.5215,157.1523,0.8436,1.8561,67.8734,8.1691,214.7959,76.3488,9.4876,65.0311
100-200:0245,100-200,194.855,scenic,0.5,shipped,233.6297,273.6364,4.8197,33.2327,90.3534,15.7018,172.8803,52.1128,13.0266,101.8583
100-200:0245,100-200,194.855,fastest,0.0,town_off,273.5215,157.1523,0.9346,4.4404,67.8734,8.1691,214.7959,76.3488,9.4876,65.0311
100-200:0245,100-200,194.855,scenic,0.5,town_off,234.3774,275.2065,4.7412,31.2516,95.243,15.153,174.9199,53.1013,13.0328,98.4839
100-200:0246,100-200,119.266,fastest,0.0,shipped,152.0576,94.2139,1.2383,3.0882,46.634,0.0,119.9026,26.7269,0.8087,38.3415
100-200:0246,100-200,119.266,scenic,0.5,shipped,147.1626,180.5576,5.8109,42.6074,87.7897,0.0,122.7847,46.214,1.9894,64.305
100-200:0246,100-200,119.266,fastest,0.0,town_off,152.0576,94.2139,1.255,3.403,46.634,0.0,119.9026,26.7269,0.8087,38.3415
100-200:0246,100-200,119.266,scenic,0.5,town_off,147.7675,180.7251,5.8218,46.7498,88.3981,0.0,126.5216,49.3531,1.9894,56.6174
100-200:0247,100-200,150.921,fastest,0.0,shipped,183.1583,131.4247,1.9972,4.5666,47.5743,1.6958,147.1109,103.519,5.2732,50.1031
100-200:0247,100-200,150.921,scenic,0.5,shipped,176.9504,216.3322,6.2865,64.7204,103.6736,12.2239,145.6825,83.9882,13.0612,94.0914
100-200:0247,100-200,150.921,fastest,0.0,town_off,183.1583,131.4247,2.0773,5.648,47.5743,1.6958,147.1109,103.519,5.2732,50.1031
100-200:0247,100-200,150.921,scenic,0.5,town_off,182.1192,216.202,6.282,66.797,106.8268,4.0524,160.7188,85.7439,16.9632,83.1345
100-200:0248,100-200,129.97,fastest,0.0,shipped,178.2488,106.4097,1.1584,0.0,40.6697,5.1081,149.2305,72.5842,7.9688,55.9323
100-200:0248,100-200,129.97,scenic,0.5,shipped,146.3732,171.6654,5.4208,25.6368,58.5163,0.0,128.9686,73.7848,17.1151,65.1202
100-200:0248,100-200,129.97,fastest,0.0,town_off,178.2488,106.4097,1.2404,1.5259,40.6697,5.1081,149.2305,72.5842,7.9688,55.9323
100-200:0248,100-200,129.97,scenic,0.5,town_off,146.3289,164.8499,5.2137,29.9055,56.5796,0.0,132.3827,77.1041,17.3282,58.9632
100-200:0249,100-200,190.38,fastest,0.0,shipped,224.4665,129.9663,1.1004,1.152,62.9812,0.0,179.1622,158.3426,12.6947,38.8434
100-200:0249,100-200,190.38,scenic,0.5,shipped,217.1858,243.8785,6.297,75.8424,94.3996,0.0,185.9315,154.4026,19.9596,80.9958
100-200:0249,100-200,190.38,fastest,0.0,town_off,224.4665,129.9663,1.2526,1.0701,62.9812,0.0,179.1622,158.3426,12.6947,38.8434
100-200:0249,100-200,190.38,scenic,0.5,town_off,217.1858,243.8785,6.3972,82.0176,94.3996,0.0,185.9315,154.4026,19.9596,80.9958
